scenario,time,log_capital,log_capability,log_population,log_output,log_wage,log_ai_services,log_inference_compute,log_human_research,log_production_labor,log_automated_research,log_effective_research,human_research_share,ai_share,automated_research_share,inverse_demand_elasticity,inference_share,consumption_share,monopoly_foc_log_error,research_mix_log_error,automation_share_cost_error,capital_growth,capability_growth,output_growth,output_per_capita_growth,wage_growth,production_labor_growth,ai_service_growth,capital_deepening_wage_contribution,ai_substitution_wage_contribution,wage_growth_identity,production_labor_income_share,aggregate_labor_income_share,production_labor_share_growth,aggregate_labor_share_growth,ai_displacement_share_contribution,research_reallocation_share_contribution,production_labor_share_growth_identity,aggregate_labor_share_growth_identity,log_output_per_capita,log_capital_per_production_worker,log_ai_services_per_production_worker,log_human_to_automated_research_ratio,log_automated_research_per_capita,human_research_population_share_growth,human_research_population_share_growth_identity
research_sigma_cd,0.0,0.9200248718261719,0.0,0.0,-0.3180137973185536,-0.8663536547364824,-4.337845144751677,-4.337845144751677,-2.623928545001158,-0.07528126049340636,-5.594714505829026,-3.2554204991313083,0.07251741456988876,0.2,0.10866678168343975,0.8660000000000001,0.01795599300846158,0.7435024038040533,3.8937067126099123e-07,2.3454245656751027e-07,1.1358692708629547e-08,0.01768425721116529,0.022736842105263163,0.01792739441758523,0.005927394417585229,0.005527606342577429,0.012399788075007787,0.04061662691167811,0.0017438748149319757,0.003781056404113823,0.005524931219045798,0.5359999999999999,0.5779084248265804,0.0,-0.0003997880750077343,-0.0,-0.0003997880750077863,-0.0,-0.0003997880750077863,-0.3180137973185536,0.9953061323195782,-4.26256388425827,2.9707859608278686,-5.594714505829026,-0.005127350635014238,-0.005127818267569629
research_sigma_cd,1.0,0.937717235472282,0.022687883605168147,0.012000000000000002,-0.3000864029009684,-0.860826048393905,-4.297228517839999,-4.319916401445167,-2.617055895636172,-0.06288147241839857,-5.5767871114114405,-3.2473436027283755,0.07214654396257303,0.2,0.10920331283220869,0.8660000000000001,0.017956017229118007,0.7435023795833969,-9.595182536396851e-07,7.02175011468853e-07,3.4153067859921116e-08,0.01770016696392182,0.022639144221054563,0.0179218408479275,0.0059218408479275,0.005523310585425489,0.012398530262502025,0.04056172491887411,0.0017495401114685327,0.0037738680839538587,0.005523408195422391,0.5359999999999999,0.577677430107432,0.0,-0.00039853026250197265,-0.0,-0.0003985302625020247,-0.0,-0.0003985302625020247,-0.3120864029009684,1.0005987078906806,-4.2343470454216,2.9597312157752684,-5.58878711141144,-0.00512533019205752,-0.0051247803229234785
research_sigma_cd,2.0,0.9554246141782767,0.04527870985495243,0.024000000000000004,-0.2821701156226986,-0.8553070335656314,-4.256721694913929,-4.302000404768881,-2.610179205385273,-0.05048419996840231,-5.558870824133171,-3.2392583837626816,0.07177786011773737,0.2,0.10974142692199572,0.8660000000000001,0.017956012011064545,0.7435023848014504,-6.689162698053641e-07,-8.651958118832681e-07,-4.2264063818131525e-08,0.017714311586560075,0.022542716322303268,0.017910541133246916,0.005910541133246915,0.005514658523280869,0.012395882609966075,0.04045313001024997,0.0017550815622760201,0.0037596711516380416,0.005514752713914062,0.5359999999999999,0.5774479803595152,0.0,-0.0003958826099660917,-0.0,-0.00039588260996607436,-0.0,-0.00039588260996607436,-0.30617011562269864,1.005908814146679,-4.206237494945526,2.9486916187478984,-5.582870824133171,-0.005119454380390298,-0.005118775913314822
research_sigma_cd,3.0,0.9731452877930795,0.06777375364049791,0.036000000000000004,-0.26426532063447455,-0.8497967313473432,-4.216322257819499,-4.284096011459997,-2.6032948043969526,-0.038089707198466424,-5.540966029144947,-3.231161618415292,0.07141161095808643,0.2,0.11028092227142006,0.8660000000000001,0.017956004798506932,0.743502392014008,-2.672369298767352e-07,-6.54759139351313e-07,-3.21221733240451e-08,0.017726780386460722,0.02244756829017742,0.01789878821520019,0.0058987882152001896,0.005505674758319645,0.012393113456880583,0.04034575470558366,0.0017601100867614462,0.0037456539273262117,0.005505764014087658,0.5359999999999999,0.577220226232881,0.0,-0.0003931134568805894,-0.0,-0.00039311345688058247,-0.0,-0.00039311345688058247,-0.30026532063447453,1.011234994991546,-4.178232550621033,2.9376712247479944,-5.5769660291449465,-0.005111733115995332,-0.005112561301439101
research_sigma_cd,4.0,0.9908776340071497,0.09017427257827743,0.04800000000000001,-0.24637253919229823,-0.8442956840489921,-4.1760301855027615,-4.266204458081039,-2.5964026716172635,-0.025697973054641145,-5.52307324770277,-3.223053351259328,0.0710477799226721,0.2,0.11082176679767708,0.8660000000000001,0.01795598274741143,0.7435024140651035,9.60826288254335e-07,7.911750756761649e-07,3.8981309707919465e-08,0.01773764701959299,0.022353677082131776,0.017886946970904816,0.005886946970904815,0.005496489005595406,0.012390457965309375,0.04024117527144622,0.0017645723879135928,0.0037319961190223363,0.005496568506935929,0.5359999999999999,0.576994153644826,0.0,-0.0003904579653093987,-0.0,-0.0003904579653093744,-0.0,-0.0003904579653093744,-0.2943725391922982,1.0165756070617908,-4.15033221244812,2.926670576085507,-5.5710732477027705,-0.005105209492271223,-0.005106031040285997
research_sigma_cd,5.0,1.0086201000059594,0.11248150883238102,0.06000000000000001,-0.22849142669266492,-0.8388037533361524,-4.1358399072766066,-4.248321416108988,-2.589505223381495,-0.013308791267847675,-5.505192135203138,-3.214935697708943,0.07068617827799364,0.2,0.11136409134692793,0.8660000000000001,0.01795601739301831,0.7435023794194966,-9.686461294594606e-07,9.883368905505563e-07,4.890395274848025e-08,0.017747039258411756,0.022260999402474894,0.017874651593346447,0.0058746515933464465,0.005486783147420626,0.012387868445925824,0.04013666180949693,0.0017685263681203578,0.003718338310718528,0.005486864678838885,0.5359999999999999,0.5767696417199508,0.0,-0.0003878684459258652,-0.0,-0.0003878684459258236,-0.0,-0.0003878684459258236,-0.2884914266926649,1.0219288912738071,-4.1225311160087585,2.9156869118216426,-5.565192135203137,-0.005099275547451709,-0.005098914701494806
research_sigma_cd,6.0,1.0263712183941656,0.13469667006147085,0.07200000000000001,-0.21062323600560534,-0.8333221177541509,-4.095756861883768,-4.230453531945239,-2.582601222712167,-0.000922236162789497,-5.487323944516078,-3.206807701608459,0.07032687783576981,0.2,0.11190776811156623,0.8660000000000001,0.017956011889081254,0.7435023849234337,-6.621228190728523e-07,6.948316189081538e-08,3.452771846212954e-09,0.01775497102432423,0.022169523567678356,0.017861651682572255,0.005861651682572255,0.0054764462085563625,0.012385205474015872,0.04003073379051392,0.0017720226316017588,0.0037045007944107376,0.005476523426012497,0.5359999999999999,0.5765467315568079,0.0,-0.0003852054740158817,-0.0,-0.00038520547401587127,-0.0,-0.00038520547401587127,-0.28262323600560535,1.027293454556955,-4.094834625720978,2.904722721803911,-5.559323944516078,-0.005092103752973864,-0.0050912407345404705
research_sigma_cd,7.0,1.0441295740700254,0.1568209565867313,0.084,-0.1927681233275204,-0.8278508609190397,-4.055778439695579,-4.21259939628231,-2.5756894308874427,0.011461619680184068,-5.469468831837993,-3.1986682874791317,0.06996994887552078,0.2,0.11245272176134773,0.8660000000000001,0.01795599434579407,0.7435024024667208,3.148923375106971e-07,-7.376999762165326e-07,-3.681385557507966e-08,0.01776152710937484,0.02207923931530392,0.017848511172235793,0.005848511172235792,0.005466040393043048,0.012382470779192661,0.039927416257631965,0.0017750885889601196,0.003691022694110866,0.005466111283070986,0.5359999999999999,0.5763254631954461,0.0,-0.00038247077919262296,-0.0,-0.0003824707791926611,-0.0,-0.0003824707791926611,-0.27676812332752043,1.0326679543898414,-4.067240059375763,2.8937794009505504,-5.553468831837993,-0.005083692379224125,-0.0050835696138503035
research_sigma_cd,8.0,1.0618938429763825,0.17885554799327094,0.096,-0.17492621366113376,-0.8223900369680648,-4.015902029368504,-4.1947575773617745,-2.568768607470615,0.023842705395595826,-5.451626922171606,-3.1905163779858734,0.06961546016713215,0.2,0.11299887720122077,0.8660000000000001,0.017955992716362144,0.7435024040961528,4.056381885664262e-07,-1.7604758584255364e-07,-8.822636621275137e-09,0.01776678837008186,0.021990136717286335,0.01783513517116106,0.005835135171161059,0.005455378284686729,0.012379756886474358,0.03982546063136261,0.0017777203895904758,0.003677724301815025,0.005455444691405501,0.5359999999999999,0.5761058756374926,0.0,-0.00037975688647434724,-0.0,-0.00037975688647435765,-0.0,-0.00037975688647435765,-0.2709262136611338,1.0380511375807866,-4.039744734764099,2.8828583147009907,-5.547626922171606,-0.005075260203369458,-0.0050756213982123995
research_sigma_cd,9.0,1.0796627483452266,0.2008016136048422,0.108,-0.1570978529851983,-0.8169401043496662,-3.9761275184328535,-4.176929132037696,-2.5618399512941816,0.036221133453132784,-5.433798561495671,-3.1823530863264353,0.06926330992539735,0.2,0.11354626975610561,0.8660000000000001,0.017955994236303657,0.7435024025762113,3.209900451273118e-07,-1.5310290368830692e-08,-7.705172749838951e-10,0.01777081758507293,0.021902184486242184,0.01782139553395304,0.005821395533953038,0.005444286260811615,0.012377109273141458,0.03972357128447901,0.0017799237429373855,0.0036644259095192314,0.005444349652456617,0.5359999999999999,0.5758879022562623,0.0,-0.0003771092731414405,-0.0,-0.00037710927314145784,-0.0,-0.00037710927314145784,-0.2650978529851983,1.0434416148920937,-4.012348651885986,2.871958610201489,-5.54179856149567,-0.005067417399221785,-0.005067176987670192
research_sigma_cd,10.0,1.0974350939547404,0.22266029388407185,0.12,-0.13928342259322768,-0.8115014644464416,-3.9364548867995457,-4.159115180683617,-2.5549034422690586,0.04859692394187874,-5.4159841311037,-3.1741784481703434,0.06891348220289185,0.2,0.11409487202180886,0.8660000000000001,0.01795598563470409,0.7435024111778108,8.000279374809072e-07,-6.568706889531484e-07,-3.3197339807666815e-08,0.017773669765204184,0.02181536262448981,0.017807402467920702,0.005807402467920702,0.005433010709652075,0.01237439175826862,0.0396229531405623,0.001781761742288736,0.0036513072252273527,0.005433068967516089,0.5359999999999999,0.5756715297179279,0.0,-0.0003743917582685885,-0.0,-0.00037439175826861973,-0.0,-0.00037439175826861973,-0.2592834225932277,1.0488381700128617,-3.9850518107414246,2.8610806888346416,-5.5359841311037,-0.005058333194428943,-0.0050586189513834486
research_sigma_cd,11.0,1.1152097347976715,0.24443271652876264,0.132,-0.12148304804935689,-0.8060740829303621,-3.896881612151729,-4.141314328680491,-2.5479566176830395,0.060969916969670024,-5.398183756559829,-3.1659903083190652,0.06856612864728297,0.2,0.11464454520420085,0.8660000000000001,0.017955994207957664,0.7435024026045572,3.2256868232050095e-07,5.562036187178876e-07,2.822765693411e-08,0.017775413854994357,0.021729672963565764,0.017793233895147198,0.005793233895147198,0.005421538896328515,0.012371694998818683,0.039523696856576196,0.0017832272225379725,0.003638368248939506,0.005421595471477478,0.5359999999999999,0.5754568482908718,0.0,-0.0003716949988187279,-0.0,-0.0003716949988186828,-0.0,-0.0003716949988186828,-0.2534830480493569,1.0542398178280015,-3.957851529121399,2.85022713887679,-5.530183756559829,-0.00504922823421361,-0.005049843897509832
research_sigma_cd,12.0,1.1329855787850385,0.26611999681260584,0.14400000000000002,-0.10369695480293328,-0.8006583866537845,-3.8574074930863933,-4.123527489898999,-2.541001898737486,0.07334031393951611,-5.380397663313405,-3.157790850252436,0.06822106446230272,0.2,0.11519539205658454,0.8660000000000001,0.017956007594786022,0.7435023892177289,-4.2296638652628005e-07,5.744559032905272e-07,2.927582457012967e-08,0.01777610850632845,0.021645075136306497,0.017778790820428964,0.005778790820428963,0.0054096820815859314,0.01236910873884308,0.03942455107206455,0.001784309923270172,0.0036254292726516763,0.005409739195921848,0.5359999999999999,0.5752437402877034,0.0,-0.0003691087388430492,-0.0,-0.0003691087388430804,-0.0,-0.0003691087388430804,-0.2476969548029333,1.0596452648455223,-3.9307478070259094,2.8393957645759196,-5.5243976633134055,-0.005041324076708875,-0.0050405733427429
research_sigma_cd,13.0,1.1507616056628378,0.28772322429052455,0.15600000000000003,-0.08592546640849896,-0.7952547187671902,-3.8180325100076,-4.105755734298125,-2.534039265836457,0.08570813444735619,-5.362626174918971,-3.1495801058538087,0.06787827402222643,0.2,0.11574738720294932,0.8660000000000001,0.017956012392747533,0.7435023844197673,-6.901728268893237e-07,-9.452643134899574e-07,-4.837387670986182e-08,0.017775800906285458,0.021561550467904575,0.017763942202563887,0.005763942202563887,0.005397533049495806,0.012366409153068102,0.039325291961753495,0.0017850992785617276,0.003612490296363842,0.00539758957492557,0.5359999999999999,0.5750321927511652,0.0,-0.0003664091530681257,-0.0,-0.00036640915306810143,-0.0,-0.00036640915306810143,-0.241925466408499,1.0650534712154816,-3.903740644454956,2.828586909082514,-5.518626174918971,-0.00503156629172552,-0.005031123896427726
research_sigma_cd,14.0,1.1685368380192471,0.3092434681879738,0.16800000000000004,-0.06816907039780551,-0.7898633205547929,-3.7787569091628863,-4.08800037735086,-2.527065031320937,0.09807313224565231,-5.3448697789082775,-3.1413548855330147,0.06753798954673622,0.2,0.11630030799434944,0.8660000000000001,0.017955993735321415,0.7435024030771935,3.488906023529914e-07,-3.1033469261032565e-07,-1.5947254544679268e-08,0.017774524269892053,0.02147911185667254,0.01774903405052969,0.005749034050529688,0.0053853478498628315,0.012363686200666836,0.039228021141577196,0.0017855765628443216,0.003599820882081988,0.0053853974449263094,0.5359999999999999,0.5748223455660716,0.0,-0.0003636862006669017,-0.0,-0.0003636862006668358,-0.0,-0.0003636862006668358,-0.23616907039780555,1.0704637057735948,-3.876830041408539,2.8178047475873407,-5.512869778908278,-0.005021176222276269,-0.005021661649195975
research_sigma_cd,15.0,1.1863103536264796,0.330681798846817,0.18000000000000005,-0.050427398307439586,-0.7844840230674646,-3.7395764677244454,-4.070258266571263,-2.5200816182810097,0.11043550684868986,-5.327128106817912,-3.133117305772382,0.0672000277651657,0.2,0.11685428765288831,0.8660000000000001,0.01795600161242424,0.7435023952000906,-8.9798629365756e-08,2.5589526053693135e-08,1.32041140521455e-09,0.01777236612504697,0.02139772090292127,0.017734083360361752,0.005734083360361752,0.005373010141682677,0.012361073218679068,0.039132201396321786,0.0017857266591014079,0.003587331175804124,0.0053730578349055315,0.5359999999999999,0.5746140822837211,0.0,-0.00036107321867895337,-0.0,-0.00036107321867906786,-0.0,-0.00036107321867906786,-0.23042739830743963,1.0758748467777899,-3.8500119745731354,2.807046488536902,-5.507128106817912,-0.0050119874845986345,-0.005011936923003602
research_sigma_cd,16.0,1.2040812812195056,0.3520392549418292,0.19200000000000006,-0.032700903677082005,-0.7791173002714276,-3.7004925063702427,-4.052531761312072,-2.513089006290134,0.12279527868301045,-5.309401612187554,-3.124867416933623,0.06686437223201765,0.2,0.11740929251464112,0.8660000000000001,0.01795600180327558,0.7435023950092393,-1.0042746212413078e-07,-4.1145788243213133e-07,-2.1318529552782906e-08,0.0177693548649331,0.021317359842224014,0.017718806458968922,0.005718806458968922,0.005360413122952379,0.012358393336016515,0.03903631475039182,0.0017856173045424724,0.0035748414695262903,0.0053604587740687624,0.5359999999999999,0.5744073895046612,0.0,-0.0003583933360165048,-0.0,-0.0003583933360165152,-0.0,-0.0003583933360165152,-0.22470090367708206,1.0812860025364952,-3.823287785053253,2.79631260589742,-5.501401612187554,-0.005001554345410497,-0.005002019786935836
research_sigma_cd,17.0,1.2218487866829133,0.3733168646128257,0.20400000000000007,-0.014989785389501742,-0.7737631968215598,-3.6615038382236618,-4.0348207028364875,-2.5060847269718307,0.1351522935207229,-5.291690493899974,-3.1166030813884693,0.06653116949168439,0.2,0.11796517434402684,0.8660000000000001,0.017956000729291315,0.7435023960832237,-4.061546660105719e-08,9.564725766963988e-07,4.976018591618114e-08,0.017765533650139373,0.021238032164249115,0.01770348664745744,0.005703486647457439,0.005347708749093516,0.012355777898363944,0.038941833653979296,0.0017852193980858915,0.0035625314712524566,0.005347750869338348,0.5359999999999999,0.5742023541462267,0.0,-0.00035577789836399587,-0.0,-0.00035577789836394383,-0.0,-0.00035577789836394383,-0.2189897853895018,1.0866964931621905,-3.7966561317443848,2.7856057669281435,-5.495690493899974,-0.004991712412304894,-0.004991930850729593
research_sigma_cd,18.0,1.2396120932455732,0.3945156409181327,0.21600000000000008,0.0027060696178328736,-0.7684218827732405,-3.622608839062284,-4.017124479980417,-2.499072431114744,0.14750683447973834,-5.273994638892639,-3.1083275245629096,0.06620015788218556,0.2,0.1185221185180938,0.8660000000000001,0.017956007334384693,0.7435023894781302,-4.0846420273910056e-07,2.541896737540128e-08,1.3278185634346684e-09,0.017760962913650605,0.02115969035363925,0.01768805005404603,0.005688050054046028,0.005334823106447062,0.01235322694759898,0.03884808759670788,0.001784552868797036,0.0035503113269805923,0.005334864195777628,0.5359999999999999,0.5739988119770688,0.0,-0.0003532269475988725,-0.0,-0.0003532269475989801,-0.0,-0.0003532269475989801,-0.2132939303821672,1.0921052587658349,-3.7701156735420227,2.7749222077778954,-5.4899946388926395,-0.004982461643404434,-0.004981596158848096
research_sigma_cd,19.0,1.2573704634839686,0.4156365751396062,0.2280000000000001,0.020386314718590315,-0.7630935506086657,-3.583807663030246,-3.9994442381698523,-2.4920496502586396,0.15985874741592085,-5.256314393791882,-3.100038627846226,0.06587148380900204,0.2,0.11907996848703682,0.8660000000000001,0.01795600727530598,0.7435023895372089,-4.0517400973216766e-07,-7.744965357936451e-07,-4.062232204782301e-08,0.01775566928588189,0.02108233845365278,0.017672273319413845,0.005672273319413845,0.005321749828561484,0.012350523490852305,0.03875418903345462,0.0017836981123597628,0.00353809118270871,0.005321789295068473,0.5359999999999999,0.5737968499083973,0.0,-0.0003505234908522392,-0.0,-0.00035052349085230514,-0.0,-0.00035052349085230514,-0.20761368528140978,1.0975117160680479,-3.743666410446167,2.764264743533243,-5.484314393791882,-0.004970740776115479,-0.004971226337709123
research_sigma_cd,20.0,1.2751231926263857,0.4366806558337516,0.2400000000000001,0.03805061625666056,-0.7577783831161176,-3.545100460995375,-3.9817811168291266,-2.485013912666975,0.17220788146144295,-5.2386500922538115,-3.0917342746529926,0.06554529080187804,0.2,0.11963856575486156,0.8660000000000001,0.017955986083686367,0.7435024107288286,7.750233347314506e-07,9.965421541302533e-07,5.2480480627892234e-08,0.017749678079263934,0.02100598045078602,0.017656703310010485,0.005656703310010485,0.005308775961060386,0.012347927348950086,0.038663079994061045,0.00178257774100357,0.003526230454444868,0.005308808195448438,0.5359999999999999,0.573596552860175,0.0,-0.0003479273489501167,-0.0,-0.00034792734895008545,-0.0,-0.00034792734895008545,-0.20194938374333954,1.1029153111649428,-3.7173083424568176,2.7536361795868367,-5.478650092253812,-0.004960223896167237,-0.004960848612110286
research_sigma_cd,21.0,1.2928696242825688,0.4576488454930934,0.2520000000000001,0.055699721338611285,-0.7524759986865449,-3.506481503042124,-3.9641303485352175,-2.477970098050974,0.18455460211382102,-5.221000987171861,-3.0834186927732654,0.06522123988116013,0.2,0.12019819523255229,0.8660000000000001,0.017956015948321982,0.743502380864193,-8.881886237044334e-07,4.749353497146558e-07,2.5112344259614616e-08,0.017743084556058858,0.020930560712965774,0.017640994612972583,0.005640994612972582,0.005295556700208537,0.012345437912764101,0.03857207766038373,0.00178122339228727,0.0035143697261810296,0.0052955931184683,0.5359999999999999,0.5733977095626963,0.0,-0.00034543791276414604,-0.0,-0.00034543791276410094,-0.0,-0.00034543791276410094,-0.19630027866138883,1.1083150221687479,-3.691036105155945,2.7430308891208868,-5.473000987171861,-0.00495091161268757,-0.0049501187874444914
research_sigma_cd,22.0,1.3106091410217773,0.4785420877978883,0.2640000000000001,0.07333260548260573,-0.7471872697157005,-3.4679563056746074,-3.9464983934724955,-2.47091573589235,0.19689875728697115,-5.2033681030278665,-3.075089848890792,0.06489947556986415,0.2,0.12075866229772124,0.8660000000000001,0.01795599926573159,0.7435023975467834,4.089264926676606e-08,-5.891083314502055e-07,-3.12745888353394e-08,0.017735861320267887,0.020856083305817768,0.017625014738058165,0.005625014738058164,0.005282174401439632,0.012342840336618588,0.03848096718674676,0.001779696924604269,0.0035025089979171748,0.005282205922521444,0.5359999999999999,0.573200405728193,0.0,-0.00034284033661857727,-0.0,-0.0003428403366185877,-0.0,-0.0003428403366185877,-0.1906673945173944,1.1137103837348061,-3.6648550629615784,2.7324523671355165,-5.467368103027867,-0.004939740515889746,-0.0049393340648211
research_sigma_cd,23.0,1.328341155886245,0.4993613280083935,0.27600000000000013,0.09094975081472761,-0.7419116498836656,-3.4295195686686304,-3.9288808966770237,-2.4638495790827535,0.2092402827870582,-5.185750957695745,-3.0667466099100515,0.06458006035451062,0.2,0.1213199148055145,0.8660000000000001,0.017956005576608352,0.7435023912359066,-3.10570700712276e-07,-3.379667874447989e-07,-1.8013866301402892e-08,0.01772808098042554,0.02078254380958094,0.01760913018430721,0.005609130184307209,0.0052688666064748535,0.012340263577832356,0.038391889187230355,0.001777979742855751,0.0034909178316593313,0.005268897574515082,0.5359999999999999,0.5730046765981236,0.0,-0.00034026357783234484,-0.0,-0.00034026357783235525,-0.0,-0.00034026357783235525,-0.18505024918527252,1.1191008730991867,-3.6387598514556885,2.721901378612991,-5.461750957695744,-0.004928548601733196,-0.004928603028642498
research_sigma_cd,24.0,1.346065115297536,0.5201074845886583,0.28800000000000014,0.10855086585122015,-0.7366495365027508,-3.3911725273001467,-3.911280011888805,-2.4567728330958163,0.22157928444263586,-5.168149842659252,-3.0583900925877363,0.06426289769001367,0.2,0.12188198974748549,0.8660000000000001,0.01795600144226954,0.7435023953702454,-8.032242704292258e-08,-4.802545126025848e-07,-2.5700047062704456e-08,0.017719761477673707,0.020709917098217224,0.017593084252464836,0.005593084252464835,0.005255376382671428,0.012337707869793366,0.03830283223846109,0.0017760776906005126,0.003479326665401475,0.005255404356001987,0.5359999999999999,0.5728104599858396,0.0,-0.00033770786979336886,-0.0,-0.0003377078697933654,-0.0,-0.0003377078697933654,-0.17944913414878,1.1244858308549002,-3.6127518117427826,2.711377009563436,-5.4561498426592525,-0.004917335636829057,-0.004917668512878021
research_sigma_cd,25.0,1.363780509306256,0.5407814666703399,0.30000000000000016,0.12613591931965729,-0.7314008971183228,-3.352913904191708,-3.893695370862048,-2.4496842503564116,0.23391569852664493,-5.150564789190815,-3.0500192272654703,0.06394804959316913,0.2,0.1224448070206312,0.8660000000000001,0.01795599403646767,0.7435024027760473,3.3211925321019464e-07,3.277853108940576e-07,1.7610605002049695e-08,0.017710935422583785,0.02063819877356662,0.01757706640589246,0.005577066405892461,0.005241893793148822,0.012335172612743625,0.0382151368451884,0.0017740017272472527,0.0034679152071475997,0.005241916934394852,0.5359999999999999,0.5726177908897485,0.0,-0.0003351726127435728,-0.0,-0.00033517261274362484,-0.0,-0.00033517261274362484,-0.17386408068034287,1.1298648107796112,-3.5868296027183533,2.7008805388344035,-5.450564789190815,-0.004906102220935349,-0.004906721180405183
research_sigma_cd,26.0,1.3814868458927279,0.5613841738274089,0.31200000000000017,0.14370499866300507,-0.7261657489164531,-3.31474225360977,-3.8761264274371787,-2.442585037537687,0.2462496296681231,-5.132995709847467,-3.0416350851049225,0.06363542050149729,0.2,0.12300842415745988,0.8660000000000001,0.01795599159591645,0.7435024052165985,4.6803773157133577e-07,7.576644267537347e-07,4.086741009490247e-08,0.01770164224405095,0.020567364758622194,0.017561112722656647,0.005561112722656646,0.005228413166215529,0.012332699556441132,0.03812884475717038,0.00177175108691124,0.0034566834568977183,0.0052284345438089585,0.5359999999999999,0.5724266078999596,0.0,-0.0003326995564411628,-0.0,-0.00033269955644113156,-0.0,-0.00033269955644113156,-0.1682950013369951,1.1352372162246047,-3.560991883277893,2.6904106723097803,-5.4449957098474675,-0.004895462255387617,-0.004895713609774411
research_sigma_cd,27.0,1.3991836642331854,0.581916480009388,0.3240000000000002,0.16125814476497058,-0.7209440707858917,-3.2766562146773675,-3.8585726946867553,-2.435475174867187,0.2585810976395272,-5.115442563745502,-3.0332376653996045,0.06332499418848841,0.2,0.12357283079800754,0.8660000000000001,0.017956002129774315,0.7435023946827406,-1.186107262407532e-07,8.304940841696862e-07,4.497232157507636e-08,0.017691916096265595,0.02049740138195715,0.01754511588542146,0.005545115885421458,0.005214869698414282,0.012330246187007135,0.03804324290827488,0.0017693510700552918,0.003445541560649877,0.005214892630705169,0.5359999999999999,0.5722368982565335,0.0,-0.000330246187007166,-0.0,-0.0003302461870071348,-0.0,-0.0003302461870071348,-0.1627418552350296,1.140602566593658,-3.5352373123168945,2.679967388878315,-5.4394425637455015,-0.004884802602971083,-0.004884623511407105
research_sigma_cd,28.0,1.4168705391016783,0.6023792555947571,0.3360000000000002,0.17879523043384798,-0.7157360095196246,-3.23865576779322,-3.8410350233879775,-2.428354642743629,0.2709101220421374,-5.097905478076624,-3.0248269885932806,0.06301675454786033,0.2,0.12413800741459649,0.8660000000000001,0.01795601264534913,0.7435023841671657,-7.042406269253121e-07,3.994812991514607e-07,2.1717352347017105e-08,0.01768177733769033,0.02042829499422096,0.017528996999157,0.005528996999156998,0.005201184665156344,0.012327812334000626,0.03795766057580674,0.0017668084512176023,0.0034343996644020185,0.00520120811561962,0.5359999999999999,0.5720486493238778,0.0,-0.00032781233400053233,-0.0,-0.000327812334000626,-0.0,-0.000327812334000626,-0.1572047695661522,1.1459604170595408,-3.5095658898353577,2.6695508353329953,-5.433905478076625,-0.0048741234341267425,-0.0048733723311556905
research_sigma_cd,29.0,1.4345470767845465,0.6227733477462434,0.3480000000000002,0.19631613876328458,-0.710541701455579,-3.200740893525754,-3.8235142412719973,-2.4212234217354403,0.28323672230752844,-5.080384569747188,-3.0164030745107175,0.0627106855928484,0.2,0.12470393486823082,0.8660000000000001,0.01795601037905885,0.7435023864334561,-5.780271703503814e-07,-6.717118581356374e-07,-3.665964098953367e-08,0.01767124488604474,0.02036003230652904,0.01751279809988804,0.005512798099888038,0.005187482105678876,0.012325315994209163,0.037872686308807246,0.0017641565343057407,0.0034233476221561428,0.005187504156461883,0.5359999999999999,0.5718618485894372,0.0,-0.00032531599420915214,-0.0,-0.00032531599420916255,-0.0,-0.00032531599420916255,-0.15168386123671562,1.151310354477018,-3.4839776158332825,2.6591611480117474,-5.4283845697471875,-0.004862195449882645,-0.004862166111469713
research_sigma_cd,30.0,1.4522128952326585,0.643099603471855,0.3600000000000002,0.21382082663362406,-0.7053610453082668,-3.1629103951756057,-3.8060099986474607,-2.4140790336433944,0.2955607540305557,-5.062879881876849,-3.0079637834686874,0.06240692490993508,0.2,0.12527046317707033,0.8660000000000001,0.01795600238422237,0.7435023944282926,-1.3278136745675795e-07,3.408044730868198e-07,1.8672296653310383e-08,0.01766034185768689,0.02029261993425487,0.017496671807616243,0.005496671807616243,0.005173832182032545,0.012322839625583726,0.03778907311748125,0.0017613757365940441,0.0034124752879142683,0.005173851024508312,0.5359999999999999,0.5716765772278255,0.0,-0.00032283962558371515,-0.0,-0.00032283962558372556,-0.0,-0.00032283962558372556,-0.14617917336637615,1.1566521412021027,-3.4584711492061615,2.648800848233454,-5.422879881876849,-0.004850247494472493,-0.004850992556448847
research_sigma_cd,31.0,1.469867646303097,0.6633588569693926,0.3720000000000002,0.23130948237851706,-0.700194037091514,-3.1251627472907915,-3.788521604260184,-2.406923916724385,0.3078824015586959,-5.045391226131955,-2.9995112503425485,0.06210530190938516,0.2,0.12583772330302145,0.8660000000000001,0.017955997691285017,0.74350239912123,1.2857624887008257e-07,8.1841209498279e-07,4.501371844711777e-08,0.017649104724422993,0.020226025598311728,0.017480681936923967,0.005480681936923967,0.005160217048994498,0.012320464887929455,0.0377069026616339,0.0017584511460428673,0.003401782661676395,0.005160233807719262,0.5359999999999999,0.5714927284387039,0.0,-0.0003204648879294725,-0.0,-0.00032046488792945513,-0.0,-0.00032046488792945513,-0.14069051762148316,1.1619852447444012,-3.4330451488494873,2.63846730940757,-5.417391226131955,-0.004839509210276205,-0.004839752161065029
research_sigma_cd,32.0,1.4875110031134757,0.6835519167506322,0.38400000000000023,0.248782190507472,-0.6950406112102778,-3.087496589852338,-3.77104850660297,-2.3997580520639468,0.3202016838064146,-5.027918518003,-2.9910454707860574,0.061805800971933354,0.2,0.12640570698293774,0.8660000000000001,0.01795600468565489,0.74350239212686,-2.609520101115592e-07,8.267060507272106e-07,4.56454531949646e-08,0.01763756147885011,0.020160237037979138,0.017464601373301386,0.005464601373301386,0.005146492390447954,0.012318108982853432,0.037624751038364934,0.0017554193236789034,0.003391090035438541,0.005146509359117445,0.5359999999999999,0.5713102900820272,0.0,-0.0003181089828533934,-0.0,-0.00031810898285343156,-0.0,-0.00031810898285343156,-0.13521780949252823,1.1673093193070612,-3.4076982736587524,2.6281604659390534,-5.4119185180030005,-0.0048287520935015316,-0.004828383407594523
research_sigma_cd,33.0,1.5051426664203762,0.7036795889368876,0.39600000000000024,0.26623868512511983,-0.689901052310618,-3.0499132452140616,-3.7535928341509495,-2.3925814209113883,0.33251861952440276,-5.010462023385353,-2.9825664851199143,0.06150840659489129,0.2,0.1269743865425211,0.8660000000000001,0.017955989922851107,0.7435024068896638,5.612136166899262e-07,8.104028115241135e-08,4.491734151290672e-09,0.017625714533498843,0.020095241771507465,0.017448500206859827,0.005448500206859826,0.005132768594035775,0.012315731612824093,0.03754324850239632,0.0017522943638226675,0.0033804872632026777,0.005132781627025345,0.5359999999999999,0.5711292501355743,0.0,-0.00031573161282405504,-0.0,-0.0003157316128240932,-0.0,-0.0003157316128240932,-0.1297613148748804,1.1726240468959734,-3.3824318647384644,2.6178806024739645,-5.406462023385353,-0.004817360790587699,-0.004817036981211723
research_sigma_cd,34.0,1.5227623531926577,0.7237426626323743,0.40800000000000025,0.28367919092119165,-0.6847750740222063,-3.0124100928475452,-3.7361527554799197,-2.385392773645122,0.3448331470320628,-4.9930215175892805,-2.9740731980407396,0.06121317874685195,0.2,0.12754369282392639,0.8660000000000001,0.017955982253399793,0.7435024145591151,9.883386588027676e-07,1.790872983242764e-07,9.964085612157447e-09,0.017613598377476614,0.020031037840663013,0.01743268136385312,0.0054326813638531195,0.005119308228750563,0.012313373135102557,0.03746444706775032,0.001749074329983439,0.0033702439069747993,0.005119318236958238,0.5359999999999999,0.5709496425232253,0.0,-0.00031337313510260145,-0.0,-0.00031337313510255635,-0.0,-0.00031337313510255635,-0.1243208090788086,1.177929206160595,-3.357243239879608,2.6076287439441583,-5.401021517589281,-0.0048059505953661485,-0.004805935093648007
research_sigma_cd,35.0,1.5403698025195256,0.7437419184149004,0.42000000000000026,0.3011040478528261,-0.6796624358531169,-2.974984351078561,-3.7187262694934615,-2.3781933221021205,0.35714536579460787,-4.975596660657646,-2.965566648106805,0.06092002612573371,0.2,0.12811369965751823,0.8660000000000001,0.01795601150470312,0.7435023853078118,-6.407161646793114e-07,5.003684488968929e-08,2.7945722680389196e-09,0.017601253775648015,0.019967604206342922,0.01741670272530177,0.005416702725301769,0.0051056689569207725,0.012311033768380969,0.037384994191850485,0.0017457726023981253,0.0033599106967449146,0.00510568329914304,0.5359999999999999,0.5707714091577094,0.0,-0.00031103376838093055,-0.0,-0.0003110337683809687,-0.0,-0.0003110337683809687,-0.11889595214717419,1.1832244367249176,-3.332129716873169,2.5974033385555257,-5.395596660657646,-0.004794521289144704,-0.004794635188539776
research_sigma_cd,36.0,1.5579647738213946,0.7636781253111814,0.4320000000000003,0.3185125963717952,-0.6745637361083647,-2.9376401044638443,-3.701318229775026,-2.3709818162234115,0.36945521456882474,-4.958188112138677,-2.9570458540498756,0.06062900826350156,0.2,0.12868428808386587,0.8660000000000001,0.017956002368677216,0.7435023944438377,-1.319156314183445e-07,4.0688608882177846e-07,2.2810976774145786e-08,0.017588652536407165,0.019904938275748067,0.017400658760601345,0.005400658760601345,0.005091945799330533,0.012308712961270812,0.037305559875562055,0.0017423800597949964,0.003349577486515026,0.005091957546310023,0.5359999999999999,0.5705945837322093,0.0,-0.00030871296127071846,-0.0,-0.00030871296127081213,-0.0,-0.00030871296127081213,-0.11348740362820509,1.1885095592525698,-3.307095319032669,2.5872062959152653,-5.390188112138677,-0.004783073423311857,-0.004783232838059721
research_sigma_cd,37.0,1.5755470363985244,0.783552040847924,0.4440000000000003,0.33590536537402876,-0.6694785442544559,-2.900373231327437,-3.683925272175361,-2.3637594689487442,0.3817627917171495,-4.940795343136443,-2.9485118301711957,0.06034003477410152,0.2,0.12925554295499225,0.8660000000000001,0.017956005755133453,0.7435023910573815,-3.2051306275704405e-07,3.688663401391068e-07,2.075768398834832e-08,0.017575846134419384,0.01984301975788004,0.017384762696755984,0.005384762696755984,0.005078312392956863,0.012306450303799177,0.03722752481341973,0.0017389006241046686,0.003339423984289154,0.005078324608393823,0.5359999999999999,0.5704191088647085,0.0,-0.00030645030379916616,-0.0,-0.00030645030379917657,-0.0,-0.00030645030379917657,-0.10809463462597152,1.193784244681375,-3.282136023044586,2.577035874187699,-5.384795343136443,-0.004772223058932656,-0.004771862089157742
research_sigma_cd,38.0,1.5931163920572815,0.8033644069403413,0.4560000000000003,0.35328212176530716,-0.664407111322451,-2.863185054837005,-3.666549461777346,-2.356526262341277,0.3940681151764231,-4.923418586745165,-2.939964614822685,0.06005309073983438,0.2,0.12982743797954124,0.8660000000000001,0.017955988768881007,0.7435024080436339,6.254802010774441e-07,-3.1505346109739207e-07,-1.779615402264234e-08,0.017562832329219555,0.019781837417746938,0.01736896779284952,0.005368967792849521,0.0050648014744226755,0.012304166318426846,0.0371508095278843,0.001735359783561594,0.003329450190067298,0.005064809973628892,0.5359999999999999,0.5702449731143717,0.0,-0.0003041663184269461,-0.0,-0.00030416631842684547,-0.0,-0.00030416631842684547,-0.10271787823469314,1.1990482768808584,-3.2572531700134277,2.5668923244038884,-5.379418586745166,-0.004760738371361928,-0.00476063515599583
research_sigma_cd,39.0,1.610672649546623,0.8231159624523655,0.4680000000000003,0.3706433009597278,-0.6593489413056105,-2.8260716122716683,-3.6491875747240337,-2.349280945691468,0.4063711243540032,-4.906057407550745,-2.9314030879140227,0.05976823504512511,0.2,0.13039991461052794,0.8660000000000001,0.01795600147919181,0.7435023953333231,-8.237869064675607e-08,1.6243560851947336e-07,9.209755791328433e-09,0.017549653572575222,0.01972139046860576,0.0173532152703475,0.005353215270347499,0.00505131486179361,0.012301900408553862,0.037074782870101686,0.0017317585441270489,0.003319566249847408,0.005051324793974457,0.5359999999999999,0.5700722098298013,0.0,-0.0003019004085538235,-0.0,-0.00030190040855386166,-0.0,-0.00030190040855386166,-0.0973566990402725,1.20430152519262,-3.2324427366256714,2.5567764618592768,-5.374057407550745,-0.00474923560829188,-0.0047494144532397205
research_sigma_cd,40.0,1.628215639007397,0.8428074293116,0.4800000000000003,0.38798855230600215,-0.6543044815988638,-2.7890354890968014,-3.6318429184084016,-2.3420247335578606,0.4186719159935308,-4.888712156204471,-2.9228283767373844,0.05948537865272203,0.2,0.13097300912383272,0.8660000000000001,0.01795599079482391,0.743502406017691,5.12651951445342e-07,4.2636435271248274e-08,2.4264199260937147e-09,0.017536297751963595,0.01966165837475727,0.017337421010627463,0.005337421010627463,0.005037768224094796,0.012299652786532639,0.03699877450017097,0.0017280928385922155,0.0033096823096275363,0.005037775148219752,0.5359999999999999,0.5699007626613877,0.0,-0.0002996527865326004,-0.0,-0.0002996527865326386,-0.0,-0.0002996527865326386,-0.09201144769399816,1.2095437230138661,-3.207707405090332,2.54668742264661,-5.368712156204471,-0.004737714557369932,-0.00473811543756213
research_sigma_cd,41.0,1.6457452030861568,0.8624395190079378,0.4920000000000003,0.40531814298098273,-0.6492734048574209,-2.7520740632713263,-3.614513582279264,-2.334756374806208,0.43097042992706847,-4.87138256552949,-2.9142393841679386,0.05920458002448765,0.2,0.13154665292600118,0.8660000000000001,0.017955986224201675,0.7435024105883132,7.671977945156172e-07,9.641959923811783e-07,5.5075892652078906e-08,0.017522793638900205,0.019602640551124137,0.01732190967311592,0.00532190967311592,0.005024409482066949,0.012297500191048971,0.036924872813538956,0.0017243468377909073,0.0033000679314136574,0.005024414769204564,0.5359999999999999,0.5697306647325635,0.0,-0.00029750019104901604,-0.0,-0.00029750019104897094,-0.0,-0.00029750019104897094,-0.0866818570190176,1.2147747731590883,-3.1830444931983948,2.5366261907232817,-5.3633825655294896,-0.004727409782095737,-0.0047269092910179784
research_sigma_cd,42.0,1.6632611942419389,0.8820129327496307,0.5040000000000003,0.422632371652234,-0.6442556626347299,-2.7151857434697235,-3.597198676219354,-2.327479553122052,0.44326691637562876,-4.854068336858239,-2.905639294180914,0.05892560557756943,0.2,0.1321210612743085,0.8660000000000001,0.017955998387387224,0.7435023984251277,8.980913590583839e-08,-9.583457201145507e-07,-5.494440710740456e-08,0.017509171446563068,0.019544298847390847,0.017306340167167283,0.005306340167167283,0.005011013783776996,0.012295326383390343,0.03685094991473181,0.0017205688708469996,0.0032904535531997564,0.0050110224240467564,0.5359999999999999,0.5695617723495296,0.0,-0.00029532638339030415,-0.0,-0.0002953263833903423,-0.0,-0.0002953263833903423,-0.08136762834776634,1.2199942778663102,-3.158452659845352,2.526588783736187,-5.358068336858239,-0.004716470567903697,-0.0047156874003867096
research_sigma_cd,43.0,1.680763493614011,0.9015283573564503,0.5160000000000003,0.4399308233153173,-0.6392513772898669,-2.6783721634418627,-3.5799005207983132,-2.3201893159420153,0.45556108269384915,-4.836769885195155,-2.8970238862174718,0.058648732466415415,0.2,0.1326959147150975,0.8660000000000001,0.017955993068066358,0.7435024037444485,3.8605117791412624e-07,-6.021390412946914e-07,-3.46494052338997e-08,0.01749541125916694,0.01948666060240035,0.017290780744057432,0.005290780744057432,0.00499768835117792,0.012293092392879512,0.036777637385326356,0.0017167652258748515,0.0032809290289878765,0.004997694254862728,0.5359999999999999,0.5693942511007211,0.0,-0.0002930923928795015,-0.0,-0.0002930923928795119,-0.0,-0.0002930923928795119,-0.07606917668468305,1.2252024109201618,-3.1339332461357117,2.5165805692531396,-5.352769885195155,-0.004704280234378633,-0.004704595958298408
research_sigma_cd,44.0,1.698251980980365,0.9209864852385287,0.5280000000000004,0.45721393314034886,-0.634260285932374,-2.641630468699071,-3.5626169539375994,-2.3128881135908093,0.4678531011613878,-4.819486775370123,-2.888395255226984,0.05837380037118385,0.2,0.13327136586727448,0.8660000000000001,0.01795600127459779,0.7435023955379171,-7.09845039414958e-08,-3.268978816528545e-07,-1.8880006114052605e-08,0.01748155064093057,0.01942969758629038,0.017275428793662506,0.005275428793662506,0.004984475820266843,0.012290952973395608,0.036705760531455356,0.0017128972302865378,0.0032715842127800055,0.004984481443066543,0.5359999999999999,0.5692280017392126,0.0,-0.00029095297339565285,-0.0,-0.00029095297339560774,-0.0,-0.00029095297339560774,-0.0707860668596515,1.230398879818977,-3.1094835698604584,2.506598661779314,-5.347486775370124,-0.004693306632012062,-0.004693522846871179
research_sigma_cd,45.0,1.7157265608182986,0.9403879806285422,0.5400000000000004,0.4744816809026423,-0.6292824256493332,-2.604960642378952,-3.545348623007494,-2.3055759292060394,0.48014298864064037,-4.80221902760783,-2.87975341368253,0.05810079515729048,0.2,0.1338474003309089,0.8660000000000001,0.017956011745962803,0.7435023850665521,-6.541523158709595e-07,-1.6970932303905784e-07,-9.837394232548036e-09,0.01746759473505831,0.019373400254282667,0.017259965347026895,0.005259965347026895,0.004971135003712268,0.012288830343314627,0.03663322991473361,0.001708992249275415,0.0032621495425701435,0.004971141791845559,0.5359999999999999,0.569063013583824,0.0,-0.00028883034331456114,-0.0,-0.00028883034331462706,-0.0,-0.00028883034331462706,-0.06551831909735806,1.2355835721776582,-3.0851036310195923,2.4966430984017904,-5.34221902760783,-0.004682316240242512,-0.004682304660397641
research_sigma_cd,46.0,1.73318712931028,0.9597335074104257,0.5520000000000004,0.49173386383440265,-0.6243180159249495,-2.5683640088696036,-3.528097516280029,-2.2982527460712943,0.49243076184801704,-4.78496684467607,-2.871098398975815,0.05782970279739927,0.2,0.1344239930177072,0.8660000000000001,0.01795599242163623,0.7435024043908787,4.220519796982458e-07,-3.5005757048622854e-07,-2.0365332642491296e-08,0.017453536927305613,0.01931775896689401,0.017244663515169123,0.005244663515169123,0.0049579391578840615,0.01228672435728509,0.03656205704657034,0.001705048148106773,0.003252894580364223,0.004957942728470996,0.5359999999999999,0.5688992760559725,0.0,-0.00028672435728499535,-0.0,-0.000286724357285089,-0.0,-0.000286724357285089,-0.06026613616559773,1.240756367462263,-3.060794770717621,2.486714098604776,-5.336966844676071,-0.004671309204421492,-0.004671214800599
research_sigma_cd,47.0,1.750633613032989,0.9790237174567114,0.5640000000000004,0.5089710079329806,-0.6193665473335651,-2.5318365282858113,-3.5108602457425224,-2.2909185476148823,0.5047164373552105,-4.767729700577492,-2.8624301509141308,0.0575605093707297,0.2,0.13500116116879585,0.8660000000000001,0.017955994691972833,0.7435024021205421,2.956130509268462e-07,-3.585169676689759e-07,-2.093306272765716e-08,0.01743941770714663,0.01926276513124672,0.01722961969001413,0.0052296196900141305,0.004944984818795906,0.012284634871218225,0.03649291233513097,0.0017010783358563741,0.0032439091801643068,0.004944987516020681,0.5359999999999999,0.5687367786786086,0.0,-0.0002846348712182145,-0.0,-0.0002846348712182249,-0.0,-0.0002846348712182249,-0.05502899206701983,1.2459171756777785,-3.0365529656410217,2.47681115296261,-5.331729700577492,-0.0046602856686377425,-0.004660349947577681
research_sigma_cd,48.0,1.7680659483777563,0.9982592536120753,0.5760000000000004,0.5261931032144309,-0.6144280462873577,-2.4953781841993417,-3.493637437811417,-2.2835733174085697,0.5170000315904535,-4.7505076052960415,-2.853748681087006,0.05729320106236586,0.2,0.13557889101113016,0.8660000000000001,0.01795600748831081,0.7435023893242041,-4.1703660436098744e-07,-2.2149969103324452e-07,-1.2979578384308965e-08,0.01742524073003432,0.019208409701682482,0.017214476234792997,0.005214476234792997,0.00493191449251551,0.012282561742277487,0.03642311342856441,0.0016970840659597548,0.0032348339259624477,0.004931917991922202,0.5359999999999999,0.5685755110751669,0.0,-0.0002825617422775317,-0.0,-0.0002825617422774866,-0.0,-0.0002825617422774866,-0.04980689678556949,1.2510659167873028,-3.012378215789795,2.466934287887472,-5.326507605296042,-0.004649245775727673,-0.0046493527502380234
research_sigma_cd,49.0,1.7854840732845323,1.0174407497252995,0.5880000000000004,0.5433999604025666,-0.6095027183485341,-2.4589903014286825,-3.476431051153982,-2.2762170391663377,0.5292815608397655,-4.733300748107906,-2.8450540258449872,0.05702776416256712,0.2,0.13615715816988427,0.8660000000000001,0.017955999039460015,0.7435023977730549,5.3494096263762e-08,-1.4456794694694963e-07,-8.501924553261375e-09,0.017410997457871308,0.019154683590746718,0.01719941412454906,0.0051994141245490615,0.0049189092956805625,0.0122805048288685,0.03635400128978317,0.0016930625675709268,0.003225848525762565,0.004918911093333492,0.5359999999999999,0.5684154629685254,0.0,-0.0002805048288685441,-0.0,-0.000280504828868499,-0.0,-0.000280504828868499,-0.04460003959743386,1.2562025124447667,-2.988271862268448,2.4570837089415685,-5.321300748107906,-0.004638189667286241,-0.0046384044668120634
research_sigma_cd,50.0,1.8028879323986327,1.0365688278517795,0.6000000000000004,0.560591931463529,-0.6045902276959966,-2.4226701816197753,-3.459239009471555,-2.268849696743142,0.5415610412481905,-4.716108777046943,-2.836346148293337,0.056764185066080816,0.2,0.13673597000628368,0.8660000000000001,0.017956000307539022,0.7435023965049758,-1.7127368412417354e-08,2.0809936085441905e-07,1.2281945183101328e-08,0.017396715386013506,0.019101578530368035,0.017184528281097622,0.005184528281097622,0.0049060642904692475,0.012278463990628374,0.03628624633067812,0.0016890229604770936,0.003217042833566665,0.004906065794043759,0.5359999999999999,0.5682566241799786,0.0,-0.0002784639906283637,-0.0,-0.0002784639906283741,-0.0,-0.0002784639906283741,-0.039408068536471386,1.2613268911504423,-2.9642312228679657,2.4472590803038012,-5.316108777046944,-0.004627117483676058,-0.004627600299840873
research_sigma_cd,51.0,1.8202774949439864,1.0556441079425463,0.6120000000000004,0.5777690169647618,-0.5996905897675956,-2.3864178087673262,-3.4420619167098723,-2.2614712741336898,0.5538384888210223,-4.69893169154571,-2.82762505929625,0.056502450271456624,0.2,0.13731531331669097,0.8660000000000001,0.017956000437907647,0.7435023963746072,-2.4387817987303606e-08,8.210643822614827e-07,4.863156147227876e-08,0.01738239665239978,0.019049085958177708,0.017169690655498726,0.005169690655498726,0.004893177816200356,0.01227651283929837,0.03621858105848341,0.0016849416583234657,0.0032082371413707953,0.004893178799694261,0.5359999999999999,0.568098984628221,0.0,-0.00027651283929835957,-0.0,-0.00027651283929837,-0.0,-0.00027651283929837,-0.03423098303523864,1.266439006122964,-2.9402562975883484,2.4374604174120207,-5.3109316915457105,-0.00461726691534059,-0.004616664976901986
research_sigma_cd,52.0,1.8376527197428631,1.0746671921017736,0.6240000000000004,0.5949313127745265,-0.5948038720635959,-2.3502330195028085,-3.424900211604582,-2.2540842305738233,0.5661140669267872,-4.681769395735946,-2.8188928906915685,0.056242407174462286,0.2,0.13789532763579868,0.8660000000000001,0.01795598983122099,0.7435024069812939,5.663166564584543e-07,-9.95777515999663e-07,-5.918912887592498e-08,0.01736805051420519,0.018997179402379456,0.0171549835885888,0.005154983588588801,0.004880480191834458,0.012274503396754344,0.03615219859958185,0.0016808705487587788,0.0031996111571788856,0.004880481705937664,0.5359999999999999,0.5679424505558224,0.0,-0.0002745033967543331,-0.0,-0.0002745033967543435,-0.0,-0.0002745033967543435,-0.029068687225473955,1.271538652816076,-2.916347086429596,2.427685165162123,-5.305769395735947,-0.004606163336033697,-0.004605976795080114
research_sigma_cd,53.0,1.8550135867960138,1.093638677597308,0.6360000000000005,0.6120789841419394,-0.5899296293839267,-2.3141134115681625,-3.4077520891654705,-2.246683600805757,0.578387495614531,-4.6646217243685335,-2.8101453625570754,0.055984321491900926,0.2,0.13847571587031984,0.8660000000000001,0.017955997930661646,0.7435023988818533,1.152449575769765e-07,4.479824760039719e-07,2.672219545640786e-08,0.017353689467390007,0.01894588738386463,0.01714037282146552,0.005140372821465521,0.004867863878192602,0.01227250894327292,0.03608650168199645,0.001676789572958639,0.003191075026988953,0.004867864599947592,0.5359999999999999,0.567787180025529,0.0,-0.0002725089432729644,-0.0,-0.0002725089432729193,-0.0,-0.0002725089432729193,-0.023921015858061057,1.2766260911814828,-2.8925009071826935,2.4179381235627764,-5.300621724368534,-0.004595044767664369,-0.004595354934919683
research_sigma_cd,54.0,1.8723600943033702,1.1125591568875026,0.6480000000000005,0.6292120584174575,-0.5850681443072107,-2.2780600161388156,-3.390619173026318,-2.239274320109152,0.5906590848133331,-4.647488650093015,-2.8013867492548306,0.055727902211340954,0.2,0.13905676124597585,0.8660000000000001,0.017955995091165605,0.7435024017213493,2.733813233568583e-07,-3.7544300557357246e-07,-2.2474015787254942e-08,0.017339315485768003,0.018895165422859198,0.01712581828742238,0.005125818287422378,0.004855214847745093,0.012270603439677286,0.0360208937142974,0.001672674975209937,0.0031825388967990946,0.0048552138720090315,0.5359999999999999,0.567632996098508,0.0,-0.00027060343967727496,-0.0,-0.00027060343967728537,-0.0,-0.00027060343967728537,-0.018787941582542933,1.2817010094900372,-2.8687191009521484,2.408214329983863,-5.295488650093016,-0.004585148551594642,-0.0045846114080678076
research_sigma_cd,55.0,1.889692223681102,1.131429208115117,0.6600000000000005,0.6463306207167842,-0.5802191996884365,-2.2420716241395677,-3.3735008322546847,-2.2318538979089464,0.6029287024938855,-4.630370087793688,-2.7926149167827656,0.055473275434126765,0.2,0.13963830851478068,0.8660000000000001,0.017955991113415875,0.7435024056990991,4.949090164352299e-07,-6.263045788656996e-07,-3.7621948500987656e-08,0.017324935560491875,0.01884502396284846,0.017111401088083067,0.005111401088083067,0.004842761497378945,0.012268639590704122,0.035956568505727926,0.0016685776700299585,0.0031741824746131892,0.004842760144643148,0.5359999999999999,0.5674799728365104,0.0,-0.0002686395907040562,-0.0,-0.0002686395907041221,-0.0,-0.0002686395907041221,-0.01366937928321632,1.2867635211872166,-2.8450003266334534,2.3985161898847416,-5.290370087793688,-0.004573999378717275,-0.0045741219066748225
research_sigma_cd,56.0,1.907009973622753,1.1502494019363734,0.6720000000000005,0.6634348605936237,-0.5753826213124528,-2.2061468791273597,-3.3563962810637333,-2.2244223188665866,0.6151963639947413,-4.613265847916849,-2.783829850403325,0.05522042815619963,0.2,0.14022035587150272,0.8660000000000001,0.01795599670337018,0.7435024001091447,1.8359490439046056e-07,-1.30387090457873e-07,-7.859643214036538e-09,0.017310562543583402,0.018795455470606345,0.017097109339785976,0.005097109339785976,0.004830382285179791,0.012266727054606186,0.03589296516228746,0.0016644657113624815,0.00316591590642929,0.004830381617791772,0.5359999999999999,0.5673281006213546,0.0,-0.0002667270546062306,-0.0,-0.0002667270546061855,-0.0,-0.0002667270546061855,-0.00856513940637682,1.2918136096280117,-2.821343243122101,2.3888435290502623,-5.2852658479168495,-0.004563454544057155,-0.004563655230573605
research_sigma_cd,57.0,1.9243133528130443,1.169020303046931,0.6840000000000005,0.6805248393963561,-0.5705584351180769,-2.170285693814993,-3.339305996861924,-2.2169808069970607,0.6274621566030979,-4.596175869114116,-2.7750326180306795,0.0549692793542083,0.2,0.14080296882996515,0.8660000000000001,0.017956002187115832,0.7435023946253991,-1.218041723038965e-07,-2.2493154538949511e-07,-1.3605827769991308e-08,0.01729619997599305,0.018746443407798123,0.01708283154813456,0.005082831548134558,0.004818002216586292,0.012264829331548266,0.03582937663188712,0.0016603523126667782,0.0031576493382454063,0.004818001650912184,0.5359999999999999,0.5671773290435695,0.0,-0.0002648293315482553,-0.0,-0.0002648293315482657,-0.0,-0.0002648293315482657,-0.0034751606036443894,1.2968511962099463,-2.797747850418091,2.3791950621170557,-5.2801758691141165,-0.004552894896357129,-0.004553172885038027
research_sigma_cd,58.0,1.9416023770030668,1.1877424717464686,0.6960000000000005,0.6976005236898928,-0.5657466168792802,-2.1344881258635855,-3.322230597610054,-2.209528108659301,0.6397260226578378,-4.57910018482058,-2.766222170787783,0.05471988492442834,0.2,0.14138605779965238,0.8660000000000001,0.01795599706890777,0.7435023997436072,1.632374946325399e-07,4.2559027146893413e-07,2.5832484928933752e-08,0.017281844543004035,0.01869798925710212,0.0170687478163154,0.005068747816315399,0.00480580184829843,0.01226294596801697,0.03576714356552069,0.0016562365297457318,0.0031495624780654976,0.0048057990078112294,0.5359999999999999,0.5670276899426248,0.0,-0.0002629459680169033,-0.0,-0.0002629459680169692,-0.0,-0.0002629459680169692,0.0016005236898922748,1.301876354345229,-2.7742141485214233,2.369572076161279,-5.27510018482058,-0.0045423208891302025,-0.004542855880281461
research_sigma_cd,59.0,1.9588770591141265,1.206416457889935,0.7080000000000005,0.7146623350289869,-0.56094683142148,-2.0987514066839514,-3.3051678645738862,-2.202065448775321,0.6519880485391318,-4.562038373481485,-2.7573995250406935,0.05447216461605717,0.2,0.1419697107488535,0.8660000000000001,0.017956013618905343,0.7435023831936096,-7.584595789200677e-07,8.450507564816689e-07,5.1469630446554504e-08,0.017267523729112333,0.01865007723106216,0.017054727373998824,0.005054727373998823,0.004793579099246104,0.01226114827475272,0.035704996169421355,0.0016521038999386722,0.0031414756178855968,0.004793579517824269,0.5359999999999999,0.566879133476119,0.0,-0.0002611482747527094,-0.0,-0.0002611482747527198,-0.0,-0.0002611482747527198,0.006662335028986388,1.3068890105749946,-2.7507394552230835,2.359972924706164,-5.270038373481485,-0.004532972513821454,-0.004532430824493384
research_sigma_cd,60.0,1.9761374219244547,1.2250427983520618,0.7200000000000005,0.7317099784378904,-0.556159458680788,-2.063078133524743,-3.2881209318768043,-2.1945940536869437,0.6642483192073433,-4.544990730072582,-2.7485657968239363,0.054226039426334895,0.2,0.14255397328031227,0.8660000000000001,0.017956000857358743,0.7435023959551562,-4.7747757303540084e-08,-6.577883846503596e-07,-4.0201510814741326e-08,0.017253216143533825,0.018602690963148514,0.017040677608991084,0.005040677608991084,0.0047813843381664944,0.01225929327082459,0.03564279146265803,0.001647994547994048,0.0031333887577056807,0.004781383305699729,0.5359999999999999,0.5667316106640172,0.0,-0.00025929327082457876,-0.0,-0.00025929327082458917,-0.0,-0.00025929327082458917,0.0117099784378899,1.3118891027171116,-2.727326452732086,2.3503966763856385,-5.264990730072583,-0.004522370146991639,-0.004522091067341905
research_sigma_cd,61.0,1.9933834976585685,1.243622029084248,0.7320000000000005,0.7487436902469691,-0.5513840627451471,-2.0274658237586354,-3.271087852842883,-2.1871101890693043,0.676506635080781,-4.527957018263503,-2.7397177734879525,0.05398169944254517,0.2,0.1431386201063094,0.8660000000000001,0.017955989495251064,0.7435024073172639,5.850274000795963e-07,2.8689145770144364e-07,1.759361137332327e-08,0.017238935502982444,0.018555850412303274,0.017027006801426325,0.005027006801426325,0.004769554852926294,0.012257451948500031,0.035583282646513226,0.0016438895729791964,0.0031256613135337676,0.004769550886512964,0.5359999999999999,0.5665852337995515,0.0,-0.0002574519484999649,-0.0,-0.0002574519485000308,-0.0,-0.0002574519485000308,0.016743690246968534,1.3168768625777876,-2.7039724588394165,2.340846829194199,-5.259957018263504,-0.004511754098558196,-0.0045121029044262635
research_sigma_cd,62.0,2.0106153169692877,1.262154670190785,0.7440000000000005,0.7657639920407431,-0.5466203489749354,-1.9919115682317163,-3.254066238422501,-2.17961756188406,0.6887632231043433,-4.510936716469729,-2.730858581514436,0.053738931332188544,0.2,0.14372389842344999,0.8660000000000001,0.017956013064776122,0.7435023837477388,-7.275992077726556e-07,3.982335083918542e-08,2.4504769047251074e-09,0.017224714794320334,0.018509522649045804,0.017013315875015866,0.005013315875015866,0.004757620574010468,0.012255695301005398,0.035523187952944735,0.0016397764327939289,0.0031178440153598708,0.004757620448153799,0.5359999999999999,0.5664398734638895,0.0,-0.0002556953010053875,-0.0,-0.0002556953010053979,-0.0,-0.0002556953010053979,0.02176399204074253,1.3218520938649445,-2.6806747913360596,2.331319154585669,-5.25493671646973,-0.004502364677479775,-0.00450192527300507
research_sigma_cd,63.0,2.0278329280099765,1.280641244210656,0.7560000000000006,0.7827703219970008,-0.5418688215971261,-1.956419447852746,-3.2370606920634017,-2.172114918424264,0.7010180256827918,-4.493930386513472,-2.721987249181979,0.05349779085170315,0.2,0.1443096857465174,0.8660000000000001,0.017955998994500816,0.7435023978180141,5.5997950498820614e-08,-5.919174914659209e-07,-3.6546292075945175e-08,0.017210512984017795,0.018463709115919956,0.016999599999981796,0.004999599999981796,0.004745718363246165,0.01225388163673563,0.035463036242601165,0.0016356883446031142,0.0031100267171859813,0.004745715061789096,0.5359999999999999,0.5662955615099046,0.0,-0.00025388163673567554,-0.0,-0.00025388163673563044,-0.0,-0.00025388163673563044,0.026770321997000246,1.3268149023271847,-2.6574374735355377,2.321815468089208,-5.249930386513472,-0.004491720970991375,-0.004491836726510535
research_sigma_cd,64.0,2.045036362946154,1.299082263746572,0.7680000000000006,0.7997631920407067,-0.5371289122484431,-1.920985495746514,-3.220067759493086,-2.164601003826043,0.7132709863778146,-4.476937516469766,-2.713102652596777,0.05325833270956417,0.2,0.14489592448694133,0.8660000000000001,0.01795600011722859,0.7435023966952863,-6.52865961292548e-09,2.7133438962323453e-07,1.6809313246879398e-08,0.017196362299449305,0.018418412575330546,0.016986110225265638,0.004986110225265638,0.00473399383412082,0.012252116391144818,0.035404274055443885,0.0016316011497404808,0.0031023891270160744,0.004733990276756556,0.5359999999999999,0.5661523291079245,0.0,-0.00025211639114486317,-0.0,-0.00025211639114481807,-0.0,-0.00025211639114481807,0.0317631920407061,1.3317653765683395,-2.6342564821243286,2.312336512643723,-5.244937516469767,-0.00448168449691666,-0.004481877442976002
research_sigma_cd,65.0,2.062225674168659,1.3174782308247568,0.7800000000000006,0.8167425424475321,-0.5324008339288845,-1.8856108997418581,-3.2030891305666147,-2.157078287418097,0.7255222584650814,-4.459958166062941,-2.704206935306491,0.05302041306469056,0.2,0.14548275236018404,0.8660000000000001,0.01795598716233195,0.743502409650183,7.149516947357881e-07,-2.0602537276204202e-07,-1.2806282256860868e-08,0.017182255177433478,0.018373608824660388,0.01697284902132795,0.004972849021327951,0.004722449724843147,0.012250399296484804,0.03534690112372485,0.0016275124407130624,0.0030949312448501657,0.004722443685563228,0.5359999999999999,0.5660100887017487,0.0,-0.0002503992964847934,-0.0,-0.00025039929648480383,-0.0,-0.00025039929648480383,0.0367425424475315,1.3367034157035773,-2.6111331582069397,2.3028798786448434,-5.239958166062941,-0.0044722555230036765,-0.004472050428358344
research_sigma_cd,66.0,2.0794009099027178,1.3358296483130894,0.7920000000000006,0.8337088900833626,-0.5276840127987568,-1.8502916934990643,-3.1861213418121537,-2.14954551487205,0.7377717849707842,-4.44299181842711,-2.695298971380428,0.05278408707381767,0.2,0.14607011278031057,0.8660000000000001,0.01795601303905823,0.7435023837734567,-7.261669359159839e-07,-1.3885490046661175e-07,-8.659938488531083e-09,0.01716822306953597,0.01832930086688745,0.016959500589432797,0.004959500589432796,0.004710840340169609,0.012248660249263188,0.03528883568719032,0.0016234557306900183,0.0030873835086822356,0.004710839239372254,0.5359999999999999,0.5658688718015351,0.0,-0.0002486602492630663,-0.0,-0.0002486602492631877,-0.0,-0.0002486602492631877,0.04170889008336198,1.3416291249319334,-2.5880634784698486,2.29344630355506,-5.234991818427111,-0.00446219285055971,-0.004462180090906421
research_sigma_cd,67.0,2.09656212697923,1.3541369998142012,0.8040000000000006,0.8506615436263977,-0.5229791532485453,-1.8150332283674775,-3.1691702281816787,-2.1420026731192165,0.7500195789636078,-4.426039164884075,-2.6863788731705123,0.05254934357787472,0.2,0.14665795058176323,0.8660000000000001,0.01795598538838951,0.7435024114241254,8.137456242174324e-07,-2.3154467987396288e-07,-1.4488838961934647e-08,0.017154215688360452,0.018285481619048305,0.016946268879725168,0.004946268879725168,0.004699334663200216,0.012246934216524952,0.03523145381739312,0.0016194028857057154,0.0030799256265163343,0.0046993285122220495,0.5359999999999999,0.5657286702656434,0.0,-0.00024693421652483005,-0.0,-0.0002469342165249515,-0.0,-0.0002469342165249515,0.04666154362639707,1.3465425480156221,-2.565052807331085,2.284036491764858,-5.230039164884075,-0.004452117163632474,-0.004452400446675265
research_sigma_cd,68.0,2.1137093785580943,1.3724007743776179,0.8160000000000006,0.8676014278428129,-0.5182853434723563,-1.779828785864278,-3.1522295602418957,-2.134449749199315,0.7622656534038341,-4.409099280667659,-2.6774465169565542,0.05231617150028596,0.2,0.14724631144786615,0.8660000000000001,0.01795599946092035,0.7435023973515946,3.002225645865053e-08,4.2771118424766996e-07,2.685274014257999e-08,0.017140291539532698,0.018242145977923663,0.016933268122907852,0.004933268122907852,0.004688012883308723,0.012245255239599129,0.035175460107915835,0.001615361978978078,0.003072647452354438,0.0046880094313325165,0.5359999999999999,0.5655894760265625,0.0,-0.0002452552395991181,-0.0,-0.0002452552395991285,-0.0,-0.0002452552395991285,0.0516014278428123,1.3514437251542601,-2.542094439268112,2.274649531468344,-5.22509928066766,-0.00444265007198541,-0.004442757643709595
research_sigma_cd,69.0,2.130842730979363,1.3906214450750645,0.8280000000000006,0.8845280798722134,-0.5136031274819278,-1.7446823081516458,-3.1353037532267103,-2.1268879732631873,0.7745100894428061,-4.392172628638259,-2.6685030414883415,0.05208449510517309,0.2,0.1478352326826225,0.8660000000000001,0.017955984287851973,0.743502412524663,8.750364712817316e-07,-1.640123103996416e-08,-1.0331134003838116e-09,0.01712641504914872,0.018199278660170477,0.016920297425825293,0.004920297425825292,0.00467670866538239,0.012243588760442903,0.035119478896208034,0.0016113326752729194,0.0030653692781925273,0.0046767019534654465,0.5359999999999999,0.565451242470678,0.0,-0.00024358876044294764,-0.0,-0.00024358876044290254,-0.0,-0.00024358876044290254,0.056528079872212755,1.356332641536557,-2.519192397594452,2.265284655375072,-5.2201726286382595,-0.004433170482568638,-0.004433119904939487
research_sigma_cd,70.0,2.147962249334676,1.4087994877325223,0.8400000000000006,0.9014420226944635,-0.5089319261415916,-1.709589828071862,-3.118389315804384,-2.1193160901644523,0.7867528309247199,-4.375258685816009,-2.659547321104438,0.051854368761310894,0.2,0.1484246574311813,0.8660000000000001,0.01795599316888537,0.7435024036436295,3.804363954973411e-07,3.265559262999318e-07,2.0637480807605968e-08,0.01711261691891998,0.018156883018363715,0.016907536749648122,0.004907536749648122,0.004665602374506639,0.012241934375141483,0.035064850882862486,0.0016073252394469037,0.003058270812034614,0.004665596051481518,0.5359999999999999,0.5653140006559453,0.0,-0.00024193437514152816,-0.0,-0.00024193437514148305,-0.0,-0.00024193437514148305,0.06144202269446286,1.3612094184099561,-2.496342658996582,2.2559425956515566,-5.21525868581601,-0.004423678799297059,-0.004423667999365156
research_sigma_cd,71.0,2.1650680031385674,1.4269353637599225,0.8520000000000006,0.9183431533715096,-0.5042719227329145,-1.6745526063859208,-3.1014879701458433,-2.1117353308617814,0.798993958193089,-4.358357555138963,-2.6505804409167633,0.05162571742930652,0.2,0.14901464614239146,0.8660000000000001,0.017955997029092036,0.7435023997834229,1.6545490066910418e-07,-3.800109471541191e-08,-2.4094457540257963e-09,0.01709888553032303,0.01811494445245209,0.01689471665249942,0.004894716652499419,0.004654424366320853,0.012240292286178567,0.03500956461360161,0.0016033357705676728,0.003051082491874687,0.00465441826244236,0.5359999999999999,0.5651777044682204,0.0,-0.00024029228617866716,-0.0,-0.00024029228617856654,-0.0,-0.00024029228617856654,0.06634315337150898,1.3660740449454782,-2.47354656457901,2.2466222242771816,-5.210357555138963,-0.004414174819686867,-0.004414132080142286
research_sigma_cd,72.0,2.182160057388525,1.4450295288321602,0.8640000000000007,0.9352314559994623,-0.49962307740894984,-1.6395706988446588,-3.0846002276768187,-2.104144439803826,0.8112334154970771,-4.34146925251101,-2.641601355974005,0.05139859508846411,0.2,0.14960510753210393,0.8660000000000001,0.017955986970882805,0.7435024098416321,7.256138290223646e-07,2.4107683760377085e-07,1.5335309105912742e-08,0.017085215416262733,0.018073465865659177,0.01688210547050717,0.004882105470507169,0.004643443375263734,0.012238662095243436,0.03495563134687607,0.0015993625959363684,0.0030440738797187727,0.004643436475655141,0.5359999999999999,0.5650423847411293,0.0,-0.00023866209524348037,-0.0,-0.00023866209524343526,-0.0,-0.00023866209524343526,0.07123145599946168,1.370926641891448,-2.450804114341736,2.2373248127071843,-5.205469252511011,-0.004404658942049,-0.004404781280020299
research_sigma_cd,73.0,2.1992384757869026,1.4630824415907178,0.8760000000000007,0.952107364312524,-0.4949850359823871,-1.6046413436921687,-3.0677237852828867,-2.0965446487458794,0.8234712823835759,-4.3245933441979485,-2.6326110706525885,0.05117292738737668,0.2,0.15019613666247372,0.8660000000000001,0.017955996560834513,0.7435024002516805,1.9153295816032312e-07,2.0667484745828801e-07,1.3189704883842523e-08,0.017071631359066072,0.018032433495192447,0.016869729242632192,0.004869729242632192,0.004632651835532742,0.01223707740709945,0.03490308468744918,0.0015954028041489854,0.0030372449755668635,0.004632647779715849,0.5359999999999999,0.564907995852298,0.0,-0.0002370774070994397,-0.0,-0.0002370774070994501,-0.0,-0.0002370774070994501,0.0761073643125233,1.3757671934033266,-2.4281126260757446,2.228048695452069,-5.200593344197949,-0.004395753212712572,-0.004395574428433292
research_sigma_cd,74.0,2.2163033446873657,1.4810945398502522,0.8880000000000007,0.9689709144847267,-0.49035777373788436,-1.5697645294697604,-3.050859069320013,-2.088935946229251,0.835707570311276,-4.307729794025746,-2.6236095897190532,0.05094870451510766,0.2,0.15078772489046724,0.8660000000000001,0.017956017493779994,0.743502379318735,-9.742577129490115e-07,-1.1649172160232979e-07,-7.45842840266242e-09,0.01705812994262812,0.017991841935731126,0.016857185061450952,0.004857185061450952,0.004621714187709902,0.01223547087374105,0.03484917507830032,0.001591477492732733,0.003030236363410942,0.004621713856143675,0.5359999999999999,0.5647745306813422,0.0,-0.00023547087374092834,-0.0,-0.00023547087374104977,-0.0,-0.00023547087374104977,0.08097091448472604,1.3805957743760897,-2.4054720997810364,2.2187938477964946,-5.1957297940257465,-0.004386213677497919,-0.004386243313968852
research_sigma_cd,75.0,2.233354737681651,1.4990662715553478,0.9000000000000007,0.9858217344354259,-0.4857416076069673,-1.534942993535568,-3.0340092650909156,-2.0813170761008752,0.847942224131058,-4.290878974075047,-2.6145959235406497,0.05072597987288108,0.2,0.15137975738880297,0.8660000000000001,0.017955999255474406,0.7435023975570405,4.1463889433046575e-08,2.6594778956834375e-07,1.708234781405693e-08,0.017044681238177206,0.01795169380807179,0.016844853379197167,0.004844853379197166,0.004610977425672402,0.012233875953524764,0.03479661818680113,0.001587565743935306,0.003023407459259033,0.004610973203194339,0.5359999999999999,0.564642019728111,0.0,-0.00023387595352469814,-0.0,-0.00023387595352476406,-0.0,-0.00023387595352476406,0.08582173443542518,1.3854125135505932,-2.382885217666626,2.2095618979741714,-5.190878974075047,-0.004376662529141262,-0.004377101472147638
research_sigma_cd,76.0,2.2503927327544964,1.5169980708224389,0.9120000000000007,1.002660621243121,-0.48113581888653956,-1.5001712930961582,-3.017169363918597,-2.0736892712875337,0.8601753222183255,-4.274040087267352,-2.6055710196026056,0.050504680123224524,0.2,0.15197235368484235,0.8660000000000001,0.017956017469414064,0.7435023793431008,-9.729007341974238e-07,7.613942916151473e-07,4.906300721252421e-08,0.01703133341688319,0.017911976191050092,0.016832667796987888,0.004832667796987888,0.004600341984471346,0.012232325812516542,0.034744776626763674,0.0015836725094409939,0.003016668409109115,0.004600340918550109,0.5359999999999999,0.5645104180919622,0.0,-0.00023232581251658724,-0.0,-0.00023232581251654214,-0.0,-0.00023232581251654214,0.09066062124312035,1.3902174105361709,-2.3603466153144836,2.200350815979818,-5.186040087267353,-0.004367722252669015,-0.0043680161719548034
research_sigma_cd,77.0,2.267417410975546,1.5348903652370982,0.9240000000000007,1.0194870700294016,-0.4765409236380246,-1.4654534402820407,-3.000343805519139,-2.0660525206062132,0.8724068757560911,-4.257213638481071,-2.5965349650404823,0.05028479566628576,0.2,0.1525654703612893,0.8660000000000001,0.017956001481619837,0.7435023953308951,-8.251391170333022e-08,8.537863611657315e-07,5.519268994613746e-08,0.017018047150456184,0.01787268324637163,0.016820538841462618,0.0048205388414626175,0.004589719205199294,0.012230819636263324,0.034692979031481275,0.0015797850796836438,0.003009929358959205,0.0045897144386428486,0.5359999999999999,0.5643797188400685,0.0,-0.00023081963626325752,-0.0,-0.00023081963626332344,-0.0,-0.00023081963626332344,0.09548707002940093,1.395010535219455,-2.3378603160381317,2.1911611178748576,-5.181213638481071,-0.00435939366253435,-0.004358899568935971
research_sigma_cd,78.0,2.28442885594363,1.5527435731201864,0.9360000000000007,1.0363016989260463,-0.47195638047614097,-1.4307853350331956,-2.983528908153382,-2.0584080586126023,0.8846369614908521,-4.240399009584426,-2.5874887312857644,0.05006625460505667,0.2,0.15315921715912698,0.8660000000000001,0.01795600630225227,0.7435023905102627,-3.5098302397784664e-07,-2.2679290578864197e-07,-1.4707687345794085e-08,0.01700485821963986,0.01783380215611246,0.016808601688785396,0.004808601688785396,0.004579310146569815,0.012229291542215581,0.03464250062291174,0.001575937003550012,0.003003370016813285,0.004579307020363297,0.5359999999999999,0.564249878055604,0.0,-0.00022929154221551507,-0.0,-0.00022929154221558098,-0.0,-0.00022929154221558098,0.10030169892604557,1.3997918944527776,-2.315422296524048,2.1819909509718234,-5.176399009584427,-0.004350431339101624,-0.004350018604354234
research_sigma_cd,79.0,2.301427146361532,1.5705581119949936,0.9480000000000007,1.0531042734069724,-0.46738230334488495,-1.3961684390362172,-2.966726551031211,-2.0507533832844165,0.8968654588405223,-4.2235964351035005,-2.5784302545274125,0.04984917246146901,0.2,0.1537534067547186,0.8660000000000001,0.017956002399357518,0.7435023944131574,-1.3362426898311242e-07,2.8316866629296555e-08,1.8422004199880604e-09,0.016991745584249165,0.017795344532134827,0.01679669897180791,0.0047966989718079105,0.004568924843452671,0.01222777412835524,0.0345920328945295,0.0015721105804449955,0.0029968106746673506,0.004568921255112346,0.5359999999999999,0.5641209631828309,0.0,-0.00022777412835522926,-0.0,-0.00022777412835523966,-0.0,-0.00022777412835523966,0.1051042734069717,1.4045616875210098,-2.2930338978767395,2.172843051819084,-5.171596435103501,-0.004341458335481496,-0.004341150715097431
research_sigma_cd,80.0,2.318412368859645,1.5883343974073465,0.9600000000000007,1.069895096869662,-0.4628185307892356,-1.3616012692441366,-2.9499356666514833,-2.0430909752835653,0.9090925097475626,-4.20680561164081,-2.5693616081751207,0.04963341536125552,0.2,0.15434820982858896,0.8660000000000001,0.017956003493184026,0.7435023933193309,-1.945413070636448e-07,-8.420336738979017e-07,-5.495316326986632e-08,0.016978723719286284,0.0177572888472767,0.016784922401741897,0.004784922401741897,0.004558654524447925,0.012226267877293973,0.03454224688120022,0.001568310427857463,0.002990341186523437,0.0045586516143809,0.5359999999999999,0.5639928935461735,0.0,-0.00022626787729401743,-0.0,-0.00022626787729397232,-0.0,-0.00022626787729397232,0.10989509686966137,1.4093198591120824,-2.270693778991699,2.163714636357245,-5.166805611640811,-0.004332474169062239,-0.0043323866471539525
research_sigma_cd,81.0,2.335384611436875,1.6060728316914372,0.9720000000000008,1.0866741182104562,-0.4582649942959891,-1.3270839452738168,-2.9331567769652542,-2.035418331622541,0.9213179945951102,-4.1900265903000165,-2.560280702601589,0.04941909793504587,0.2,0.15494344984420597,0.8660000000000001,0.01795600112919436,0.7435023956833205,-6.288674203602795e-08,-1.467269497013035e-07,-9.60591856058457e-09,0.01696578325770061,0.017719647043213955,0.016773160323653058,0.004773160323653058,0.0045484204485479185,0.01222473987510514,0.03449243911674338,0.001564544316256505,0.0029838716983795234,0.004548416014636028,0.5359999999999999,0.5638657360311395,0.0,-0.00022473987510512883,-0.0,-0.00022473987510513924,-0.0,-0.00022473987510513924,0.11467411821045548,1.4140666168417646,-2.248401939868927,2.1546082586774755,-5.162026590300017,-0.004322856102678019,-0.004323680573442779
research_sigma_cd,82.0,2.352343962247239,1.6237738250519091,0.9840000000000008,1.1034414175169682,-0.4537216898921398,-1.2926163910106498,-2.9163902160625588,-2.0277366874889213,0.9335419894977729,-4.173259290993505,-2.5511885907238256,0.04920614880954585,0.2,0.15553920225011247,0.8660000000000001,0.017955987870419497,0.7435024089420954,6.755170749439543e-07,8.069078565320353e-07,5.29923584735581e-08,0.01695292361321589,0.017682405914582963,0.01676167817355978,0.0047616781735597795,0.00453835866560981,0.01222331950794997,0.034444080091827534,0.0015607693547377535,0.0029775819182395933,0.004538351272977347,0.5359999999999999,0.5637394471250461,0.0,-0.00022331950794995947,-0.0,-0.00022331950794996988,-0.0,-0.00022331950794996988,0.11944141751696746,1.418801972749466,-2.226158380508423,2.1455226035045833,-5.1572592909935056,-0.0043150973545378335,-0.00431503915765984
research_sigma_cd,83.0,2.3692905034671394,1.6414377675160547,0.9960000000000008,1.1201974745575758,-0.4491882769647695,-1.2581957850901617,-2.8996335526062165,-2.0200485263316166,0.9457646336110102,-4.156503233952897,-2.5420873134087216,0.048994436588310805,0.2,0.15613565211102903,0.8660000000000001,0.01795599875921637,0.7435023980532985,6.910133998339063e-08,-2.631207056680296e-07,-1.7334039092986586e-08,0.016940171355100425,0.017645544654767805,0.01675021008982014,0.004750210089820139,0.004528332865817386,0.012221877224002753,0.03439569915011964,0.0015570370632622319,0.0029712921380996627,0.004528329201361894,0.5359999999999999,0.5636139478271024,0.0,-0.00022187722400285326,-0.0,-0.00022187722400275264,-0.0,-0.00022187722400275264,0.12419747455757502,1.4235258698561293,-2.203960418701172,2.1364547076212803,-5.152503233952897,-0.004306704872097056,-0.004306455641814633
research_sigma_cd,84.0,2.3862243271662615,1.659065051766558,1.0080000000000007,1.1369418376966085,-0.444665024160505,-1.2238249927104106,-2.8828900444769685,-2.0123500972331154,0.9579857439457784,-4.139758870813864,-2.5329737933144636,0.04878413618087837,0.2,0.1567325133530556,0.8660000000000001,0.017955983406668298,0.7435024134058467,9.241111247337841e-07,3.084472917080916e-07,2.0383342180796404e-08,0.016927490034086043,0.017609083178039154,0.01673886882908171,0.00473886882908171,0.004518424175097291,0.01222044465398442,0.034347998474594466,0.0015533249754335358,0.002965092211961746,0.004518417187395282,0.5359999999999999,0.5634893407348839,0.0,-0.0002204446539844085,-0.0,-0.0002204446539844189,-0.0,-0.0002204446539844189,0.12894183769660783,1.4282385832204831,-2.181810736656189,2.1274087735807488,-5.147758870813865,-0.004298302675727506,-0.004297979521112872
research_sigma_cd,85.0,2.4031455258850207,1.676656060443906,1.0200000000000007,1.1536752122157392,-0.4401514286145749,-1.1894997881409728,-2.866155848584879,-2.0046451316830716,0.970205522918979,-4.1230254962947335,-2.523851086438325,0.0485750559601596,0.2,0.15733006911554406,0.8660000000000001,0.017955998155233577,0.7435023986572813,1.0273816575256944e-07,-9.094299349143853e-07,-6.028490051601665e-08,0.016914920612294992,0.017572992802477375,0.016727745813856276,0.004727745813856276,0.004508723266653858,0.012219022547202418,0.034301649366813014,0.0015496463614805495,0.0029590719938278193,0.004508718355308369,0.5359999999999999,0.5633655112342264,0.0,-0.00021902254720240766,-0.0,-0.00021902254720241807,-0.0,-0.00021902254720241807,0.13367521221573853,1.4329400029660417,-2.159705311059952,2.118380364611662,-5.143025496294734,-0.004289890016121456,-0.00428970071945144
research_sigma_cd,86.0,2.4200541981565813,1.6942111774947906,1.0320000000000007,1.170397329324321,-0.4356475776271973,-1.1552216939767845,-2.849432871471575,-1.9969298772653585,0.9824237890401832,-4.106303379186151,-2.514716090137282,0.04836736946336849,0.2,0.1579280437453763,0.8660000000000001,0.017956013597483413,0.7435023832150315,-7.572665561283998e-07,-7.014604896937726e-08,-4.664248515195979e-09,0.016902438452716315,0.017537293682579055,0.01671645751907358,0.0047164575190735795,0.004498879092092678,0.012217578426980902,0.0342539371410846,0.0015460038084926862,0.0029528720676898954,0.004498875876182582,0.5359999999999999,0.5632425610476873,0.0,-0.00021757842698094665,-0.0,-0.00021757842698090155,-0.0,-0.00021757842698090155,0.13839732932432036,1.437630409116398,-2.1376454830169678,2.1093735019207926,-5.138303379186152,-0.004280843718862615,-0.0042813006651117765
research_sigma_cd,87.0,2.4369504222808174,1.7117307724833846,1.0440000000000007,1.1871081272538864,-0.43115367043038955,-1.1209919138588036,-2.832722686342188,-1.989206819120797,0.9946406797729408,-4.089592581256586,-2.505570927427351,0.048160946780041146,0.2,0.1585265881086697,0.8660000000000001,0.017956002594038446,0.7435023942184765,-1.444663777494526e-07,4.46256187558447e-09,2.976437707413737e-10,0.016890034138217783,0.017501964748585692,0.016705336289284167,0.004705336289284167,0.004489128525446362,0.012216207763837805,0.03420696892468833,0.0015423627035453925,0.00294676199555397,0.004489124699099362,0.5359999999999999,0.5631204122028565,0.0,-0.00021620776383790563,-0.0,-0.00021620776383780502,-0.0,-0.00021620776383780502,0.14310812725388566,1.4423097425078766,-2.1156325936317444,2.1003857621357884,-5.133592581256586,-0.004273035266710412,-0.004272920761608557
research_sigma_cd,88.0,2.4538342896229994,1.7292152275288775,1.0560000000000007,1.2038080019028894,-0.4266693205763046,-1.0868077561274079,-2.8160229836562856,-1.9814759477987793,1.0068562045678588,-4.072892706607583,-2.4964155451770695,0.04795577975480448,0.2,0.15912571875184509,0.8660000000000001,0.017955999506268847,0.7435023973062461,2.7496722454500855e-08,-2.9915625354703934e-07,-2.0014261054024374e-08,0.016877727992844996,0.017467002135790034,0.016694433949714482,0.004694433949714482,0.004479587433945165,0.012214846515769318,0.034161351227874115,0.0015387508874349738,0.0029408316314220423,0.004479582518857016,0.5359999999999999,0.5629990588692981,0.0,-0.0002148465157692514,-0.0,-0.00021484651576931732,-0.0,-0.00021484651576931732,0.14780800190288867,1.4469780850551406,-2.0936639606952667,2.091416758808803,-5.128892706607584,-0.004265217399483268,-0.004264740918175847
research_sigma_cd,89.0,2.4707059080549203,1.7466649015866202,1.0680000000000007,1.2204969951533153,-0.4221944955624992,-1.0526692114030554,-2.7993341129896754,-1.9737372539197635,1.0190703728044794,-4.056203713357157,-2.4872499460489688,0.04775186028721292,0.2,0.15972542875693496,0.8660000000000001,0.017955997305154042,0.7435023995073609,1.5008053866338855e-07,-9.485000518338893e-07,-6.36506315432328e-08,0.016865515550815988,0.01743240172100862,0.016683526139573912,0.004683526139573912,0.004470093879014758,0.012213432260559154,0.034115680523918224,0.0015351874857847552,0.002934901267290115,0.00447008875307487,0.5359999999999999,0.5628784952645494,0.0,-0.0002134322605590322,-0.0,-0.00021343226055915362,-0.0,-0.00021343226055915362,0.1524969951533146,1.4516355352504409,-2.071739584207535,2.082466459437394,-5.124203713357158,-0.004256141237213074,-0.0042566616184556046
research_sigma_cd,90.0,2.4875653517909337,1.7640801599323488,1.0800000000000007,1.2371750541820372,-0.41772913281827506,-1.0185763950795714,-2.78265655501192,-1.9659882302732055,1.0312830690889772,-4.039525654328435,-2.4780720505605967,0.047549299104734336,0.2,0.16032553669919494,0.8660000000000001,0.017955988308286482,0.7435024085042284,6.511315051582756e-07,7.416062324239192e-07,4.991797605824466e-08,0.01685338826873492,0.017398175683678324,0.01667287605939982,0.004672876059399821,0.00446078616444201,0.012212089894957812,0.0340714228140786,0.0015316284633464458,0.0029291506111621853,0.004460779074508631,0.5359999999999999,0.56275878583131,0.0,-0.00021208989495791197,-0.0,-0.00021208989495781136,-0.0,-0.00021208989495781136,0.15717505418203648,1.4562822827019566,-2.0498594641685486,2.07353742405523,-5.119525654328436,-0.004248304487519006,-0.004248696269484199
research_sigma_cd,91.0,2.5044127275616836,1.7814613589074386,1.0920000000000007,1.253842747272115,-0.4132729232336152,-0.9845263657748982,-2.765987724682337,-1.9582338628948015,1.043494552594395,-4.0228579612383575,-2.4688859729279735,0.04734785019096081,0.2,0.1609264068751941,0.8660000000000001,0.01795600872855737,0.7435023880839575,-4.861080005191809e-07,-1.6493612164936167e-07,-1.1135588229294058e-08,0.0168413769518639,0.017364287772730712,0.01666219564696836,0.004662195646968358,0.004451407475894675,0.012210788171073683,0.03402653519370247,0.001528094297660771,0.0029233101010322565,0.004451404398693027,0.5359999999999999,0.5626397842144607,0.0,-0.00021078817107367254,-0.0,-0.00021078817107368295,-0.0,-0.00021078817107368295,0.16184274727211423,1.4609181749672886,-2.028020918369293,2.0646240983435558,-5.114857961238358,-0.004241082747200142,-0.004240619304820992
research_sigma_cd,92.0,2.5212481243443685,1.7988088546978407,1.1040000000000008,1.270499445475974,-0.4088263178664857,-0.9505233246921665,-2.749332179390007,-1.9504703957676057,1.0557046454311245,-4.006201263034498,-2.4596886775456985,0.04714768377236207,0.2,0.1615277350120774,0.8660000000000001,0.017955988026879813,0.7435024087856351,6.668035288370788e-07,-1.852785258549261e-07,-1.2546740341123908e-08,0.016829433559961193,0.01733075778675116,0.016651599682090512,0.004651599682090512,0.004442166456026353,0.01220943322606416,0.03398226490445466,0.0015246001101860214,0.002917559444904327,0.004442159555090348,0.5359999999999999,0.5625215900424475,0.0,-0.0002094332260641485,-0.0,-0.0002094332260641589,-0.0,-0.0002094332260641589,0.16649944547597317,1.465543478913244,-2.006227970123291,2.0557308672668926,-5.110201263034499,-0.004232602925821949,-0.004232733229962194
research_sigma_cd,93.0,2.5380716365054603,1.8161229915100061,1.1160000000000008,1.287145946636296,-0.4043885903215625,-0.9165618359659888,-2.732684827475995,-1.9426990687464454,1.0679134190465234,-3.9895547618741762,-2.4504810940362765,0.046948732582204944,0.2,0.16212964947572936,0.8660000000000001,0.017956003303009376,0.7435023935095055,-1.8395016132544129e-07,9.567215908390381e-08,6.4982264014190605e-09,0.01681760506196389,0.01729757458613501,0.016641262885791708,0.0046412628857917075,0.004433113714966241,0.012208149170825466,0.033939406609485134,0.0015211204440756805,0.002911988496780395,0.004433108940856075,0.5359999999999999,0.5624041626346531,0.0,-0.0002081491708255112,-0.0,-0.0002081491708254661,-0.0,-0.0002081491708254661,0.17114594663629523,1.470158217458937,-1.9844752550125122,2.046855693127731,-5.105554761874177,-0.004225363516857872,-0.004224964544140775
research_sigma_cd,94.0,2.5548833634022974,1.8334041180165592,1.1280000000000008,1.3037819712475573,-0.39996009043655323,-0.8826445114731962,-2.7160486294897552,-1.9349211228013214,1.0801209437727755,-3.972918737262915,-2.4412643234812688,0.046750930355113275,0.2,0.16273220694622514,0.8660000000000001,0.01795600641613133,0.7435023903963836,-3.573251394772825e-07,-9.832239600271464e-07,-6.698235763269444e-08,0.016805866087350338,0.0172647257644421,0.016630762501837926,0.0046307625018379255,0.004423919173798363,0.012206843328039563,0.03389518542246095,0.0015176775105725559,0.0029062378406524655,0.004423915351225022,0.5359999999999999,0.5622874619743145,0.0,-0.00020684332803944105,-0.0,-0.00020684332803956249,-0.0,-0.00020684332803956249,0.17578197124755657,1.474762419629522,-1.9627654552459717,2.0379976144615934,-5.100918737262916,-0.004217490244348143,-0.0042170758457588005
research_sigma_cd,95.0,2.571683391847272,1.850652569407918,1.1400000000000008,1.3204074716399719,-0.39554075197396577,-0.8487714651210669,-2.6994240345289846,-1.9271340492351416,1.0923271057026025,-3.9562932368705006,-2.4320362896712746,0.046554386428067994,0.2,0.1633352244906713,0.8660000000000001,0.017955990158202293,0.7435024066543127,5.4810650440551e-07,-7.331250202469164e-07,-5.009327636029681e-08,0.01679420760703805,0.017232223735328095,0.016620458371257696,0.004620458371257696,0.004414942611472794,0.012205515759784902,0.033852283614475454,0.001514268309593539,0.0029006668925285334,0.004414935202122073,0.5359999999999999,0.5621715516545945,0.0,-0.00020551575978489112,-0.0,-0.00020551575978490152,-0.0,-0.00020551575978490152,0.18040747163997106,1.4793562861446696,-1.9410985708236694,2.0291591876353587,-5.096293236870501,-0.004208983046214643,-0.004209426851687893
research_sigma_cd,96.0,2.5884718235215294,1.8678686815640577,1.1520000000000008,1.3370228879900727,-0.39113020521360764,-0.8149399442442453,-2.682808625808303,-1.9193390888937507,1.1045319752923453,-3.9396778205203997,-2.422797977545318,0.04635903440621236,0.2,0.16393880746724065,0.8660000000000001,0.017955990021208505,0.7435024067913064,5.557359235019987e-07,-9.561301350657914e-08,-6.552497378020661e-09,0.01678265218521849,0.017200057128596926,0.01661041156664078,0.004610411566640781,0.004406153466107843,0.012204258100532939,0.0338107928200001,0.0015108700479462315,0.0028952756524085995,0.004406145700354831,0.5359999999999999,0.5620563915962417,0.0,-0.00020425810053292803,-0.0,-0.00020425810053293844,-0.0,-0.00020425810053293844,0.18502288799007194,1.4839398482291841,-1.9194719195365906,2.020338731626649,-5.091677820520401,-0.004201717241264058,-0.004201895365574904
research_sigma_cd,97.0,2.6052487432828793,1.8850527891151474,1.1640000000000008,1.3536282947732534,-0.3867284450417501,-0.7811498794810667,-2.666202668596214,-1.9115374837176697,1.1167356219036684,-3.923072413737219,-2.413550429182224,0.04616480887913647,0.2,0.16454303751297714,0.8660000000000001,0.01795599990470722,0.7435023969078077,5.307015271682758e-09,-3.7687639764527603e-07,-2.590434200477887e-08,0.016771199075858695,0.01716821423181456,0.016600400509677815,0.004600400509677815,0.004397391529032957,0.012203008980644858,0.03376931056488863,0.0015075027314205662,0.002889884412288665,0.004397387143709231,0.5359999999999999,0.5619419423707147,0.0,-0.0002030089806447366,-0.0,-0.00020300898064485803,-0.0,-0.00020300898064485803,0.1896282947732526,1.4885131213792109,-1.897885501384735,2.0115349300195495,-5.08707241373722,-0.0041944428969493686,-0.004194382548388099
research_sigma_cd,98.0,2.622014248250966,1.9022052233282578,1.1760000000000008,1.3702236890094284,-0.3823354221555417,-0.747401323114468,-2.649606546442726,-1.9037279746876494,1.128937993253635,-3.906477019501044,-2.404292608444198,0.045971760430785,0.2,0.16514781955847102,0.8660000000000001,0.01795601297519518,0.7435023838373197,-7.226102980428806e-07,-2.1631013602529947e-07,-1.4911774232073682e-08,0.016759841544359666,0.01713669947180765,0.01659031737006167,0.004590317370061669,0.004388579301694562,0.012201738068367107,0.03372713596513377,0.0015041741470775444,0.0028844033181667323,0.0043885774652442765,0.5359999999999999,0.5618282329273891,0.0,-0.00020173806836709662,-0.0,-0.00020173806836710703,-0.0,-0.00020173806836710703,0.19422368900942755,1.493076254997331,-1.876339316368103,2.0027490448133944,-5.082477019501045,-0.004186534693931376,-0.004186841233327455
research_sigma_cd,99.0,2.6387684375016,1.9193262999378327,1.1880000000000008,1.3868089295133768,-0.37795128643836096,-0.7136956075507992,-2.633021907488632,-1.8959105531055325,1.1411390980404026,-3.8898917789970957,-2.3950245483368087,0.04577988149185633,0.2,0.16575313437661282,0.8660000000000001,0.017956002173761438,0.7435023946387534,-1.2106044366966273e-07,2.362023940882807e-07,1.6330918672924355e-08,0.016748563505533887,0.017105509112712386,0.016580292247655892,0.004580292247655892,0.004379786535496755,0.012200505712159138,0.03368499992144869,0.0015008590718136672,0.0028789222240447995,0.004379781295858467,0.5359999999999999,0.5617152579406923,0.0,-0.00020050571215912694,-0.0,-0.00020050571215913734,-0.0,-0.00020050571215913734,0.19880892951337592,1.4976293394611975,-1.8548347055912018,1.9939812258915632,-5.077891778997096,-0.004179243585936465,-0.004179280823337617
research_sigma_cd,100.0,2.6555114070174177,1.9364163406212387,1.2000000000000008,1.4033842735047402,-0.3735758490845482,-0.6800313232715707,-2.616447663892809,-1.8880864618595223,1.1533390046779533,-3.8733164350057323,-2.3857472594313887,0.04558910748862268,0.2,0.16635907700759797,0.8660000000000001,0.017955982415067583,0.7435024143974474,9.793350972397974e-07,-1.4183533370015766e-07,-9.8351271016206e-09,0.016737375680278443,0.017074631905699668,0.01657066174978583,0.004570661749785831,0.004371380042001105,0.012199281707784726,0.03364555443861206,0.001497571010922927,0.002873800545930862,0.0043713715568537885,0.5359999999999999,0.5616029785552876,0.0,-0.0001992817077846598,-0.0,-0.00019928170778472573,-0.0,-0.00019928170778472573,0.2033842735047393,1.5021724023394645,-1.833370327949524,1.98522997314621,-5.073316435005733,-0.004171944126108107,-0.004172098334216379
research_sigma_cd,101.0,2.672243240287292,1.9534756660725625,1.2120000000000009,1.4199502530129484,-0.36920852635435875,-0.6464044986735751,-2.5998801647461374,-1.8802544413577487,1.165537661455972,-3.856750455497524,-2.376459618231477,0.04539948846188153,0.2,0.1669655887592216,0.8660000000000001,0.017956009701689854,0.7435023871108251,-5.403033662698675e-07,5.44618610653913e-07,3.7874975322704785e-08,0.01672630795331559,0.0170440730630043,0.016561067902729487,0.004561067902729487,0.004363002157721785,0.012198065745007702,0.033606116997372815,0.0014943199287416028,0.0028686788678169246,0.004362998796558527,0.5359999999999999,0.5614914233980031,0.0,-0.0001980657450077472,-0.0,-0.0001980657450077021,-0.0,-0.0001980657450077021,0.20795025301294756,1.5067055788313202,-1.8119421601295471,1.9764960141397754,-5.068750455497525,-0.004164636624682139,-0.004164936412714083
research_sigma_cd,102.0,2.688964043294735,1.9705045860682173,1.2240000000000009,1.4365064093101991,-0.36484984476910465,-0.612819089276825,-2.583323675345042,-1.8724157351088866,1.1777351361679687,-3.8401942992002733,-2.36716275278225,0.04521096038664262,0.2,0.16757271580584154,0.8660000000000001,0.017956015682906706,0.7435023811296082,-8.734072107774438e-07,4.577407302086556e-07,3.192560557585544e-08,0.016715322590604556,0.017013820592691523,0.016551261092554892,0.004551261092554892,0.004354373559959712,0.01219688753259518,0.0335647056497369,0.0014910835691430942,0.0028632876276969907,0.004354371196840085,0.5359999999999999,0.5613805539881915,0.0,-0.00019688753259522462,-0.0,-0.00019688753259517952,-0.0,-0.00019688753259517952,0.21250640931019826,1.5112289071267662,-1.7905542254447937,1.9677785640913867,-5.064194299200274,-0.004157947023984532,-0.004157486027364533
research_sigma_cd,103.0,2.705673899790439,1.9875034080496188,1.2360000000000009,1.4530527751980582,-0.3604997792344393,-0.5792750873741013,-2.56677849542372,-1.8645703354057177,1.1899314365211624,-3.8236479333124143,-2.3578566658736526,0.045023516563898684,0.2,0.16818045179251837,0.8660000000000001,0.017955994387685602,0.7435024024248293,3.1255932597673564e-07,-3.773746293234126e-07,-2.6396562130548418e-08,0.016704416153535934,0.016983871207849117,0.01654173951066884,0.00454173951066884,0.004346051908148296,0.012195687602520544,0.03352528424120005,0.0014878804218350786,0.002858165949583053,0.004346046371418132,0.5359999999999999,0.561270365602531,0.0,-0.0001956876025205334,-0.0,-0.00019568760252054382,-0.0,-0.00019568760252054382,0.21705277519805732,1.5157424632692766,-1.7692065238952637,1.9590775979066966,-5.059647933312415,-0.004150623489856287,-0.004150364305627752
research_sigma_cd,104.0,2.722372909157747,2.004472432589487,1.2480000000000009,1.4695898883315368,-0.35615774095280806,-0.545768520794425,-2.550240953383912,-1.8567169820885991,1.2021265113730097,-3.8071108201789357,-2.348540234069266,0.04483720649626105,0.2,0.1687887379159418,0.8660000000000001,0.01795600208912691,0.743502394723388,-1.1634700358698069e-07,-6.062772683890216e-08,-4.253007834797984e-09,0.01669361783390813,0.01695423028372877,0.01653243523203729,0.00453243523203729,0.004337939691241743,0.012194495540795547,0.03348721180552028,0.0014847103567271528,0.0028532239794731135,0.004337934336200266,0.5359999999999999,0.5611608865477671,0.0,-0.00019449554079553621,-0.0,-0.00019449554079554662,-0.0,-0.00019449554079554662,0.22158988833153592,1.5202463977847371,-1.7478950321674347,1.9503938380903365,-5.055110820178936,-0.004143292087378292,-0.004143444150446197
research_sigma_cd,105.0,2.7390611679130514,2.0214119650164055,1.260000000000001,1.4861176456621328,-0.35182389985195583,-0.5123006637630607,-2.5337126287794662,-1.8488569195804743,1.2143204276027535,-3.7905830628483397,-2.33921452463865,0.04465196696865844,0.2,0.16939764589177322,0.8660000000000001,0.01795601227510022,0.7435023845374147,-6.836208532590149e-07,-7.324849349288343e-08,-5.15310785709211e-09,0.01668291427221824,0.016924886451322358,0.016522986050941046,0.004522986050941046,0.00432967451752464,0.012193311533416407,0.03344780631967892,0.0014815689038046055,0.0028481023013591763,0.004329671205163782,0.5359999999999999,0.561052078894494,0.0,-0.00019331153341639595,-0.0,-0.00019331153341640636,-0.0,-0.00019331153341640636,0.22611764566213188,1.524740740310298,-1.7266210913658142,1.9417261432678654,-5.05058306284834,-0.00413595263055444,-0.0041363629841082335
research_sigma_cd,106.0,2.7557387577770984,2.038322304583996,1.272000000000001,1.502635860433419,-0.3474983919177588,-0.4788729081550671,-2.5171952127390633,-1.840988887349708,1.2265131344398426,-3.7740648480770536,-2.329878537307852,0.044467847130887556,0.2,0.17000706569509283,0.8660000000000001,0.017955997933084406,0.7435023988794305,1.1511002995234776e-07,7.600793807682749e-07,5.362536587005806e-08,0.01667228752341257,0.01689584418192001,0.016513790645342308,0.0045137906453423075,0.004321597295089297,0.012192193350253011,0.03340980776256075,0.0014784310771426548,0.0028431603312492368,0.004321591408391891,0.5359999999999999,0.5609439707398528,0.0,-0.00019219335025300044,-0.0,-0.00019219335025301085,-0.0,-0.00019219335025301085,0.230635860433418,1.5292256233372559,-1.7053860425949097,1.9330759607273456,-5.046064848077054,-0.0041298586517000135,-0.004129403944836286
research_sigma_cd,107.0,2.7724057786368315,2.0552037425508782,1.284000000000001,1.5191452269528174,-0.34318070526177724,-0.4454810482379392,-2.5006847907888172,-1.8331166368838743,1.2387048143032595,-3.757555481557655,-2.320535281990891,0.04428467330352899,0.2,0.17061730306843093,0.8660000000000001,0.017956016884408524,0.7435023799281064,-9.403208176550493e-07,-9.82662220927466e-07,-6.952682179983682e-08,0.016661777176427153,0.01686707753140438,0.01650461238667711,0.004504612386677109,0.004313558675328788,0.01219105371134832,0.03337178774970129,0.0014753387434760148,0.0028382183611392973,0.004313557104615312,0.5359999999999999,0.5608364593803674,0.0,-0.00019105371134831017,-0.0,-0.00019105371134832058,-0.0,-0.00019105371134832058,0.23514522695281648,1.533700964333572,-1.6841858625411987,1.9244388446737808,-5.041555481557656,-0.004123130477494463,-0.004122504963980467
research_sigma_cd,108.0,2.789062321649428,2.0720565683772936,1.296000000000001,1.5356450852067731,-0.3388712745671012,-0.41212933265566454,-2.484185901032958,-1.825235148304697,1.2508952418625392,-3.7410556233036996,-2.31118072027926,0.04410266143701226,0.2,0.17122794884304016,0.8660000000000001,0.017955999494048767,0.7435023973184661,2.8177279176588854e-08,-4.90947646980544e-07,-3.4834932549632214e-08,0.016651333110194066,0.016838614155589238,0.016495430347980067,0.0044954303479800665,0.004305566941630312,0.012189863406349755,0.03333371707074795,0.001472285002268623,0.0028332763910293574,0.00430556139329798,0.5359999999999999,0.5607296708303167,0.0,-0.00018986340634979948,-0.0,-0.00018986340634975438,-0.0,-0.00018986340634975438,0.2396450852067722,1.5381670797868887,-1.6630245745182037,1.9158204749990027,-5.037055623303701,-0.004115141667197619,-0.004115703535280558
research_sigma_cd,109.0,2.8057084784834756,2.088881068568822,1.308000000000001,1.5521360876487775,-0.3345695713785166,-0.3788136140964433,-2.4676946826652655,-1.8173469202182695,1.263084541115959,-3.724564620861695,-2.301816828720126,0.04392169365648382,0.2,0.17183921763010032,0.8660000000000001,0.017956003371210744,0.7435023934413042,-1.8774840926383263e-07,1.4107394497031578e-07,1.0038151615487934e-08,0.01664099266532995,0.016810436046012695,0.01648650134029095,0.004486501340290949,0.004297762577512909,0.01218873876277804,0.033297053157728906,0.0014692437878421308,0.0028285141289234156,0.004297757916765546,0.5359999999999999,0.5606235351682759,0.0,-0.00018873876277808455,-0.0,-0.00018873876277803944,-0.0,-0.00018873876277803944,0.2441360876487766,1.5426239373675166,-1.6418981552124023,1.9072177006434254,-5.032564620861696,-0.004108398497659094,-0.00410902381473487
research_sigma_cd,110.0,2.822344335227041,2.1056775318448304,1.320000000000001,1.568618087887355,-0.3302757494120754,-0.3455352263402067,-2.4512127581850374,-1.809451945300015,1.2752727193880953,-3.7080826206231174,-2.2924436402368116,0.04374176356383308,0.2,0.17245109073374024,0.8660000000000001,0.01795600201089361,0.7435023948016213,-1.1199005989226407e-07,7.596865043701939e-07,5.420807411282702e-08,0.01663074030382601,0.01678253998609479,0.01647762662533314,0.004477626625333141,0.0042899766454777,0.012187649979855442,0.03326042510535898,0.0014662198069102879,0.002823751866817474,0.004289971673727762,0.5359999999999999,0.5605180479256238,0.0,-0.00018764997985537546,-0.0,-0.00018764997985544138,-0.0,-0.00018764997985544138,0.24861808788735407,1.5470716158389457,-1.620807945728302,1.8986306753231024,-5.028082620623119,-0.0041022751185637585,-0.004102326665622259
research_sigma_cd,111.0,2.8389699892229454,2.12244623511231,1.332000000000001,1.5850913408994438,-0.3259896180875612,-0.31229276388572536,-2.4347389989980357,-1.801551470455397,1.28745984107567,-3.6916093676110284,-2.283062155930732,0.04356281016636541,0.2,0.17306366777987048,0.8660000000000001,0.017956011099773662,0.7435023857127413,-6.181649729875005e-07,2.4416806176930095e-07,1.7471766589061133e-08,0.01662058648719683,0.01675491555567206,0.016468696450212317,0.0044686964502123165,0.004282128239645133,0.012186568210567184,0.033223133514369674,0.0014632260312877838,0.0028188997507095333,0.004282125781997317,0.5359999999999999,0.5604131726551048,0.0,-0.00018656821056711737,-0.0,-0.00018656821056718328,-0.0,-0.00018656821056718328,0.25309134089944285,1.5515101481472755,-1.5997526049613953,1.8900578971556314,-5.023609367611029,-0.004096144725834083,-0.00409556002907795
research_sigma_cd,112.0,2.855585523096271,2.139187454827289,1.344000000000001,1.6015554807877797,-0.3217114929327851,-0.2790889593114674,-2.4182764141387563,-1.7936442347516832,1.2996458558092296,-3.675145227722693,-2.273671408861925,0.043384882209234116,0.2,0.17367682506883397,0.8660000000000001,0.01795598317767637,0.7435024136348386,9.36864083644906e-07,-4.097070078756815e-07,-2.939918089528426e-08,0.016610501294564206,0.016727567225189293,0.016459941866245997,0.004459941866245997,0.004274505352059976,0.012185436514186021,0.03318713310079491,0.001460271377524801,0.0028142273426055905,0.004274498720130392,0.5359999999999999,0.5603089372430717,0.0,-0.00018543651418606588,-0.0,-0.00018543651418602078,-0.0,-0.00018543651418602078,0.2575554807877787,1.5559396672870411,-1.578734815120697,1.8815009929710096,-5.019145227722694,-0.004088752958012476,-0.0040890688378739555
research_sigma_cd,113.0,2.8721910320055866,2.1559014649232435,1.356000000000001,1.6180112246319358,-0.31744060738344126,-0.24591849768413554,-2.4018199626073793,-1.785728976371422,1.311830714104042,-3.6586894838785367,-2.264270246691017,0.04320802762375276,0.2,0.1742905154383585,0.8660000000000001,0.017955995884900697,0.7435024009276142,2.2917686282042382e-07,8.759277849712532e-07,6.30288339298346e-08,0.016600526115482808,0.016700500849360603,0.016451441108273013,0.0044514411082730125,0.004267072483116308,0.012184368625156705,0.033152537599079435,0.001457331971807614,0.0028097346425056454,0.00426706661431326,0.5359999999999999,0.5602053690613785,0.0,-0.000184368625156639,-0.0,-0.0001843686251567049,-0.0,-0.0001843686251567049,0.2620112246319348,1.5603603179015446,-1.5577492117881775,1.8729605075071147,-5.014689483878538,-0.004082608685024081,-0.004082703857959603
research_sigma_cd,114.0,2.8887866108957394,2.172588536612566,1.368000000000001,1.6344583630043257,-0.3131773479665525,-0.2127838841133085,-2.385372420725875,-1.7778094521217314,1.324014593059543,-3.642242345506147,-2.2548618214058953,0.04303207753897725,0.2,0.17490498654157893,0.8660000000000001,0.01795600313031017,0.7435023936822047,-1.743322517455681e-07,-2.193611368106474e-07,-1.5828357874392296e-08,0.016590640632624207,0.016673689970716256,0.016442794164776897,0.004442794164776897,0.004259486330672191,0.012183307834104706,0.03311660809083383,0.0014544198235114352,0.0028050622344017026,0.004259482057913138,0.5359999999999999,0.5601023685533526,0.0,-0.00018330783410469564,-0.0,-0.00018330783410470605,-0.0,-0.00018330783410470605,0.2664583630043247,1.5647720178361963,-1.5367984771728516,1.8644328933844154,-5.010242345506148,-0.004076457314058146,-0.004076178496567485
research_sigma_cd,115.0,2.905372339166344,2.189248938130795,1.380000000000001,1.6508968129614896,-0.3089216347220969,-0.17968528150246788,-2.368934219633263,-1.7698818909995382,1.3361973297722514,-3.625803895548983,-2.245443047635302,0.042857188387811766,0.2,0.1755199533116333,0.8660000000000001,0.017955998661698048,0.7435023981508169,7.453229988740873e-08,3.182928036693511e-07,2.3030504225918236e-08,0.016580833997550948,0.016647155049102507,0.016434251238174324,0.004434251238174324,0.004252025820817407,0.012182225417356918,0.03308132750914616,0.0014515408314640299,0.0028004796802997586,0.004252020511763788,0.5359999999999999,0.5600000266388403,0.0,-0.00018222541735690712,-0.0,-0.00018222541735691752,-0.0,-0.00018222541735691752,0.2708968129614886,1.5691750093940928,-1.5158826112747192,1.8559220045494447,-5.005803895548984,-0.004069671917695583,-0.004069800403460489
research_sigma_cd,116.0,2.921948311066924,2.2058829340585757,1.392000000000001,1.6673268654806743,-0.3046732963249177,-0.14662122909501618,-2.3525041631535917,-1.7619487959571225,1.348379043894257,-3.609373843029798,-2.23601595261002,0.042683246218770156,0.2,0.1761356099230762,0.8660000000000001,0.017955998732812534,0.7435023980797024,7.057181372616128e-08,3.76103930221916e-08,2.7288568904548782e-09,0.016571119272241835,0.016620878201804395,0.01642585073018976,0.004425850730189761,0.00424467262914241,0.012181178101047352,0.03304675258015044,0.0014486805864941795,0.0027959869801998135,0.004244667566693993,0.5359999999999999,0.5598982759707233,0.0,-0.00018117810104734122,-0.0,-0.00018117810104735163,-0.0,-0.00018117810104735163,0.2753268654806733,1.5735692671726673,-1.495000272989273,1.8474250470726756,-5.001373843029799,-0.004063507071987438,-0.004063494528095058
research_sigma_cd,117.0,2.9385146083923335,2.222490782295788,1.404000000000001,1.6837485144218691,-0.30043228946381206,-0.113591776342167,-2.3360825586379548,-1.754008905143513,1.360559685974346,-3.5929521940886033,-2.226579509920428,0.04251029890875234,0.2,0.1767518572320679,0.8660000000000001,0.0179559979351073,0.7435023988774077,1.1499737162523616e-07,2.9320501893081996e-07,2.1332223709702447e-08,0.016561490563809095,0.0165948645064788,0.016417483328410976,0.004417483328410975,0.004237346046373158,0.012180137282037817,0.03301218414845475,0.0014458465829845215,0.0027914942800998685,0.00423734086308439,0.5359999999999999,0.5597971439161409,0.0,-0.00018013728203786217,-0.0,-0.00018013728203781706,-0.0,-0.00018013728203781706,0.2797485144218681,1.5779549224179874,-1.474151462316513,1.8389432889450903,-4.996952194088604,-0.004057335728979039,-0.004057208764335341
research_sigma_cd,118.0,2.9550713236084136,2.2390727435651203,1.416000000000001,1.7001618321374963,-0.29619860423217137,-0.08059686079810668,-2.3196696043632272,-1.7460634674150806,1.3727393184583325,-3.576538876372976,-2.217134747837198,0.04233828720637167,0.2,0.1773687839551072,0.8660000000000001,0.01795599140916444,0.7435024054033504,4.784382707789803e-07,-2.1631889435269613e-07,-1.5781447953999717e-08,0.01655194649674986,0.01656910367794341,0.016409328858690952,0.004409328858690952,0.004230225716923219,0.012179103141767733,0.03297896350000595,0.0014430383071441025,0.002787181288003921,0.004230219595148023,0.5359999999999999,0.5596965951958293,0.0,-0.00017910314176772246,-0.0,-0.00017910314176773287,-0.0,-0.00017910314176773287,0.28416183213749524,1.582332005150081,-1.4533361792564392,1.8304754089578956,-4.992538876372977,-0.004051157707231301,-0.0040511225751554865
research_sigma_cd,119.0,2.971618538487501,2.2556290732871753,1.428000000000001,1.716567172139251,-0.2919718380299656,-0.04763384934215509,-2.3032629226293304,-1.7381112205579756,1.3849178922578815,-3.5601335363712217,-2.2076805772826305,0.04216725864548001,0.2,0.17798631671314047,0.8660000000000001,0.017956015501311425,0.7435023813112035,-8.632938710562144e-07,2.2294086754470754e-07,1.6308925127050955e-08,0.016542505117267486,0.016543601293296746,0.016401118126935565,0.004401118126935565,0.004223042717294234,0.012178075409641331,0.03294507870744712,0.0014402618035166312,0.002782778441905975,0.004223040245422607,0.5359999999999999,0.5595966569716703,0.0,-0.00017807540964132063,-0.0,-0.00017807540964133103,-0.0,-0.00017807540964133103,0.28856717213925,1.5867006462296196,-1.4325517416000366,1.822022315813246,-4.9881335363712225,-0.0040449732773397695,-0.004044967307652903
research_sigma_cd,120.0,2.9881563488239884,2.2721600246956437,1.440000000000001,1.7329640683913674,-0.2877525187975829,-0.01470670338321245,-2.286866728078856,-1.73015341396976,1.3970954692776152,-3.5437366401191053,-2.1982181209137193,0.04199715445901676,0.2,0.17860450549872103,0.8660000000000001,0.017956002901550274,0.7435023939109646,-1.615922289310845e-07,-2.2825826784256265e-07,-1.674330796230805e-08,0.016533129001716038,0.016518346472707193,0.016392849282807265,0.0043928492828072645,0.00421579501759195,0.012177054265215315,0.032910529950334944,0.0014375046630452385,0.00277828574180603,0.0042157904048512685,0.5359999999999999,0.5594972942875981,0.0,-0.00017705426521530399,-0.0,-0.0001770542652153144,-0.0,-0.0001770542652153144,0.29296406839136635,1.5910608795463732,-1.4118021726608276,1.8135832261493452,-4.9837366401191066,-0.004038782259747853,-0.004038740752376636
research_sigma_cd,121.0,3.004684824446937,2.2886658506134494,1.452000000000001,1.7493528707048656,-0.2835402479947817,0.0181872105585148,-2.2704786400549346,-1.7221887850774713,1.4092720007883122,-3.527347837805607,-2.188746291552611,0.04182802184126229,0.2,0.17922327615378092,0.8660000000000001,0.01795599007576914,0.7435024067367458,5.526973478886532e-07,1.399261249090955e-07,1.0291726748601349e-08,0.016523836748355267,0.01649334481133166,0.01638497079690049,0.0043849707969004885,0.004208931355875745,0.012176039441024744,0.03287866972247311,0.0014347731114190726,0.0027741524577140804,0.004208925569133153,0.5359999999999999,0.5593985341024055,0.0,-0.00017603944102473346,-0.0,-0.00017603944102474386,-0.0,-0.00017603944102474386,0.2973528707048645,1.595412823658625,-1.3910847902297974,1.8051590527281356,-4.979347837805608,-0.004032584921920934,-0.004032891914851001
research_sigma_cd,122.0,3.021204057391866,2.305146796780496,1.464000000000001,1.7657340099851684,-0.2793346560858314,0.05105063606173377,-2.2540961607187624,-1.714218583813602,1.4214475481596647,-3.510966698525304,-2.1792660504349985,0.04165980250439373,0.2,0.17984274505068895,0.8660000000000001,0.01795601413781516,0.7435023826746998,-7.873585219364543e-07,3.857275920893244e-07,2.8447279365462208e-08,0.01651465086222463,0.016468586735817317,0.016376964953133344,0.004376964953133344,0.004201906633753749,0.012175058319379595,0.03284550209264925,0.001432065539138862,0.002769839465618133,0.004201905004756995,0.5359999999999999,0.5593003417791597,0.0,-0.00017505831937958405,-0.0,-0.00017505831937959446,-0.0,-0.00017505831937959446,0.3017340099851673,1.5997565092322013,-1.370396912097931,1.7967481147117021,-4.974966698525305,-0.00402700953264068,-0.004026848314374155
research_sigma_cd,123.0,3.037714136044094,2.3216031052741664,1.476000000000001,1.7821068006111322,-0.2751364347272742,0.0838782147438133,-2.237724890530353,-1.7062428041427526,1.4336221174270714,-3.49459390789934,-2.1697775268965316,0.04149249115490557,0.2,0.18046285443341212,0.8660000000000001,0.017955986836837693,0.7435024099756772,7.330790330328796e-07,-1.8251040811989583e-07,-1.3496281175973124e-08,0.01650551982389556,0.01644406891204363,0.01636897290230621,0.004368972902306211,0.0041949167846995206,0.01217405611760669,0.03281231338269763,0.0014293830230753266,0.002765526473522186,0.004194909496597512,0.5359999999999999,0.5592027136499184,0.0,-0.00017405611760668016,-0.0,-0.00017405611760669057,-0.0,-0.00017405611760669057,0.30610680061113116,1.6040920186170227,-1.349743902683258,1.7883511037565876,-4.9705939078993415,-0.004020799572395761,-0.00402086066709283
research_sigma_cd,124.0,3.0542151412099723,2.338035016987766,1.488000000000001,1.7984719557897808,-0.27094482251643237,0.11667526282712903,-2.2213597541606367,-1.6982601829583934,1.445795660394878,-3.4782287527206917,-2.1602795693324,0.04132613448255777,0.2,0.18108355648624425,0.8660000000000001,0.017955986499104754,0.7435024103134101,7.518879656664978e-07,5.079169862476363e-07,3.76600865215071e-08,0.016496485663535954,0.016419797501880728,0.016361389175061025,0.004361389175061025,0.004188302079722095,0.01217308709533893,0.032781840061266054,0.0014267215275050177,0.002761572897434234,0.004188294424939252,0.5359999999999999,0.5591056763716982,0.0,-0.00017308709533897515,-0.0,-0.00017308709533893005,-0.0,-0.00017308709533893005,0.3104719557897797,1.6084194808150942,-1.329120397567749,1.7799685697622982,-4.966228752720693,-0.004015212083738229,-0.004015214984383165
research_sigma_cd,125.0,3.0707071537637893,2.354442771796588,1.500000000000001,1.8148295789612543,-0.26675983056783004,0.1494418948663454,-2.2050008769302427,-1.690273228310229,1.4579682916177492,-3.461871129549218,-2.150774224306298,0.04116062315501852,0.2,0.18170503796760126,0.8660000000000001,0.017956009016983923,0.743502387795531,-5.02170955485326e-07,-1.7670911844902548e-07,-1.3137291088316516e-08,0.016487549842352803,0.016395755045229558,0.016353657915828546,0.004353657915828545,0.004181533691077877,0.012172124224750669,0.03275003178700653,0.0014240904538087042,0.002757439613342285,0.004181530067150989,0.5359999999999999,0.5590091656056974,0.0,-0.00017212422475065825,-0.0,-0.00017212422475066866,-0.0,-0.00017212422475066866,0.3148295789612532,1.6127388621460401,-1.3085263967514038,1.7715979012389889,-4.961871129549219,-0.004009618443401086,-0.004009409466327208
research_sigma_cd,126.0,3.0871902628578716,2.37082660749832,1.5120000000000011,1.831179271621438,-0.2625817551342766,0.1821753264011421,-2.188651281097178,-1.6822794198451956,1.4701399088443794,-3.4455214368890346,-2.1412595119006617,0.040996055679477714,0.2,0.18232707543897977,0.8660000000000001,0.017956007278355376,0.7435023895341596,-4.0534383627388593e-07,8.996283851203657e-08,6.706005889478561e-09,0.016478679902265217,0.016371953865027884,0.01634584868574318,0.00434584868574318,0.0041747084250345345,0.012171140260708646,0.03271753186703952,0.0014214880817136684,0.0027532164752483365,0.004174704556962005,0.5359999999999999,0.5589132382346654,0.0,-0.0001711402607085244,-0.0,-0.00017114026070864582,-0.0,-0.00017114026070864582,0.3191792716214368,1.6170503540134922,-1.2879645824432373,1.763242017043839,-4.957521436889036,-0.004003390245425509,-0.004003568164325889
research_sigma_cd,127.0,3.1036645370111833,2.387186757971421,1.5240000000000011,1.8475212763327407,-0.25841041371776097,0.21487695860042444,-2.1723097993709963,-1.67428000880108,1.4823105721391665,-3.429179432177732,-2.131736423841731,0.040832374939876334,0.2,0.18294977293179293,0.8660000000000001,0.017955997887633208,0.7435023989248817,1.1764128471369872e-07,1.791286825536531e-07,1.3388001568470642e-08,0.016469887385872503,0.0163483843781381,0.016338266672212276,0.004338266672212276,0.004168077426124239,0.012170189246088037,0.03268640600100137,0.001418900386128874,0.002749173045158386,0.00416807343128726,0.5359999999999999,0.5588178603989076,0.0,-0.0001701892460880261,-0.0,-0.0001701892460880365,-0.0,-0.0001701892460880365,0.3235212763327395,1.6213539648720168,-1.267433613538742,1.7548994233766517,-4.953179432177733,-0.003997784749120825,-0.003997888180036203
research_sigma_cd,128.0,3.12013006184075,2.4035234539964527,1.5360000000000011,1.8638558049658625,-0.25424560028202814,0.24754813840314482,-2.1559753155933077,-1.6662749893434372,1.4944802873365555,-3.41284490354461,-2.1222049275461083,0.04066957580270698,0.2,0.18357313913655673,0.8660000000000001,0.017955997082209164,0.7435023997303057,1.624967183033732e-07,2.9682466928804274e-07,2.22431554286473e-08,0.016461180653733684,0.016325044603711713,0.016330806397859887,0.004330806397859887,0.004161562351283732,0.012169244046576155,0.03265595650232567,0.0014163390803619846,0.002745219469070434,0.004161558549432419,0.5359999999999999,0.5587230285628549,0.0,-0.00016924404657620018,-0.0,-0.00016924404657615508,-0.0,-0.00016924404657615508,0.3278558049658613,1.6256497745041945,-1.2469321489334106,1.7465699142011728,-4.948844903544611,-0.003992173437707303,-0.003992318304707577
research_sigma_cd,129.0,3.136586921360174,2.41983692418689,1.5480000000000012,1.8801828891284604,-0.2500872890151935,0.2801888716050758,-2.139648052581814,-1.6582643556764947,1.5066490602323188,-3.3965178193820122,-2.112665023233999,0.04050765316532942,0.2,0.18419716934450492,0.8660000000000001,0.017956000293619698,0.7435023965188953,-1.635217783402254e-08,4.68862683344895e-07,3.522766037211689e-08,0.016452556189932813,0.01630193234836921,0.016323377277717266,0.004323377277717266,0.0041550726540858784,0.012168304623631387,0.03262551278021708,0.0014138030168794704,0.0027412658929824823,0.004155068909861953,0.5359999999999999,0.5586287392163616,0.0,-0.00016830462363132126,-0.0,-0.00016830462363138718,-0.0,-0.00016830462363138718,0.3321828891284593,1.629937861127855,-1.226460188627243,1.7382534637055176,-4.944517819382013,-0.0039865563497267775,-0.003986768030454491
research_sigma_cd,130.0,3.1530351969128816,2.436127392492427,1.5600000000000012,1.896502559521297,-0.24593545497385638,0.312799163963579,-2.123328228528848,-1.6502481020428907,1.5188168965838182,-3.3801981489891757,-2.1031167113414444,0.04034660195579952,0.2,0.18482185878099547,0.8660000000000001,0.017956003052741233,0.7435023937597737,-1.7001230734337014e-07,7.201861249583885e-07,5.425260102276397e-08,0.01644401059783554,0.016279045460544702,0.016315995761036484,0.004315995761036483,0.004148598473811882,0.012167397287224602,0.03259510114464648,0.0014112823925016098,0.002737312316894531,0.004148594709396141,0.5359999999999999,0.5585349888745066,0.0,-0.00016739728722464653,-0.0,-0.00016739728722460143,-0.0,-0.00016739728722460143,0.3365025595212958,1.6342183003290633,-1.2060177326202393,1.729950046946285,-4.940198148989177,-0.003981562826300689,-0.0039812011865872805
research_sigma_cd,131.0,3.169474965370486,2.452395084455811,1.5720000000000012,1.9128148806505334,-0.24179009206756974,0.3453790738943687,-2.107016010561442,-1.642227481329096,1.530983854806768,-3.363885827859939,-2.0935610112858978,0.04018636655387754,0.2,0.1854473002869235,0.8660000000000001,0.017956001200367177,0.7435023956121477,-6.685047670984545e-08,-2.544167436724365e-07,-1.9215664726068837e-08,0.016435543025794988,0.016256374341829125,0.016308625377564057,0.004308625377564056,0.004142156179193335,0.012166469198370722,0.03256466875662878,0.001408794363050008,0.0027333587408065792,0.004142153103856587,0.5359999999999999,0.5584417446494704,0.0,-0.00016646919837071117,-0.0,-0.00016646919837072158,-0.0,-0.00016646919837072158,0.3408148806505322,1.6384911105637179,-1.1856047809123993,1.721658346530843,-4.9358858278599405,-0.0039759344042293865,-0.003975686980822613
research_sigma_cd,132.0,3.1859063016028757,2.468640219774816,1.5840000000000012,1.929119810276425,-0.2376511426154697,0.37792850147683654,-2.090711718297979,-1.6341999708513495,1.5431498349805597,-3.3475808982340474,-2.083995886091879,0.04002704329830549,0.2,0.18607329373103604,0.8660000000000001,0.017955989755890304,0.7435024070566246,5.705119523469193e-07,2.253393112106039e-07,1.7063821300400406e-08,0.016427145665002363,0.016233931812233454,0.016301374966150917,0.004301374966150916,0.0041358284019631375,0.01216554656418778,0.03253491237553574,0.0014063277032688127,0.0027294950187206264,0.0041358227219894395,0.5359999999999999,0.558349062083588,0.0,-0.00016554656418765745,-0.0,-0.00016554656418777888,-0.0,-0.00016554656418777888,0.3451198102764239,1.642756466622316,-1.1652213335037231,1.7133809273826979,-4.931580898234048,-0.003970300527487147,-0.003970281837775359
research_sigma_cd,133.0,3.2023292911245744,2.4848630163541907,1.5960000000000012,1.9454176305828352,-0.23351843526364346,0.4104488986454402,-2.0744141177087503,-1.6261680823840703,1.5553149479351436,-3.3312830779276372,-2.0744233392440243,0.03986852624085423,0.2,0.18670004379870048,0.8660000000000001,0.017955985810651283,0.7435024110018637,7.902291336847611e-07,-2.917961672288527e-07,-2.2153623713272452e-08,0.016418831551651997,0.016211701159450875,0.016294351781198313,0.004294351781198313,0.004129695979642745,0.012164655801555568,0.03250652897050088,0.0014038779975318215,0.0027258110046386717,0.004129689002170494,0.5359999999999999,0.5582568790307758,0.0,-0.0001646558015555577,-0.0,-0.0001646558015555681,-0.0,-0.0001646558015555681,0.34941763058283404,1.6470143431894309,-1.1448660492897034,1.705114995543567,-4.927283077927639,-0.003965290430286483,-0.0039650401780871765
research_sigma_cd,134.0,3.2187440069938904,2.50106369359876,1.6080000000000012,1.9617085138388217,-0.22939175065618422,0.4429415594178383,-2.0581221341809215,-1.6181305517119224,1.5674791465836708,-3.3149921946716505,-2.0648423192476786,0.039710861006599485,0.2,0.18732746156428792,0.8660000000000001,0.017956005567127727,0.7435023912453872,-3.1004270883983054e-07,-2.751650876042788e-07,-2.094500103910768e-08,0.01641060724339595,0.01618968801484463,0.01628724958588612,0.004287249585886121,0.004123505304135633,0.012163744281750488,0.03247745425603943,0.0014014647773430025,0.0027220371365547177,0.00412350191389772,0.5359999999999999,0.5581652215309326,0.0,-0.0001637442817504775,-0.0,-0.0001637442817504879,-0.0,-0.0001637442817504879,0.3537085138388205,1.6512648604102196,-1.1245375871658325,1.696861642959728,-4.922992194671652,-0.0039596454391663816,-0.003959761022385145
research_sigma_cd,135.0,3.2351505261582614,2.5172424652849816,1.6200000000000012,1.9779921297546075,-0.2252714246553722,0.47540380715751906,-2.0418386581274626,-1.610087373262403,1.5796424364986446,-3.298708578755865,-2.0552528939583254,0.03955404267166533,0.2,0.187955514923812,0.8660000000000001,0.017956003055759194,0.7435023937567558,-1.701803822307113e-07,-6.062972968123859e-08,-4.626904498428175e-09,0.016402445665577706,0.016167889871306605,0.01628017601355347,0.004280176013553471,0.00411733769755529,0.012162838315998181,0.03244838509563075,0.001399070425361243,0.0027182632684707637,0.0041173336938320065,0.5359999999999999,0.5580740862203086,0.0,-0.00016283831599817056,-0.0,-0.00016283831599818097,-0.0,-0.00016283831599818097,0.35799212975460626,1.6555080896596168,-1.1042386293411255,1.688621205493462,-4.918708578755866,-0.0039539948939932845,-0.003954499381557109
research_sigma_cd,136.0,3.2515489225900356,2.533399543197985,1.6320000000000012,1.9942688658659287,-0.22115707526107364,0.5078383296090998,-2.025561213588885,-1.602038541499909,1.5918048232156672,-3.282431842644544,-2.0456549968138775,0.03939806634187776,0.2,0.18858422641379965,0.8660000000000001,0.01795601577628568,0.7435023810362292,-8.786076386435582e-07,7.33810040287608e-07,5.614387907360019e-08,0.0163943676141583,0.016146305227327476,0.016273165145809676,0.004273165145809676,0.004111175819014656,0.01216198932679502,0.032419372911771216,0.0013966848348298828,0.0027144894003868097,0.004111174235216692,0.5359999999999999,0.5579834697592458,0.0,-0.0001619893267950645,-0.0,-0.0001619893267950194,-0.0,-0.0001619893267950194,0.36226886586592744,1.6597440993743684,-1.0839664936065674,1.6803933011446348,-4.914431842644545,-0.00394959867445599,-0.003949186492219637
research_sigma_cd,137.0,3.2679392709853547,2.5495351372359805,1.6440000000000012,2.010538460046227,-0.2170490730173429,0.5402425529810615,-2.009292584254919,-1.593986570611315,1.6039664151522346,-3.2661622484642456,-2.0360507262516268,0.03924282827287514,0.2,0.18921376229537942,0.8660000000000001,0.01795599845149807,0.7435023983610168,8.623869351964686e-08,-8.849942023658741e-07,-6.788433681848005e-08,0.016386350698463156,0.0161249168945296,0.016266165379235753,0.004266165379235753,0.004105045594089085,0.012161119785146668,0.03239034017546649,0.0013943262013944413,0.002710715532302856,0.004105041733697298,0.5359999999999999,0.5578933114144218,0.0,-0.00016111978514671277,-0.0,-0.00016111978514666767,-0.0,-0.00016111978514666767,0.3665384600462256,1.6639728558331202,-1.063723862171173,1.6721756778529306,-4.910162248464247,-0.003944567356271911,-0.003943925808942417
research_sigma_cd,138.0,3.2843216473832757,2.5656494542275787,1.6560000000000012,2.0268011966244,-0.21294698407289547,0.5726190099600328,-1.993030444267546,-1.5859276762124528,1.6161270627859605,-3.2498995118860723,-2.026436968543145,0.03908847250853992,0.2,0.18984384822574607,0.8660000000000001,0.017955987739117787,0.7435024090733972,6.828294938365786e-07,-5.49284618678314e-07,-4.224085903281605e-08,0.016378408722529644,0.016103745567267784,0.016259445512251114,0.004259445512251114,0.004099215956030133,0.01216022955622098,0.0323632984086456,0.001391999124881859,0.002707211226224899,0.004099210351106758,0.5359999999999999,0.5578036943726471,0.0,-0.0001602295562209699,-0.0,-0.0001602295562209803,-0.0,-0.0001602295562209803,0.3708011966243989,1.6681945845973152,-1.0435080528259277,1.6639718356736195,-4.905899511886074,-0.003938901074272305,-0.003938986399809153
research_sigma_cd,139.0,3.3006961223996454,2.5817427002671423,1.6680000000000013,2.043057351070729,-0.20885064110528262,0.6049691497983527,-1.9767735504687896,-1.5778643727598596,1.6282868742646766,-3.2336433574397434,-2.016815719618589,0.03893489554506229,0.2,0.19047469204289916,0.8660000000000001,0.017956001014925813,0.7435023957975891,-5.652293388891394e-08,-7.143431286493751e-07,-5.5073748173040116e-08,0.016370555255993693,0.01608277485970185,0.016252771882937944,0.004252771882937944,0.0040934015128664125,0.012159370370071532,0.03233628768460095,0.0013896910123543135,0.002703706920146942,0.004093397932501255,0.5359999999999999,0.5577145580621087,0.0,-0.000159370370071521,-0.0,-0.0001593703700715314,-0.0,-0.0001593703700715314,0.3750573510707278,1.6724092481349688,-1.0233177244663239,1.6557789846798838,-4.901643357439744,-0.003933859400588657,-0.003934031142794881
research_sigma_cd,140.0,3.3170627795944463,2.597815078678354,1.6800000000000013,2.059306740390276,-0.20476018104716265,0.6372915853292347,-1.9605234933491191,-1.56979539501363,1.6404458035261036,-3.2173939681201964,-2.0071859986860123,0.03878214203964844,0.2,0.19110617616900047,0.8660000000000001,0.017956013005949515,0.7435023838065654,-7.243230570885828e-07,-2.0580020620997175e-07,-1.590677237151006e-08,0.016362772578337334,0.01606201000621727,0.01624594580309191,0.00424594580309191,0.004087429641764784,0.012158516161327126,0.032307940833453896,0.0013874046176133685,0.0027000229060649868,0.004087427523678355,0.5359999999999999,0.557625927942455,0.0,-0.00015851616132717128,-0.0,-0.00015851616132712618,-0.0,-0.00015851616132712618,0.3793067403902748,1.6766169760683427,-1.003154218196869,1.6475985731065663,-4.8973939681201974,-0.003928812749500521,-0.0039289134804376576
research_sigma_cd,141.0,3.333421680393208,2.6138667880813946,1.6920000000000013,2.075549242676913,-0.20067578182175305,0.6695850314652605,-1.9442817566161341,-1.5617219982588606,1.6526039065873308,-3.2011514658335596,-1.9975488542174884,0.03863015853958697,0.2,0.1917383819180626,0.8660000000000001,0.017955999259663437,0.7435023975528515,4.1230594938213017e-08,-5.128812543553352e-07,-3.974183157562372e-08,0.016355048499893082,0.016041441595971283,0.01623923587694276,0.004239235876942759,0.0040815687790469735,0.012157667097895786,0.03228026967987363,0.001385135862659108,0.0026964287459850305,0.004081564608644139,0.5359999999999999,0.5575377725452303,0.0,-0.00015766709789577504,-0.0,-0.00015766709789578545,-0.0,-0.00015766709789578545,0.3835492426769116,1.6808177738058772,-0.9830188751220703,1.639429467574699,-4.893151465833561,-0.00392376095309932,-0.003923901681151188
research_sigma_cd,142.0,3.3497729018694002,2.629898030562672,1.7040000000000013,2.0917852121441616,-0.1965970434890687,0.701852124688982,-1.9280459058736898,-1.5536429169198287,1.6647611377218952,-3.184915496366311,-1.9879032043815852,0.03847898938474088,0.2,0.1923712326287683,0.8660000000000001,0.017955997127841065,0.7435023996846739,1.599553991482594e-07,7.565589754676694e-08,5.8771218169884065e-09,0.016347401387930893,0.01602107560894137,0.016232643137642055,0.004232643137642055,0.004075820189353374,0.012156822948288681,0.03225327399237132,0.00138289088508193,0.0026929244399070736,0.004075815324989004,0.5359999999999999,0.5574501171399506,0.0,-0.0001568229482886152,-0.0,-0.00015682294828868112,-0.0,-0.00015682294828868112,0.3877852121441603,1.685011764147505,-0.9629090130329132,1.6312725794464822,-4.888915496366312,-0.003918704242873439,-0.003918997241064693
research_sigma_cd,143.0,3.3661165126500663,2.6459090038231534,1.7160000000000013,2.108014528952197,-0.1925241414430463,0.7340915794500031,-1.9118174243731503,-1.5455594067446075,1.6769175524839082,-3.1686861795582755,-1.9782500959195004,0.03832858154199804,0.2,0.19300481034546865,0.8660000000000001,0.01795598212906833,0.7435024146834466,9.952628947651476e-07,7.311512817409493e-08,5.693985116739242e-09,0.01633981871318782,0.016000902696585034,0.016226273315953055,0.0042262733159530545,0.004070264405120927,0.012156008910832128,0.03222764952152701,0.0013806572347773785,0.002689599841833114,0.004070257076610493,0.5359999999999999,0.5573629305313581,0.0,-0.0001560089108320617,-0.0,-0.00015600891083212762,-0.0,-0.00015600891083212762,0.3920145289521957,1.6891989601661581,-0.942825973033905,1.623126772813668,-4.884686179558277,-0.003914273071589758,-0.003914255494288799
research_sigma_cd,144.0,3.3824525837109913,2.6618999002347437,1.7280000000000013,2.1242377587760677,-0.18845651467882685,0.766307423732036,-1.8955924765027077,-1.5374714630630082,1.6890731555435594,-3.1524629497344048,-1.9685894236719486,0.03817893088415883,0.2,0.19363915309421806,0.8660000000000001,0.017956012978308386,0.7435023838342065,-7.227836769096996e-07,4.050129565058569e-08,3.161997552680873e-09,0.016332333268319635,0.015980921874663327,0.016219840509225536,0.004219840509225536,0.004064640979994372,0.012155199529231164,0.03220135915428457,0.0013784541338991954,0.002686185389757156,0.004064639523656351,0.5359999999999999,0.557276209901204,0.0,-0.00015519952923104263,-0.0,-0.00015519952923116406,-0.0,-0.00015519952923116406,0.3962377587760664,1.693379428167432,-0.9227657318115234,1.6149914866713966,-4.880462949734406,-0.003909837244450598,-0.003909441450763208
research_sigma_cd,145.0,3.3987811880129977,2.677870912986303,1.7400000000000013,2.140454209970648,-0.18439485948305756,0.7984942977585723,-1.8793766152277307,-1.5293790812335086,1.7012279515423705,-3.1362464985398244,-1.95892132541359,0.038030033307010276,0.2,0.19427420091457728,0.8660000000000001,0.017956002385707447,0.7435023944268074,-1.328640735209774e-07,-7.184722465858329e-07,-5.6231860112720966e-08,0.01632489430817982,0.01596113041794388,0.016213327351807916,0.0042133273518079155,0.004058957414214359,0.012154369937593557,0.03217437802475176,0.0013762730422934675,0.0026826810836791987,0.004058954125972666,0.5359999999999999,0.5571899524500051,0.0,-0.0001543699375936014,-0.0,-0.0001543699375935563,-0.0,-0.0001543699375935563,0.40045420997064674,1.6975532364706272,-0.9027336537837982,1.6068674173063158,-4.8762464985398255,-0.00390476597625522,-0.003904587476620803
research_sigma_cd,146.0,3.415102392256088,2.693822232250138,1.7520000000000013,2.1566644134796835,-0.18033859985039813,0.8306561797815395,-1.8631660524685987,-1.5212809950155186,1.7133818954187465,-3.120036295030789,-1.9492446867626991,0.037881932522068264,0.2,0.1949098902245486,0.8660000000000001,0.01795600883640419,0.7435023879761107,-4.921141698588372e-07,-3.164979731629103e-07,-2.4832436079647024e-08,0.016317532604810295,0.015941534617570825,0.016207019932070743,0.004207019932070743,0.00405347479397522,0.012153545138095523,0.03214874279186597,0.0013741158640158749,0.0026793564856052395,0.004053472349621114,0.5359999999999999,0.5571041830708519,0.0,-0.0001535451380955677,-0.0,-0.0001535451380955226,-0.0,-0.0001535451380955226,0.4046644134796822,1.7017204968373416,-0.882725715637207,1.5987553000152703,-4.8720362950307905,-0.00389968991592049,-0.0038999296558796977
research_sigma_cd,147.0,3.4314162680368847,2.70975404666747,1.7640000000000013,2.1728682498347895,-0.17628790989510712,0.8627917833423042,-1.8469622633251659,-1.5131784610653496,1.7255350418185615,-3.103832458675683,-1.9395605520201762,0.03773457632058908,0.2,0.1955463041309666,0.8660000000000001,0.017956007988671,0.7435023888238439,-4.4490249706541363e-07,-2.3899232814983407e-07,-1.8797696899053307e-08,0.016310235463103256,0.01592212527921006,0.016200754800990147,0.004200754800990147,0.004048004862615806,0.012152749938374341,0.03212313715875703,0.0013719702231605423,0.00267603188753128,0.004048002110691822,0.5359999999999999,0.5570188711036698,0.0,-0.00015274993837427475,-0.0,-0.00015274993837434067,-0.0,-0.00015274993837434067,0.4088682498347882,1.7058812262183232,-0.8627432584762573,1.5906539976103333,-4.867832458675684,-0.0038952399069014376,-0.0038952549242414654
research_sigma_cd,148.0,3.4477228798606223,2.7256665443229733,1.7760000000000014,2.189065923081664,-0.17224259012516652,0.8949024540990536,-1.8307640902239197,-1.5050714748293215,1.7376873952954952,-3.0876347854288086,-1.9298688854136503,0.037587960669140025,0.2,0.19618345266884665,0.8660000000000001,0.01795601696406234,0.7435023798484526,-9.447568687370733e-07,-2.864632930865696e-07,-2.2586987918904455e-08,0.01630301211387826,0.01590290098924478,0.016194424651814865,0.004194424651814865,0.004042465373449766,0.012151959278365099,0.03209686551310631,0.0013698474357193432,0.002672617435455322,0.004042464871174665,0.5359999999999999,0.5569340138062557,0.0,-0.00015195927836514356,-0.0,-0.00015195927836509845,-0.0,-0.00015195927836509845,0.41306592308166246,1.710035484565127,-0.8427849411964417,1.5825633105994872,-4.86363478542881,-0.0038907853581704455,-0.0038905060950846677
research_sigma_cd,149.0,3.464022295308732,2.7415599117601195,1.7880000000000014,2.2052570991384193,-0.1682029791482076,0.9269855143685168,-1.8145743973916026,-1.4969600317816905,1.7498389603752917,-3.071443609372053,-1.9201697566686773,0.037442081556791205,0.2,0.1968213034764408,0.8660000000000001,0.017955990331278898,0.743502406481236,5.384675696440411e-07,-7.975184996844575e-07,-6.30369377252471e-08,0.01629583590458336,0.01588385959878054,0.01618828355498847,0.004188283554988469,0.004037134878559612,0.012151148676428858,0.032071915030036036,0.001367746785290986,0.0026693826913833612,0.004037129476674347,0.5359999999999999,0.5568496084546253,0.0,-0.00015114867642895824,-0.0,-0.00015114867642885763,-0.0,-0.00015114867642885763,0.4172570991384179,1.7141833349334403,-0.8228534460067749,1.5744835775903627,-4.859443609372055,-0.0038856951002741447,-0.003885986202130754
research_sigma_cd,150.0,3.4803145844084873,2.7574343303739695,1.8000000000000014,2.2214424901916408,-0.1641683203680473,0.9590462841591256,-1.7983880462148438,-1.4888428650298697,1.761989692648353,-3.0552582183188317,-1.910462016748154,0.037296982078478834,0.2,0.19745980678841024,0.8660000000000001,0.01795600757125614,0.7435023892412588,-4.216559674752318e-07,2.957404201531233e-07,2.3432907086951005e-08,0.01628874938800598,0.015865007702206183,0.016182184644694564,0.004182184644694564,0.004031817537530569,0.012150367107163995,0.03204699357963714,0.001365666152677855,0.002666147947311401,0.004031814099989256,0.5359999999999999,0.5567656795729441,0.0,-0.0001503671071639845,-0.0,-0.0001503671071639949,-0.0,-0.0001503671071639949,0.4214424901916394,1.7183248917601344,-0.8029434084892273,1.566415353288962,-4.855258218318833,-0.003881231460798773,-0.003881450430366574
research_sigma_cd,151.0,3.4965998149183273,2.7732899835903058,1.8120000000000014,2.2376214684278084,-0.16013934407314645,0.9910795015277911,-1.7822104820625146,-1.480722494703288,1.7741396945896197,-3.039079240082664,-1.900747820372487,0.03715256392569643,0.2,0.1980991067540316,0.8660000000000001,0.017955982179973982,0.743502414632541,9.924278709938505e-07,-3.5957936406205704e-07,-2.8560644432795712e-08,0.016281706431836282,0.015846328296383685,0.016176125612862524,0.004176125612862524,0.0040265111649547825,0.012149614447907742,0.03202210103924685,0.0013635903546964183,0.0026629132032394407,0.004026503557935859,0.5359999999999999,0.5566821699036403,0.0,-0.00014961444790767553,-0.0,-0.00014961444790774145,-0.0,-0.00014961444790774145,0.425621468427807,1.7224601203287075,-0.7830601930618286,1.558356745379376,-4.851079240082665,-0.0038773945624070993,-0.003876896717047041
research_sigma_cd,152.0,3.5128780433753053,2.7891270494456615,1.8240000000000014,2.253794741417366,-0.15611529803813773,1.0230904862376193,-1.7660365632080421,-1.472597654154684,1.7862889215441684,-3.0229059670931067,-1.8910260179008962,0.03700887041391008,0.2,0.19873915378360285,0.8660000000000001,0.01795599377711664,0.7435024030353983,3.465629556664851e-07,-6.99950299942742e-07,-5.57307146265007e-08,0.016274750169411573,0.015827828026583425,0.016170237115743724,0.004170237115743724,0.004021419617860511,0.012148817497883213,0.03199850531259574,0.0013615577816043587,0.002659858167171478,0.004021415948775836,0.5359999999999999,0.5565991041167554,0.0,-0.00014881749788325793,-0.0,-0.00014881749788321283,-0.0,-0.00014881749788321283,0.4297947414173644,1.7265891218311369,-0.7631984353065491,1.5503083129384228,-4.846905967093108,-0.0038722906525989753,-0.0038726021199772982
research_sigma_cd,153.0,3.529149337494028,2.8049457047223076,1.8360000000000014,2.269961942659296,-0.15209650483742543,1.0550765121529826,-1.749869192569325,-1.464467076008486,1.7984373295853862,-3.0067387658511766,-1.881295674754557,0.03686594418121941,0.2,0.1993798120526557,0.8660000000000001,0.017955996818804536,0.7435023999937104,1.7716616840246502e-07,2.6335539260458063e-07,2.1019380930242804e-08,0.01626785179904955,0.01580951198718743,0.016164211444355647,0.004164211444355647,0.004016162229831033,0.012148049214524614,0.031973597148103106,0.0013595348528932284,0.0026566234230995175,0.004016158275992746,0.5359999999999999,0.5565165064631994,0.0,-0.00014804921452465925,-0.0,-0.00014804921452461414,-0.0,-0.00014804921452461414,0.43396194265929444,1.730712007908642,-0.7433608174324036,1.5422716898426907,-4.842738765851178,-0.0038678137272174506,-0.0038681130153064187
research_sigma_cd,154.0,3.5454137709360594,2.8207461284395716,1.8480000000000014,2.286123164306077,-0.14808297357847566,1.0870376805338255,-1.733708447905746,-1.4563332816091188,1.8105850199732176,-2.9905775442043954,-1.8715587997679695,0.03672368803430763,0.2,0.20002128427591256,0.8660000000000001,0.017955988254097718,0.7435024085584172,6.541493711154089e-07,-1.0137412198574225e-07,-8.110577154329945e-09,0.016261012528050803,0.01579136432393503,0.016158406152099847,0.0041584061520998465,0.004011096674991443,0.012147309477108403,0.03195005863406031,0.0013575220068109918,0.0026535683870315546,0.004011090393842546,0.5359999999999999,0.5564343203937209,0.0,-0.0001473094771083372,-0.0,-0.00014730947710840311,-0.0,-0.00014730947710840311,0.4381231643060757,1.7348287509628417,-0.7235473394393921,1.5342442625952766,-4.838577544204397,-0.0038639639069859566,-0.0038637871978830403
research_sigma_cd,155.0,3.5616714006176986,2.836528491807762,1.8600000000000014,2.3022787549634955,-0.14407431148744254,1.1189766294211032,-1.7175518623866588,-1.4481950038224578,1.822731948539603,-2.974421953546977,-1.8618143154055447,0.03658214482864213,0.2,0.20066349189870214,0.8660000000000001,0.017956006117831054,0.7435023906946838,-3.4071229793042335e-07,-9.006281320722564e-08,-7.222932113526426e-09,0.016254251663930408,0.01577339120863036,0.016152607639136285,0.004152607639136285,0.004006057815948649,0.012146549823187636,0.03192650020351295,0.0013555416074451149,0.002650513350963592,0.004006054958408707,0.5359999999999999,0.5563525703025968,0.0,-0.00014654982318756948,-0.0,-0.0001465498231876354,-0.0,-0.0001465498231876354,0.4422787549634941,1.7389394520780956,-0.7037553191184998,1.526226949724519,-4.834421953546978,-0.003859478352166379,-0.003859507992761014
research_sigma_cd,156.0,3.5779222915823445,2.852292968369012,1.8720000000000014,2.3184283795843497,-0.14007085794657836,1.1508906809408515,-1.7014022874281605,-1.4400522383134515,1.834878119619593,-2.958272328926123,-1.8520622927689563,0.03644131070758301,0.2,0.20130640219851936,0.8660000000000001,0.01795600522609351,0.7435023915864214,-2.9104994236917037e-07,-4.2092932694970386e-08,-3.383895802455683e-09,0.016247542677806717,0.015755590631396477,0.01614665368158308,0.004146653681583078,0.004000859190547379,0.0121457944910357,0.031901604990226984,0.001353576901634436,0.002647278606891632,0.004000855508526068,0.5359999999999999,0.5562712535897611,0.0,-0.00014579449103568898,-0.0,-0.00014579449103569939,-0.0,-0.00014579449103569939,0.4464283795843482,1.7430441719627516,-0.6839874386787415,1.5182200906126713,-4.8302723289261245,-0.0038549884755778585,-0.0038550646995116795
research_sigma_cd,157.0,3.5941665082885934,2.868039730217578,1.8840000000000015,2.3345720623266617,-0.13607259310634778,1.1827798394015572,-1.6852598908160208,-1.4319049807736135,1.8470235375216744,-2.9421286461838108,-1.842302731379122,0.0363011818360775,0.2,0.20195001112172867,0.8660000000000001,0.017955982132348253,0.7435024146801666,9.950802302149953e-07,6.238505445566034e-08,5.027181143590909e-09,0.01624088288451357,0.015737961109517584,0.01614109731821589,0.004141097318215891,0.003996030154565622,0.01214506716365027,0.03187941999072241,0.0013516191878848898,0.0026444032788276667,0.003996022466712557,0.5359999999999999,0.5561903676723486,0.0,-0.00014506716365031425,-0.0,-0.00014506716365026914,-0.0,-0.00014506716365026914,0.45057206232666025,1.747142970766919,-0.6642436981201172,1.5102236654101973,-4.826128646183812,-0.0038511262453158057,-0.0038509629909153527
research_sigma_cd,158.0,3.610404103944421,2.883768944221117,1.8960000000000015,2.3507105742207814,-0.13207879763744712,1.2146495209222963,-1.669119423298821,-1.4237544908040831,1.8591682539468934,-2.925990134289691,-1.8325364873094396,0.03616170869634131,0.2,0.20259447703289551,0.8660000000000001,0.017956017247515676,0.7435023795649992,-9.60542849703927e-07,-3.686017335802205e-07,-2.977379837121319e-08,0.016234319813810752,0.015720495139365256,0.01613547408634508,0.0041354740863450805,0.003991130163054191,0.01214434392329089,0.03185656852599017,0.0013496920438715544,0.002641438096761703,0.0039911301406332575,0.5359999999999999,0.5561098836144208,0.0,-0.00014434392329093493,-0.0,-0.00014434392329088983,-0.0,-0.00014434392329088983,0.45471057422078,1.7512358499975276,-0.6445187330245972,1.502235643485608,-4.821990134289693,-0.00384725992802748,-0.003846786239763301
research_sigma_cd,159.0,3.6266351480520984,2.899480778616992,1.9080000000000015,2.366843010499352,-0.1280903327802394,1.2464929764535375,-1.6529878021634543,-1.4155995006296684,1.8713122253682561,-2.9098576980111206,-1.822762738335226,0.03602293353798975,0.2,0.20323961951881303,0.8660000000000001,0.017956002610796218,0.7435023942017187,-1.4539964610094103e-07,-8.849914738817688e-07,-7.165479398718588e-08,0.016227788913325797,0.01570319710556223,0.01612967959376288,0.00412967959376288,0.00398607855806854,0.01214360103569434,0.03183235630951331,0.0013477819996183808,0.0026382932066917417,0.003986075206310122,0.5359999999999999,0.5560298254472253,0.0,-0.00014360103569427407,-0.0,-0.00014360103569434,-0.0,-0.00014360103569434,0.4588430104993504,1.7553229226838423,-0.6248192489147186,1.4942581973814522,-4.817857698011122,-0.0038427576068837954,-0.0038424775223742
research_sigma_cd,160.0,3.6428597020847606,2.915175398910545,1.9200000000000015,2.382969933408307,-0.12410664052131004,1.278314233541323,-1.6368611653692222,-1.4074400060178507,1.8834554560182821,-2.8937307751021653,-1.8129813747246344,0.03588485258767431,0.2,0.20388547808919777,0.8660000000000001,0.01795599747332024,0.7435023993391947,1.4071507692392515e-07,-9.287707527505518e-07,-7.537727536588434e-08,0.016221323335499513,0.015686066362139924,0.01612417562882884,0.0041241756288288405,0.003981313261173569,0.012142862367655272,0.0318101599693551,0.0013458921193885997,0.0026354178786277766,0.003981309998016377,0.5359999999999999,0.5559501906371017,0.0,-0.00014286236765520544,-0.0,-0.00014286236765527136,-0.0,-0.00014286236765527136,0.4629699334083057,1.7594042460664785,-0.6051412224769592,1.4862907690843146,-4.813730775102167,-0.0038382510661827407,-0.0038384508935182977
research_sigma_cd,161.0,3.6590778144998084,2.9308529713372398,1.9320000000000015,2.3990913617570095,-0.12012770625789226,1.3101132963922477,-1.620739674944992,-1.399276002762034,1.8955979501035667,-2.877609346753463,-1.8031923965409313,0.03574746209320081,0.2,0.20453204845738537,0.8660000000000001,0.017955998587948295,0.7435023982245667,7.863954909481663e-08,-4.853368027468719e-07,-3.948183371904612e-08,0.016214921098182816,0.015669101490839586,0.016118695377695058,0.004118695377695058,0.003976567484363591,0.012142127893331467,0.031787967822912155,0.0013440217576009452,0.002632542550563812,0.003976564308164757,0.5359999999999999,0.5558709766671183,0.0,-0.00014212789333140075,-0.0,-0.00014212789333146666,-0.0,-0.00014212789333146666,0.46709136175700805,1.7634798643962417,-0.585484653711319,1.478333343991429,-4.809609346753464,-0.003833740331766089,-0.0038344395910321245
research_sigma_cd,162.0,3.6752895635308147,2.9465136590770946,1.9440000000000015,2.4152073241636973,-0.11615350555258286,1.3418901691871472,-1.6046234898899474,-1.3911074866813828,1.907739711804945,-2.861493384346775,-1.7933958018824891,0.03561075832341829,0.2,0.20517932713211848,0.8660000000000001,0.017956002585822316,0.7435023942266926,-1.4400880754550371e-07,4.6974777934138956e-07,3.8303412330797926e-08,0.016208578898165113,0.01565230111316876,0.01611317918038857,0.00411317918038857,0.003971735075303462,0.012141444105085109,0.03176515581029293,0.0013421544817164015,0.0026295773684978483,0.00397173185021425,0.5359999999999999,0.5557921810369524,0.0,-0.00014144410508509786,-0.0,-0.00014144410508510827,-0.0,-0.00014144410508510827,0.4712073241636958,1.7675498517258696,-0.5658495426177979,1.4703858976653923,-4.805493384346777,-0.0038304902134573826,-0.0038302909702183537
research_sigma_cd,163.0,3.691494991842134,2.962157620870364,1.9560000000000015,2.4313177201177867,-0.11218423610728534,1.3736436080128336,-1.5885140128575304,-1.3829369831889486,1.919880838313737,-2.8453829883926858,-1.783593624361599,0.03547464783245071,0.2,0.20582750681627676,0.8660000000000001,0.017955986085669978,0.743502410726845,7.749128649869874e-07,-8.838232807839574e-07,-7.223601045103223e-08,0.016202287239803895,0.015635649561900482,0.016107847839995415,0.004107847839995415,0.003967106905914841,0.012140740934080574,0.03174366551942298,0.001340310280888696,0.002626791894435882,0.003967102175324578,0.5359999999999999,0.5557137495613391,0.0,-0.0001407409340805077,-0.0,-0.00014074093408057362,-0.0,-0.00014074093408057362,0.47531772011778517,1.771614153528397,-0.5462372303009033,1.4624460052037371,-4.801382988392687,-0.003826603826814212,-0.0038263659718342675
research_sigma_cd,164.0,3.7076941666806666,2.9777850182453647,1.9680000000000015,2.447423019843688,-0.10821929174075318,1.4053775002259932,-1.5724075180193715,-1.3747606943350112,1.9320211936731062,-2.8292776886667843,-1.7737827557803654,0.035339262029187246,0.2,0.20647631077837839,0.8660000000000001,0.017956007545101862,0.7435023892674131,-4.2019939261450645e-07,-5.962180527063765e-09,-4.884333215660064e-10,0.01619607278432872,0.015619167363544281,0.016102524022901576,0.004102524022901576,0.003962505754550816,0.01214001826835076,0.03172215573382775,0.0013384979902727264,0.002624006420373916,0.003962504410646642,0.5359999999999999,0.5556357576317338,0.0,-0.00014001826835063902,-0.0,-0.00014001826835076045,-0.0,-0.00014001826835076045,0.4794230198436866,1.7756729730075604,-0.526643693447113,1.454516994331773,-4.797277688666786,-0.003822081283803902,-0.0038224874862000553
research_sigma_cd,165.0,3.7238871455556657,2.9933960077101607,1.9800000000000015,2.46352276816359,-0.10425922459818371,1.437087919480489,-1.5563080882296716,-1.3665811457565564,1.9441608748504384,-2.8131779403468826,-1.7639653021242594,0.03520450767047662,0.2,0.2071259029893836,0.8660000000000001,0.017956001825572075,0.7435023949869428,-1.0166919084397819e-07,-7.141848845648724e-08,-5.864342261796551e-09,0.016189901575394863,0.015602838378304349,0.016097073319186528,0.004097073319186528,0.0039577274555882,0.012139345863598328,0.031699355104702454,0.001336683384892857,0.0026210412383079525,0.00395772462320081,0.5359999999999999,0.5555581511951453,0.0,-0.00013934586359842793,-0.0,-0.00013934586359832732,-0.0,-0.00013934586359832732,0.4835227681635883,1.7797262707052273,-0.5070729553699493,1.4465967945903262,-4.793177940346884,-0.0038188197820010483,-0.003818381591989873
research_sigma_cd,166.0,3.740073986997441,3.008990746893128,1.9920000000000015,2.479617166482061,-0.10030383682957678,1.468776210435398,-1.54021453645773,-1.3583983338990133,1.9562998854003029,-2.7970835420284113,-1.754141223953637,0.035070381596327464,0.2,0.20777629485928545,0.8660000000000001,0.017955986624987458,0.7435024101875275,7.44877338920702e-07,-8.823422028569894e-07,-7.261911358358297e-08,0.01618378305697389,0.015586661578544641,0.016091882573825655,0.004091882573825655,0.003953251383222001,0.012138631190603655,0.031678523864096086,0.001334900115902178,0.0026183456182479856,0.003953245734150164,0.5359999999999999,0.5554809281186014,0.0,-0.0001386311906038662,-0.0,-0.00013863119060365456,-0.0,-0.00013863119060365456,0.48761716648205966,1.783774101597138,-0.4875236749649048,1.438685208129398,-4.789083542028413,-0.0038142892462553757,-0.003814620192618346
research_sigma_cd,167.0,3.7562547459064115,3.0245693897583505,2.0040000000000013,2.495706533311241,-0.09635272183173971,1.5004449672086813,-1.5241244225496693,-1.3502097242490674,1.9684381372316457,-2.7809941751992313,-1.7443084535268452,0.03493696908741659,0.2,0.2084272988050737,0.8660000000000001,0.01795600003953087,0.743502396772984,-2.2015420597654156e-09,5.904742372830896e-07,4.870979811166798e-08,0.016177734659783907,0.015570650175332794,0.01608672727443672,0.004086727274436718,0.003948784064281674,0.012137943210155044,0.03165771931603578,0.0013331311783775248,0.0026156499981880186,0.003948781176565544,0.5359999999999999,0.5554041371713797,0.0,-0.00013794321015508926,-0.0,-0.00013794321015504415,-0.0,-0.00013794321015504415,0.4917065333112398,1.7878166086747658,-0.4679931700229645,1.430784450950164,-4.784994175199232,-0.003810387669056503,-0.00381084085412663
research_sigma_cd,168.0,3.7724294738183195,3.040132092467639,2.0160000000000013,2.5117906210309346,-0.09240626870101343,1.5320916490674696,-1.5080404434001695,-1.3420191092371265,1.980575771820613,-2.764910087479538,-1.7344700514165692,0.034804133892680555,0.2,0.20907920186104803,0.8660000000000001,0.017955998090044577,0.7435023987224704,1.0636865210855717e-07,2.4027937195469917e-08,1.9866909783949893e-09,0.016171736569032175,0.015554781420125187,0.016081519238837494,0.004081519238837494,0.003944237251299443,0.012137281987538051,0.03163627097355337,0.0013313700118930609,0.0026128645241260524,0.003944234536019113,0.5359999999999999,0.5553276996115962,0.0,-0.00013728198753798493,-0.0,-0.00013728198753805085,-0.0,-0.00013728198753805085,0.4957906210309333,1.7918537019977065,-0.4484841227531433,1.4228909782424113,-4.780910087479539,-0.0038071149851179875,-0.003806955263761392
research_sigma_cd,169.0,3.78859823550072,3.055679004431843,2.0280000000000014,2.527869571788916,-0.08846424732914082,1.563717509155788,-1.491961495276055,-1.3338239542193033,1.9927127012067218,-2.7488311367215563,-1.7246239871781075,0.03467196116630099,0.2,0.20973180169744204,0.8660000000000001,0.01795599804275086,0.7435023987697641,1.0900251901091451e-07,2.7103152411278586e-07,2.2460974163918124e-08,0.016165793891063193,0.015539068295622476,0.016076406954792732,0.004076406954792732,0.003939805528244356,0.012136601426548377,0.031615473844952,0.0013296335132898895,0.0026101689040660854,0.003939802417355975,0.5359999999999999,0.5552516641364634,0.0,-0.00013660142654831064,-0.0,-0.00013660142654837656,-0.0,-0.00013660142654837656,0.4998695717889148,1.7958855342939983,-0.42899519205093384,1.415007182502253,-4.776831136721558,-0.00380320598846029,-0.003803204101695979
research_sigma_cd,170.0,3.804761080454314,3.071210277043331,2.0400000000000014,2.54394343494052,-0.08452665764452472,1.5953225967573736,-1.4758876802859575,-1.325625521214047,2.0048489746737097,-2.7327572735699523,-1.7147712540948454,0.03454040360396973,0.2,0.2103852018012767,0.8660000000000001,0.017955997177962976,0.743502399634552,1.571640253494877e-07,2.025440859476646e-08,1.682364331179187e-09,0.016159906601427382,0.015523502601501496,0.01607140498330817,0.004071404983308168,0.003935480310778616,0.012135924672529552,0.031595351075575207,0.001327914036536284,0.0026075631380081173,0.003935477174544401,0.5359999999999999,0.5551760032225455,0.0,-0.00013592467252954155,-0.0,-0.00013592467252955195,-0.0,-0.00013592467252955195,0.5039434349405187,1.7999121057806042,-0.40952637791633606,1.4071317523559053,-4.772757273569954,-0.0037992931848314093,-0.0037995556382490643
research_sigma_cd,171.0,3.820918067711055,3.086726060727766,2.0520000000000014,2.5600123817555325,-0.08059328670758359,1.6269082113069384,-1.4598178494208276,-1.3174225405889661,2.016984550551781,-2.71668832675494,-1.7049108189803508,0.03440950169807596,0.2,0.21103930602293694,0.8660000000000001,0.017956013051971392,0.7435023837605436,-7.268860922060583e-07,7.95938359443582e-07,6.626254428487854e-08,0.016154082110424614,0.015508090320129774,0.016066333490926565,0.004066333490926565,0.003931081959752891,0.012135251531173674,0.031574561366607634,0.0013262140911528102,0.0026048675179481504,0.00393108160910096,0.5359999999999999,0.5551007398504886,0.0,-0.00013525153117383004,-0.0,-0.00013525153117367392,-0.0,-0.00013525153117367392,0.5080123817555311,1.8039335171592739,-0.39007633924484253,1.3992657861659739,-4.768688326754941,-0.003795376768539249,-0.0037958304285792173
research_sigma_cd,172.0,3.837069246800326,3.102226502208111,2.0640000000000014,2.5760761019223732,-0.07666449372501893,1.658471719490589,-1.4437547827175221,-1.3092162747511256,2.029119477736057,-2.700624606588099,-1.6950437495519202,0.03427920850112675,0.2,0.21169418845422744,0.8660000000000001,0.017956001318375464,0.7435023954941394,-7.342255692321942e-08,9.275744885517412e-07,7.739669322104348e-08,0.016148296598689868,0.015492822785904031,0.016061312795348837,0.004061312795348836,0.003926685862535306,0.01213462693281353,0.031553820200635796,0.0013245109897391915,0.0026021718978881834,0.003926682887627375,0.5359999999999999,0.5550258467233439,0.0,-0.00013462693281351967,-0.0,-0.00013462693281353008,-0.0,-0.00013462693281353008,0.5120761019223719,1.807949769064269,-0.37064775824546814,1.3914083318369737,-4.7646246065881,-0.0037927231114369686,-0.003792058929721776
research_sigma_cd,173.0,3.8532146789381803,3.1177117473321965,2.0760000000000014,2.59213500734623,-0.07273991498251298,1.69001585170821,-1.4276958956239865,-1.30100798681184,2.041253804417408,-2.6845657011642423,-1.6851709582839862,0.034149477719135755,0.2,0.2123499843464188,0.8660000000000001,0.017956000989236196,0.7435023958232787,-5.5092235662357325e-08,-5.324250709204392e-07,-4.452603816207379e-08,0.016142573251563444,0.015477692455883122,0.016056372391439533,0.004056372391439533,0.003922411436275919,0.012133960955163614,0.03153370820762791,0.0013228420578119439,0.002599566131830215,0.003922408189642158,0.5359999999999999,0.5549512969504136,0.0,-0.00013396095516338136,-0.0,-0.0001339609551636138,-0.0,-0.0001339609551636138,0.5161350073462287,1.8119608745207723,-0.351237952709198,1.3835577143524023,-4.760565701164244,-0.003788799531439402,-0.003788450481112305
research_sigma_cd,174.0,3.869354412980022,3.133181940566852,2.0880000000000014,2.6081888467052523,-0.0688196708524671,1.7215391359058447,-1.4116428046610072,-1.2927938738140043,2.0533873996463843,-2.66851186180522,-1.6752895076184884,0.034020436077973004,0.2,0.21300634998263374,0.8660000000000001,0.017955987551041136,0.7435024092614738,6.933038072531872e-07,2.2947383437887936e-07,1.9233881792812824e-08,0.01613689220020266,0.01546271861564986,0.016051539505180346,0.004051539505180345,0.003918241145655199,0.012133298359525035,0.03151427014888508,0.0013211859674236162,0.0025970502197742457,0.003918236187197862,0.5359999999999999,0.5548771630569044,0.0,-0.00013329835952496927,-0.0,-0.0001332983595250352,-0.0,-0.0001332983595250352,0.5201888467052509,1.8159670133336379,-0.33184826374053955,1.3757179879912158,-4.756511861805222,-0.0037848725694300533,-0.003784942786130053
research_sigma_cd,175.0,3.885488493389843,3.1486372274486008,2.1000000000000014,2.624238086356591,-0.06490343269120258,1.7530443920059802,-1.3955928354426206,-1.2845777319507001,2.065520401136458,-2.6524626221538816,-1.6654022928520673,0.033891950812414015,0.2,0.2136636372324012,0.8660000000000001,0.01795600065114274,0.7435023961613721,-3.626324085459487e-08,-3.9199167090053777e-07,-3.292955366718253e-08,0.01613128133412317,0.015447879925790439,0.01604683256323125,0.00404683256323125,0.003914170793382188,0.012132661769849173,0.031495528648358695,0.0013195444562104192,0.0025946241617202754,0.0039141686179306944,0.5359999999999999,0.5548033684749133,0.0,-0.00013266176984932931,-0.0,-0.0001326617698491732,-0.0,-0.0001326617698491732,0.5242380863565894,1.8199680922533847,-0.3124760091304779,1.3678848902031815,-4.7524626221538835,-0.0037815752525505175,-0.0037815090235331257
research_sigma_cd,176.0,3.901616988832821,3.16407774950842,2.1120000000000014,2.640282511831715,-0.06099132926570272,1.7845301932025621,-1.379547556305858,-1.2763570243191054,2.0776527231860826,-2.6364181966787577,-1.6555073682701489,0.03376410495696025,0.2,0.21432161063002517,0.8660000000000001,0.01795601597949823,0.7435023808330167,-8.8992487956574e-07,9.701579961607365e-08,8.168141218956038e-09,0.016125721913120686,0.015433188773266895,0.016041952103036827,0.004041952103036827,0.003909945801813919,0.012132006301222908,0.03147542716437446,0.0013179261519262666,0.0025920183956623074,0.003909944547588574,0.5359999999999999,0.5547299606129045,0.0,-0.00013200630122295332,-0.0,-0.0001320063012229082,-0.0,-0.0001320063012229082,0.5282825118317134,1.8239642656467385,-0.2931225299835205,1.3600611723596523,-4.7484181966787595,-0.0037776411635292995,-0.0037779395005910106
research_sigma_cd,177.0,3.9177399448174497,3.1795036501303997,2.1240000000000014,2.6563219905626645,-0.05708354108757474,1.815995246334729,-1.3635084037956706,-1.2681330142777587,2.089784413738904,-2.620378717947808,-1.6456057611298867,0.0336368524389931,0.2,0.2149803602056511,0.8660000000000001,0.017956010121873964,0.743502386690641,-5.637041171624446e-07,2.0468245254257056e-07,1.7271494262560694e-08,0.016120202149848398,0.015418636862825862,0.01603710306190198,0.00403710306190198,0.0039057266004920432,0.012131376461409937,0.031455351309203516,0.001316312477184692,0.0025894126296043393,0.0039057251067890313,0.5359999999999999,0.5546569127276887,0.0,-0.00013137646140987114,-0.0,-0.00013137646140993706,-0.0,-0.00013137646140993706,0.532321990562663,1.8279555310785458,-0.2737891674041748,1.3522457036700493,-4.744378717947809,-0.003774337096787317,-0.003774350139082106
research_sigma_cd,178.0,3.933857402185264,3.1949150680462877,2.1360000000000015,2.6723567179555188,-0.053179876064718634,1.8474408958209692,-1.3474741722253185,-1.25990569851268,2.1019154761089025,-2.6043439905549537,-1.6356974315152406,0.03351019029445545,0.2,0.21563989743735665,0.8660000000000001,0.017956001218882304,0.7435023955936326,-6.788161499571288e-08,1.2310038921548028e-07,1.0410558692885985e-08,0.016114732253445507,0.015404223355553213,0.0160323628045298,0.004032362804529798,0.0039016128782096704,0.01213074992632035,0.03143594931100968,0.001314714167951302,0.00258689671754837,0.003901610885499672,0.5359999999999999,0.5545842228417289,0.0,-0.00013074992632039484,-0.0,-0.00013074992632034974,-0.0,-0.00013074992632034974,0.5363567179555173,1.8319419260763614,-0.25447458028793335,1.3444382920422737,-4.740343990554955,-0.0037710297253215064,-0.0037708629518895427
research_sigma_cd,179.0,3.949969421401369,3.2103121413835485,2.1480000000000015,2.688386716171724,-0.0492803153311554,1.8788671449567484,-1.3314449964268,-1.2516750737284017,2.1140459135915446,-2.5883139923387484,-1.6257823765465644,0.033384115574422335,0.2,0.21630021924792414,0.8660000000000001,0.01795598645155539,0.7435024103609595,7.545360718452798e-07,-1.2886441136394922e-07,-1.0922189097595236e-08,0.016109309679383482,0.015389947164770573,0.016027822735465103,0.004027822735465102,0.0038976960579724107,0.01213012667749247,0.031417891703585,0.0013131303906240342,0.0025845605134963987,0.0038976909041204327,0.5359999999999999,0.5545118889894137,0.0,-0.00013012667749251472,-0.0,-0.00013012667749246962,-0.0,-0.00013012667749246962,0.5403867161717226,1.8359235078098246,-0.23517876863479614,1.3366389186103467,-4.73631399233875,-0.0037677190675939887,-0.003767569380479719
research_sigma_cd,180.0,3.9660760527794987,3.225695007008356,2.1600000000000015,2.704412363426449,-0.04538448394877381,1.9102766792281392,-1.315418327780217,-1.243441136647868,2.1261757294638874,-2.5722883450840235,-1.615860516114333,0.03325862534502953,0.2,0.2169613528033162,0.8660000000000001,0.01795600479166312,0.7435023920208518,-2.6685578635721185e-07,-1.7627383930296503e-07,-1.4973504464110832e-08,0.016103956091670937,0.015375807751298258,0.016025647254724884,0.004025647254724884,0.003895831382381587,0.012129815872342853,0.031409534271390704,0.001311466272378268,0.0025834822654724116,0.0038949485378506794,0.5359999999999999,0.5544399092169796,0.0,-0.0001298158723428422,-0.0,-0.0001298158723428526,-0.0,-0.0001298158723428526,0.5444123634264475,1.8399003233156113,-0.2158990502357483,1.3288472084361556,-4.732288345084025,-0.00376606291946624,-0.0037660155100382904
research_sigma_substitutes,0.0,0.9200248718261719,0.0,0.0,0.007528879843475889,-0.37594470536011404,-4.9348225505523375,-4.9348225505523375,-3.2792037637405085,-0.038385620849578556,-5.269171828666996,-3.7776520079521996,0.037658229720804307,0.02115467272162459,0.16603078851260533,0.4964037056373238,0.007137794596429427,0.7543206022160855,-9.367625668499358e-07,2.37393812607678e-07,1.643531497008688e-08,0.0437279364423756,0.022736842105263156,0.02336566139380103,0.011365661393801029,0.010292593888945434,0.012359072766939615,0.07877056797568027,0.010351725012893876,0.00023883528583609013,0.010590560298729967,0.6558263692765114,0.6814900792327058,-0.0007139947379158906,-0.0010730675048555294,-0.000702456723047324,-0.00035907276693961446,-0.000702456723047324,-0.0010615294899869385,0.007528879843475889,0.9584104926757504,-4.896436929702759,1.989968064926488,-5.269171828666996,-0.009219989694913444,-0.009219526384089839
research_sigma_substitutes,1.0,0.9628379921023662,0.02267807430197276,0.012000000000000002,0.030894541237276918,-0.3656521114711686,-4.856051982576657,-4.87873005687863,-3.276423753435422,-0.02602654808263894,-5.245806167273195,-3.771439442877404,0.03731261695225546,0.021853313691866837,0.16746088343911394,0.49628493667238266,0.007375256496932837,0.7540831403155821,-2.023641622189709e-07,-2.259170110985309e-07,-1.5748419734951113e-08,0.04192277603649598,0.022620236757261564,0.023076937614228632,0.011076937614228632,0.010011876018544613,0.012346877697656926,0.07808513844365939,0.009760046451816889,0.0002442218017188217,0.01000426825353571,0.6553582798264491,0.6807591865925042,-0.0007181838980270527,-0.0010650615956839526,-0.000718299416820064,-0.00034687769765692593,-0.000718299416820064,-0.00106517711447699,0.018894541237276914,0.9888645401850051,-4.8300254344940186,1.9693824138377733,-5.257806167273195,-0.00894697653894605,-0.008946814422860595
research_sigma_substitutes,2.0,1.0039167696046094,0.045242276236692774,0.024000000000000004,0.05368275507193315,-0.3559209533230248,-4.778652273665019,-4.823894549901712,-3.2730977168184006,-0.013691865454264703,-5.223017953438539,-3.764841022337012,0.036990368286087025,0.02255964535676558,0.1688219634516835,0.49616486028934986,0.007615441588844537,0.7538429552236704,9.977295752083837e-07,-8.683835828193764e-08,-6.0926274303430006e-09,0.040256739469568065,0.022509034364290553,0.022522304822780614,0.010522304822780614,0.009471936337722947,0.012323569313013923,0.07676632310482301,0.009217946151662867,0.0002471469641306174,0.009465093115793485,0.654885037610967,0.6800399664180281,-0.0007267991720437128,-0.001050368485057629,-0.0007269028356782865,-0.00032356931301392305,-0.0007269028356782865,-0.0010504721486922096,0.02968275507193315,1.017608635058874,-4.764960408210754,1.9499202366201387,-5.247017953438539,-0.008421504959141846,-0.00842156785266528
research_sigma_substitutes,3.0,1.0433931587237157,0.06769779888427804,0.036000000000000004,0.07593915088283815,-0.3467082387957227,-4.702519336367011,-4.770217135251289,-3.2692667633537056,-0.0013794094566110943,-5.200761557627635,-3.7578875156338927,0.03668942313724986,0.023274113209273136,0.17011864978012683,0.4960434007544236,0.007858525495481066,0.7535998713170339,3.519720889744171e-08,-1.0012996343178315e-07,-7.0680889197038965e-09,0.03871582437060135,0.022402810080416915,0.02201094971851944,0.01001094971851944,0.008972852368081402,0.012302283003561827,0.07554072494768382,0.008716468651123042,0.00025020917168754216,0.008966677822810585,0.6544063441497869,0.6793305916779371,-0.000735814346876168,-0.0010380973504379998,-0.000735909328492771,-0.0003022830035618266,-0.000735909328492771,-0.0010381923320545976,0.03993915088283814,1.0447725681803268,-4.7011399269104,1.9314947942739291,-5.236761557627634,-0.007934661671883614,-0.007934755017643364
research_sigma_substitutes,4.0,1.0813860355519966,0.09004943173455449,0.04800000000000001,0.09770465450897203,-0.337975248586862,-4.627570823769651,-4.7176202555042055,-3.2649670401621678,0.01091270055285895,-5.178996054001501,-3.7506057500363115,0.03640798937271127,0.0239970167312025,0.17135509845463506,0.4959205071556956,0.008104588388149795,0.7533538084243652,2.84738611022739e-07,9.985316173910519e-08,7.089201364829378e-09,0.03728781731730457,0.02230119186798609,0.021538656146714283,0.009538656146714283,0.008510651050660373,0.012282791738570949,0.07439872920996038,0.008251658440982097,0.00025340152243179427,0.008505059963413891,0.6539219987900943,0.6786295357143919,-0.0007452133574829822,-0.0010280050960539133,-0.0007452985953876303,-0.00028279173857094844,-0.0007452985953876303,-0.0010280903339585788,0.049704654508972025,1.0704733349991378,-4.63848352432251,1.914029013839333,-5.226996054001501,-0.007482739801346172,-0.007482645954606463
research_sigma_substitutes,5.0,1.118002854377319,0.11230160760199108,0.06000000000000001,0.11901646317626671,-0.32968693669440197,-4.5537218779470905,-4.666023485549082,-3.260232242956398,0.023186174020530803,-5.157684245334206,-3.743020624885509,0.03614443648842609,0.024728767267233037,0.17253521218679616,0.4957961095645704,0.008353790018013845,0.7531046067945011,-2.124305879674937e-07,-2.878234430792048e-07,-2.054581879629147e-08,0.03596204772442424,0.022203838265966246,0.021101769599591147,0.009101769599591147,0.008081872723972122,0.012264882887438038,0.07333475884301999,0.007820064396205447,0.00025673106742254406,0.008076795463627991,0.6534317259309538,0.6779353158997535,-0.0007550139881810081,-0.0010198968756191251,-0.0007550913747721884,-0.00026488288743803726,-0.0007550913747721884,-0.0010199742622102256,0.0590164631762667,1.0948166803567883,-4.576908051967621,1.897452002377808,-5.217684245334206,-0.007062018071576803,-0.007061975848353098
research_sigma_substitutes,6.0,1.153341061738937,0.13445843937274232,0.07200000000000001,0.13990819370815433,-0.32181150313891776,-4.480901306083611,-4.615359745456353,-3.2550910763053214,0.035442466327735025,-5.136792514802318,-3.7351530617166144,0.03589737606375132,0.02546969636739395,0.17366244225125912,0.495670151617543,0.008606238435985878,0.7528521583765291,-3.0258111421987977e-07,1.5406713682608597e-08,1.1054609450056319e-09,0.03472912612296944,0.022110457377361524,0.020697028750106455,0.008697028750106455,0.007683448315178643,0.012248402369224642,0.07233927203437052,0.007418638838735783,0.0002601843548200645,0.007678823193555848,0.652935303433846,0.6772466822754144,-0.0007651780657031981,-0.0010135804349278577,-0.0007652481024119545,-0.0002484023692246422,-0.0007652481024119545,-0.0010136504716365966,0.06790819370815432,1.117898595411202,-4.516343772411346,1.8817014384969966,-5.208792514802318,-0.006670027959144509,-0.00666986788025083
research_sigma_substitutes,7.0,1.1874892819814626,0.15652375845713026,0.084,0.16041052067647962,-0.3143200400640447,-4.4090433338783495,-4.565567092335479,-3.249572298874687,0.04768297875898009,-5.116290187833993,-3.7270241369535313,0.03566546951061211,0.026220138122698838,0.17474017022712182,0.4955425765191412,0.008862046022194807,0.7525963507903202,6.773452438657568e-07,-6.079812304715659e-07,-4.383728807733078e-08,0.03358077447224271,0.022020764201341806,0.02032162913166341,0.00832162913166341,0.007312704224275546,0.012233182576722484,0.07140941896778985,0.007044705325521675,0.0002637735455983948,0.0073084788711200695,0.6524325074577917,0.6765624239616207,-0.0007757423306653521,-0.0010089249073877704,-0.0007758045458776319,-0.00023318257672248419,-0.0007758045458776319,-0.001008987122600116,0.07641052067647962,1.1398063032224826,-4.456726312637329,1.8667178889593061,-5.200290187833993,-0.006303658815794755,-0.006303779316887682
research_sigma_substitutes,8.0,1.2205283470854082,0.17850112823484054,0.096,0.18055145197148115,-0.3071860946903667,-4.3380824681480314,-4.516583596382872,-3.243698393936911,0.059908831481179994,-5.096149256538991,-3.7186498598319164,0.03544764733484995,0.026980492893609744,0.17577125393097473,0.4954133162080864,0.009121371993248396,0.7523370248192666,6.894842345950281e-07,2.5640889989020366e-07,1.8573711207947596e-08,0.032509660991074565,0.02193453161008729,0.019973088124635774,0.007973088124635774,0.006967256134373573,0.012219109938559056,0.07054106275838334,0.006695881847330118,0.000267504355711441,0.0069633862030415595,0.6519230697612814,0.6758814780348168,-0.0007867220517031037,-0.0010058319902621904,-0.000786777516798356,-0.00021910993855905544,-0.000786777516798356,-0.0010058874553574115,0.08455145197148115,1.1606195156042283,-4.397991299629211,1.8524508626020806,-5.1921492565389915,-0.005961057259622038,-0.005961424144111372
research_sigma_substitutes,9.0,1.2525321723846081,0.2003938892272094,0.108,0.20035669692575117,-0.30038552779529754,-4.267961208361583,-4.468355097588792,-3.237494413393931,0.0721211986360982,-5.076344011584721,-3.7100484578366935,0.03524278634384182,0.02775112153012005,0.17675867383601399,0.4952823093398796,0.009384350715878113,0.7520740460966369,-8.306063492002913e-07,1.257877482174763e-07,9.152004737389419e-09,0.03150927431606859,0.021851516963964916,0.019649081132079513,0.0076490811320795125,0.006644946295272153,0.012206101091576459,0.06972339120693283,0.006370047164082404,0.0002713487823726526,0.006641395946455056,0.6514067485748195,0.6752027757389565,-0.0007980337452309083,-0.0010041348368073355,-0.0007980846540372136,-0.00020610109157645842,-0.0007980846540372136,-0.001004185745613672,0.09235669692575117,1.18041097374851,-4.340082406997681,1.8388495981907904,-5.184344011584721,-0.005640995351599676,-0.005640811458464793
research_sigma_substitutes,10.0,1.2835685178860985,0.22220516556714118,0.12,0.21984961423564017,-0.29389620209982237,-4.198635685734166,-4.420840851301307,-3.23098038464011,0.08432103366433291,-5.056851094274832,-3.7012341613227577,0.0350499747942021,0.02853225900534736,0.17770496729030388,0.49514951596909096,0.00965103162174817,0.7518073651907667,-2.72376057819379e-09,-1.1137736977140378e-07,-8.13755998696486e-09,0.03057378761068985,0.02177152301424405,0.019347635393990897,0.007347635393990897,0.006343912746336777,0.012194008098628917,0.06895491527178566,0.006065327238980109,0.00027531787382330773,0.006340645112803417,0.6508833864664172,0.6745254878122847,-0.0008097145490252311,-0.001003722647654165,-0.0008097584524214934,-0.00019400809862891652,-0.0008097584524214934,-0.0010037665510504098,0.09984961423564018,1.1992474842217655,-4.2829567193984985,1.8258707096347222,-5.1768510942748325,-0.005340342773410889,-0.005340190098682657
research_sigma_substitutes,11.0,1.3136996419131886,0.2439378795700627,0.132,0.23905196771373297,-0.287697702302624,-4.1300513778180115,-4.373989257388074,-3.2241750989407527,0.09650921483335603,-5.037648740796739,-3.6922202331957465,0.03486837228385957,0.029324335456436753,0.17861254391865336,0.49501486297240577,0.009921598564015715,0.7515367982484992,-1.6929519025543627e-07,-1.7956170861310738e-07,-1.3171758739272121e-08,0.029698009479503018,0.021694367179492205,0.019067024324779094,0.007067024324779094,0.006062469841305845,0.012182757705264287,0.0682342205939821,0.005780033085498781,0.000279424223097372,0.006059457308596153,0.6503526952441873,0.6738487026719485,-0.0008217967782089552,-0.0010045544834733078,-0.0008218359502863882,-0.0001827577052642866,-0.0008218359502863882,-0.0010045936555506747,0.10705196771373296,1.2171904270798326,-4.226560592651367,1.8134736418559867,-5.169648740796739,-0.005057861477322456,-0.0050579153578325965
research_sigma_substitutes,12.0,1.3429828753373227,0.26559478781026474,0.14400000000000002,0.25798366288519836,-0.2817712624172107,-4.062167244546202,-4.327762032356467,-3.217096107594755,0.10868654907486149,-5.018717045625274,-3.683019041022175,0.034697206222352325,0.030127645681935197,0.17948365623762494,0.49487830023407103,0.01019614373633558,0.7512622530761793,1.719790826970602e-07,-3.6163498862151755e-09,-2.662886022797295e-10,0.02887726778406574,0.02161988014449022,0.018805610806733694,0.006805610806733694,0.005799073577664099,0.012172302926567707,0.06755455466606985,0.005512638402974351,0.00028365126577082814,0.0057962896687451795,0.6498144773931034,0.6731716530624531,-0.0008342343025018739,-0.0010065372290694874,-0.00083426842873773,-0.00017230292656770715,-0.00083426842873773,-0.0010065713553054371,0.11398366288519834,1.2342963262624613,-4.170853793621063,1.8016209380305188,-5.162717045625274,-0.004792942797156696,-0.004792536348594504
research_sigma_substitutes,13.0,1.3714711199773146,0.2871784741979226,0.15600000000000003,0.27666318932720035,-0.2760995551472958,-3.9949422684858718,-4.282120742683794,-3.209760984535066,0.12085382068649145,-5.000037519183272,-3.673643038998536,0.03453572496308751,0.030942527002081728,0.18032051645518396,0.49473977040964606,0.010474789257301763,0.7509836075552132,9.262050488234586e-07,-9.924588326715167e-07,-7.334521429092078e-08,0.028107364944886373,0.021547896016482274,0.018561992778289238,0.006561992778289238,0.005552387237874906,0.012162531974293088,0.06691580569980271,0.005261794880295784,0.00028801479061967206,0.005549809670915456,0.6492685069086052,0.6724935595196226,-0.000847073566121237,-0.0010096055404142934,-0.0008471023253519768,-0.00016253197429308766,-0.0008471023253519768,-0.0010096342996450645,0.12066318932720033,1.250617299290823,-4.115796089172363,1.7902765346482061,-5.156037519183272,-0.004543075916789707,-0.004542781697460575
research_sigma_substitutes,14.0,1.3992132861064768,0.30869138161204546,0.16800000000000004,0.29510764844177684,-0.27066648794146086,-3.928335633146596,-4.237027014758642,-3.2021822594283345,0.13301161302344766,-4.981593060068696,-3.6641006314516877,0.03438337007898123,0.031769361103245915,0.18112491659813462,0.4945992086124482,0.01075768750540883,0.7507007093071061,6.37470221831471e-07,-5.920550074645092e-07,-4.3906413088601326e-08,0.02738451119851365,0.02147829187732135,0.01833488079329937,0.006334880793299368,0.0053211799262560255,0.012153381423337425,0.06631522806106327,0.0050262728258081545,0.00029251683485493143,0.005318789660663086,0.6487145280608252,0.6718137488103181,-0.0008603194437059314,-0.0010137008670433878,-0.000860343631926269,-0.0001533814233374252,-0.000860343631926269,-0.0010137250552636943,0.1271076484417768,1.266201673083029,-4.061347246170044,1.7794108006403615,-5.149593060068696,-0.004307012959139378,-0.004307479059212683
research_sigma_substitutes,15.0,1.4262546786748744,0.3301358111048721,0.18000000000000005,0.3133329509137991,-0.26545719529478373,-3.862311812363745,-4.192447623468618,-3.194375010453345,0.1451605835331663,-4.963367757596673,-3.654402384475312,0.03423951096231219,0.03260849130175856,0.18189879626230684,0.494456556478701,0.011044965404105963,0.750413431408409,-8.498916591603844e-07,-6.025868626302611e-08,-4.4835964940759254e-09,0.0267052808530224,0.02141092714060047,0.01812305951073906,0.006123059510739059,0.005104294318594271,0.012144858043619075,0.06574612299723226,0.0048049395271030975,0.00029713558494053575,0.005102075112043633,0.6481523108278217,0.6711315260719143,-0.0008739071485257821,-0.0010187651921448049,-0.0008739281910015757,-0.0001448580436190748,-0.0008739281910015757,-0.0010187862346206504,0.13333295091379904,1.2810940951417082,-4.007472395896912,1.7689927471433284,-5.143367757596673,-0.004085402805380056,-0.004085529126449484
research_sigma_substitutes,16.0,1.4526373409094455,0.35151394107233447,0.19200000000000006,0.33135376746325496,-0.2604578993042723,-3.7968433871521317,-4.148357328224466,-3.1863530650390945,0.1573013291106858,-4.945346941047218,-3.6445579330426217,0.03410357487856015,0.03346017041597634,0.18264395388093435,0.49431177102928403,0.01133668789962181,0.7501217089128931,-9.090916665011051e-07,-3.3941286869954013e-07,-2.533465023879522e-08,0.02606655730680997,0.021345673300260055,0.017925466600633377,0.005925466600633377,0.004900734231195636,0.012136880128551533,0.06520706769721607,0.004596793468825284,0.0003018753784094085,0.004898668847234693,0.6475816858212957,0.6704463014653739,-0.0008878522408862777,-0.0010247323694377863,-0.0008878687600276723,-0.00013688012855153295,-0.0008878687600276723,-0.0010247488885792052,0.1393537674632549,1.2953360117987598,-3.9541447162628174,1.7589938760081232,-5.137346941047218,-0.0038763602088203175,-0.0038760018617578947
research_sigma_substitutes,17.0,1.4784003448064884,0.3728278307205727,0.20400000000000007,0.34918388411506585,-0.25565572683239246,-3.731897676969313,-4.104725507689886,-3.1781277308709854,0.16943434379026936,-4.927516824395407,-3.6345748969691787,0.03397508792992603,0.03432476848786709,0.18336197245886351,0.4941647893570626,0.011633000003984956,0.74982539680853,-5.802549299938065e-07,-7.769528107548496e-07,-5.817060375057359e-08,0.025465517028926368,0.02128242401079391,0.017741161440020192,0.005741161440020192,0.004709603167604159,0.01212936840842975,0.06469798289130946,0.004400929044763884,0.0003067489387149731,0.004707677983478857,0.6470024051131289,0.6697574741904755,-0.0009021898639862136,-0.0010315582724160222,-0.0009022027609263915,-0.0001293684084297496,-0.0009022027609263915,-0.001031571169356141,0.14518388411506578,1.308966001016219,-3.9013320207595825,1.7493890935244214,-5.131516824395407,-0.0036779974858878184,-0.003678044895188127
research_sigma_substitutes,18.0,1.5035800693253887,0.39407943216110813,0.21600000000000008,0.36683609034329534,-0.251038692969064,-3.6674474213695127,-4.061526853530621,-3.16970906001087,0.1815600659275453,-4.909864618167177,-3.624459952092704,0.03385362957847699,0.03520260281315949,0.18405429975660498,0.4940155575217629,0.011934010334947887,0.749524386477567,7.654629000097835e-07,-2.4459426861689337e-07,-1.836637819607745e-08,0.024899581685821556,0.021221084364871627,0.01756933875083394,0.00556933875083394,0.004530067308561439,0.012122312288510823,0.06421885798476934,0.004216498901112542,0.0003117687810341103,0.004528267682146652,0.6464142561151831,0.6690645184881842,-0.000916959153761554,-0.0010392714422723937,-0.0009169670030415011,-0.0001223122885108223,-0.0009169670030415011,-0.0010392792915523232,0.15083609034329526,1.3220200033978433,-3.849007487297058,1.7401555581563066,-5.125864618167177,-0.0034903252313256417,-0.003490795866288938
research_sigma_substitutes,19.0,1.5282104311791616,0.41527060342600247,0.2280000000000001,0.3843225616167337,-0.24659559221526958,-3.6034599609997744,-4.018730564425777,-3.1611083813336367,0.193678968367291,-4.892378146893739,-3.6142208378878475,0.03373874558802441,0.036094115059626695,0.1847224632454826,0.49386400043986345,0.012239912800781275,0.7492184840117336,2.428007492283335e-07,1.6431711569175889e-07,1.2373084695704861e-08,0.02436641398313326,0.021161551453426377,0.017409200412209558,0.005409200412209558,0.004361349191050259,0.012115702194231678,0.06376700119401812,0.004042734890337522,0.0003169323479431704,0.004359667238280692,0.6458169429100501,0.6683668003464198,-0.00093214902692762,-0.0010478512211592461,-0.0009321539645387367,-0.00011570219423167813,-0.0009321539645387367,-0.0010478561587704148,0.15632256161673364,1.3345314628118705,-3.7971389293670654,1.7312697655601021,-5.120378146893739,-0.0033133530196964855,-0.0033134979698909613
research_sigma_substitutes,20.0,1.5523231011192755,0.43640310508465685,0.2400000000000001,0.40165449116771446,-0.24231599458696348,-3.5399134189814765,-3.9763165240661333,-3.152335766050263,0.20579147031600867,-4.875046217342758,-3.603864364197283,0.03363003319886954,0.03699959713611946,0.185367849751933,0.4937100684868597,0.012550798182420934,0.748907598630094,-5.925824817509806e-07,4.5306120854959886e-08,3.4207618404558104e-09,0.0238638604044681,0.021103733374018274,0.01725990232380159,0.00525990232380159,0.004202742300831883,0.012109463245677646,0.06333697322111109,0.0038789510624008495,0.0003222175293341883,0.004201168591735038,0.6452102699187999,0.6676638265721041,-0.0009476967772920619,-0.0010571600229696554,-0.0009476986156887892,-0.00010946324567764551,-0.0009476986156887892,-0.0010571618613664348,0.16165449116771435,1.3465316308032669,-3.7457048892974854,1.7227104512924951,-5.115046217342758,-0.0031451887776376974,-0.003145582277862175
research_sigma_substitutes,21.0,1.575947693407199,0.4574786147711167,0.2520000000000001,0.4188423662643369,-0.23819010761360582,-3.476786014557552,-3.934264629328669,-3.143398758888912,0.2178978948586463,-4.857858342246136,-3.593395339151419,0.03352718224429818,0.037919365730552886,0.18599162632395544,0.493553707825806,0.012866773403655121,0.7485916234088598,-8.973384401644857e-07,9.513175647235528e-07,7.201413010360369e-08,0.023389946485560434,0.021047559072805637,0.01712084130148106,0.00512084130148106,0.00405360069114219,0.012103609888502204,0.06292878851170158,0.0037244910770292163,0.0003276339512107418,0.004052125028239958,0.6445940249605295,0.6669551518866054,-0.0009636307218366946,-0.0010672406103388876,-0.0009636292682668878,-0.0001036098885022034,-0.0009636292682668878,-0.0010672391567690912,0.1668423662643368,1.3580497985485527,-3.6946839094161987,1.7144595833572236,-5.109858342246135,-0.0029864737105884664,-0.0029863600808033193
research_sigma_substitutes,22.0,1.5991119345066902,0.47849872831950313,0.2640000000000001,0.4358961737706766,-0.2342087932046791,-3.4140558419580733,-3.8925545702775763,-3.13430871347144,0.22999869009301308,-4.840804534739796,-3.582821698186071,0.0334297614804315,0.038853763377331006,0.18659523201915623,0.4933948602258537,0.013187963201896725,0.7482704336106182,-5.55819523295753e-07,-1.8195344964055948e-07,-1.3808215792998624e-08,0.022942869399634844,0.02099292956311174,0.016991410988242694,0.004991410988242694,0.00391336074635909,0.01209806975388053,0.06254237469696511,0.0035787838830989237,0.00033319168495873127,0.0039119755680576546,0.6439679785371881,0.6662402305325593,-0.0009799804880031293,-0.001078050241883649,-0.0009799755439962685,-9.806975388053016e-05,-0.0009799755439962685,-0.0010780452978767987,0.17189617377067645,1.369113244413677,-3.6440545320510864,1.7064958212683559,-5.104804534739796,-0.0028353132340956932,-0.0028353105044754863
research_sigma_substitutes,23.0,1.621841817038827,0.4994649739013185,0.27600000000000013,0.4528251882408223,-0.23036338612088764,-3.351701265163622,-3.8511662390649404,-3.1250693853571034,0.24209403436640736,-4.823875520269651,-3.572145265760744,0.03333760014989761,0.039803159545269265,0.18717949583132942,0.49323346287730424,0.013514509035294681,0.7479438877772202,1.5933628749742468e-08,9.458583245525176e-07,7.19530079684727e-08,0.02252096233489255,0.020939805190976248,0.01687110007267542,0.004871100072675421,0.003781486278624721,0.012092836742316579,0.06217772567740565,0.0034412814455500704,0.000338901260265375,0.0037801827058154456,0.6433318831046695,0.6655186787077155,-0.000996777051734149,-0.0010896137940507311,-0.0009967684125452207,-9.283674231657865e-05,-0.0009967684125452207,-0.0010896051548617994,0.17682518824082216,1.3797477826724196,-3.5937952995300293,1.6988061349125472,-5.09987552026965,-0.0026917134476553972,-0.002691872484574021
research_sigma_substitutes,24.0,1.6441617418157786,0.520378803348632,0.28800000000000014,0.4696383739160274,-0.22664582064742966,-3.289700390603262,-3.810079193951894,-3.115692140366751,0.25418436357764623,-4.807062334594445,-3.561374060387606,0.03325027835398976,0.04076795174838575,0.1877458182412165,0.49306944820277443,0.01384657225119832,0.7476118245613166,-2.6480532466788276e-07,1.3612038740618004e-07,1.0378997383764244e-08,0.022122705869531287,0.020888089252795092,0.01675936807880385,0.004759368078803849,0.0036574653464323814,0.012087905942349236,0.061832154332547073,0.003311483975970077,0.00034475509008232113,0.0036562390660523983,0.6426854723285814,0.664789922291708,-0.0010139967900222313,-0.0011019027323715125,-0.0010139855590656506,-8.790594234923607e-05,-0.0010139855590656506,-0.0011018915014148866,0.18163837391602727,1.3899773782381324,-3.543884754180908,1.691370194227694,-5.095062334594445,-0.002555679262728816,-0.002555562614060914
research_sigma_substitutes,25.0,1.6660946376376156,0.5412416059866184,0.30000000000000016,0.48634392439843,-0.22304845542802287,-3.228036956498528,-3.7692785624851464,-3.106180743882561,0.26626984625110584,-4.790356784112042,-3.5505100169395356,0.03316763447095743,0.04174845937879135,0.18829497909152187,0.49290276190560545,0.01418425848202046,0.7472741383304945,-3.1185379212317343e-07,7.125609879921058e-07,5.4453897530004625e-08,0.021746679245894004,0.020837743693093977,0.01665567882072319,0.004655678820723191,0.0035408378935354867,0.01208322875845283,0.061502929857848665,0.003188938660855588,0.0003507433852562233,0.003539682046111811,0.6420285322162097,0.66405361995189,-0.001031612168734819,-0.0011148409271876936,-0.0010315981919300685,-8.322875845282948e-05,-0.0010315981919300685,-0.001114826950382898,0.18634392439842984,1.3998247913865098,-3.494306802749634,1.684176040229481,-5.090356784112042,-0.002425947972656717,-0.0024259969663477828
research_sigma_substitutes,26.0,1.6876620766427792,0.5620547126758544,0.31200000000000017,0.5029497315574738,-0.2195641448603587,-3.1666945308875647,-3.728749243563419,-3.096544036312064,0.2783508210945519,-4.773750976952998,-3.5395592057674126,0.033089342201710795,0.04274502238414476,0.188828136162151,0.4927333461946954,0.014527687389892905,0.7469307094226221,4.1342459622395467e-07,2.3410776939236655e-07,1.7929385309756185e-08,0.021391580300890264,0.02078869274000451,0.016559724670435372,0.0045597246704353715,0.0034311954477829476,0.012078822979535803,0.06119275225123366,0.0030732099160469726,0.0003568939210356446,0.003430103837082617,0.641360835002623,0.6633093035327982,-0.0010497062431166215,-0.001128529222652358,-0.0010496880030460138,-7.882297953580239e-05,-0.0010496880030460138,-0.0011285109825818161,0.19094973155747363,1.4093112555482272,-3.4450453519821167,1.677206940640934,-5.0857509769529985,-0.0023031574396230603,-0.0023026662251305237
research_sigma_substitutes,27.0,1.7088843764762223,0.5828194029468595,0.3240000000000002,0.5194633737393007,-0.21618606453245698,-3.1056514519960605,-3.68847085494292,-3.086787058761807,0.29042749221017744,-4.757237334771172,-3.528524630430158,0.033015205240821785,0.04375811434262673,0.1893461463814155,0.49256112056175344,0.014877069239575923,0.746581327572939,-5.605258329710594e-07,-2.698679968382578e-07,-2.0711584780563896e-08,0.021056211976991174,0.020740890493708784,0.016471020404364267,0.004471020404364267,0.003328152165257947,0.012074619694094069,0.06089887039218356,0.0029639254533560446,0.00036319771460581235,0.003327123167961857,0.64068206339044,0.6625565022974307,-0.0010682485450122792,-0.0011428682391062261,-0.0010682285723700364,-7.46196940940684e-05,-0.0010682285723700364,-0.0011428482664641048,0.19546337373930056,1.4184568842660448,-3.396078944206238,1.6704502760093645,-5.0812373347711715,-0.0021854096218545394,-0.0021852839261516273
research_sigma_substitutes,28.0,1.7297806957882629,0.6035368977268266,0.3360000000000002,0.5358917723662023,-0.2129078405298428,-3.0448967901031976,-3.6484336878300243,-3.0769148555557733,0.30250006048274003,-4.74080893614427,-3.5174093863294167,0.03294503027846474,0.044788011660787844,0.1898498277868054,0.49238603801766606,0.015232477389585311,0.7462259194229296,-9.162747598434606e-07,-1.728363607789163e-08,-1.3291709954899034e-09,0.020739446625871183,0.02069429119603026,0.01638912551560273,0.004389125515602731,0.0032313118651017825,0.0120706373559743,0.060617279421022685,0.0028607070590659714,0.00036963228705325167,0.003230339346119223,0.6399920321872721,0.6617948847019096,-0.0010871762945265928,-0.0011578136505009662,-0.0010871537854507402,-7.063735597430051e-05,-0.0010871537854507402,-0.0011577911414250408,0.19989177236620215,1.427280635305523,-3.3473968505859375,1.6638940805884967,-5.07680893614427,-0.002073341716596566,-0.0020734982146008336
research_sigma_substitutes,29.0,1.750369117400066,0.6242083711701589,0.3480000000000002,0.5522416247705062,-0.2097234408022534,-2.984416893154015,-3.608625264324174,-3.0669337421950003,0.31456876692212604,-4.7244590837399665,-3.5062176082971592,0.03287858509222466,0.045835062535342475,0.19034008948225417,0.49220803936899177,0.015594033761047307,0.7458643630514676,-4.231328631920661e-08,4.3128012272575234e-08,3.3232449014874987e-09,0.020440247122486335,0.02064884032042495,0.016313847196601006,0.0043138471966010054,0.0031403717216830773,0.012066872961161185,0.06035199964725746,0.0027632134732372996,0.0003762358062013066,0.0031394492794386063,0.6392905081013205,0.6610240433589025,-0.0011066025137567714,-0.001173475474918001,-0.0011065759005920782,-6.687296116118444e-05,-0.0011065759005920782,-0.0011734488617532626,0.204241624770506,1.43580035047794,-3.2989856600761414,1.6575253415449662,-5.072459083739966,-0.0019669567278646216,-0.001966896246765149
research_sigma_substitutes,30.0,1.7706667257530444,0.6448349480501814,0.3600000000000002,0.5685194667594043,-0.20662709708647664,-2.9241927908086827,-3.569027738858864,-3.0568487690115025,0.3266338064050624,-4.708181241751068,-3.4949524053671905,0.03281568196989132,0.04689975391444366,0.1908177408892524,0.4920270418345446,0.01596195492193989,0.7454964418905751,-2.763276046868768e-07,-1.3824583522392686e-07,-1.0673016304085792e-08,0.02015766212976311,0.020604493816216887,0.01624478725885614,0.004244787258856141,0.0030550162690586025,0.012063280696089751,0.06010030304830827,0.0026711458731122086,0.00038299716960728524,0.003054143042719494,0.6385771648773226,0.6602435057858781,-0.0011264902937078436,-0.0011897709897975006,-0.001126462263550839,-6.32806960897507e-05,-0.001126462263550839,-0.0011897429596405898,0.20851946675940414,1.444032919347982,-3.250826597213745,1.6513324727395653,-5.068181241751068,-0.0018649891670390328,-0.0018652452792610637
research_sigma_substitutes,31.0,1.7906896761813242,0.6654177169444484,0.3720000000000002,0.5847311992882185,-0.2036134082641362,-2.8642162870573986,-3.529634004001847,-3.0466637205290783,0.33869532831430554,-4.691969509222254,-3.483615955734054,0.03275617711364867,0.04798235780107661,0.19128345351301518,0.49184299917381696,0.016336307352802136,0.7451220894597128,9.328388753671035e-07,5.553524560220069e-07,4.295486888405975e-08,0.01989078487878851,0.020561217004176468,0.016181699369057334,0.004181699369057334,0.0029749529974636424,0.0120598796659524,0.05986220872936787,0.0025841987202359163,0.0003899236376637527,0.002974122357899669,0.6378518202732786,0.6594529788464977,-0.001146866705641264,-0.001206746371593681,-0.0011468342284228024,-5.987966595239966e-05,-0.0011468342284228024,-0.001206713894375202,0.21273119928821826,1.4519943478670188,-3.202911615371704,1.6453057886931757,-5.063969509222254,-0.001768075580019346,-0.001768206625869951
research_sigma_substitutes,32.0,1.8104532627670438,0.6859577165220082,0.38400000000000023,0.600882865497519,-0.20067719109154936,-2.804468373349947,-3.490426089871955,-3.036384920171541,0.3507535657369672,-4.675817843012953,-3.472212438636955,0.0326998456860357,0.04908340647738232,0.1917381141786148,0.491655820898845,0.01671733698287982,0.7447410598296351,5.909543809856643e-07,1.2384586600688863e-07,9.596482164475617e-09,0.019638800276868568,0.02051895749114396,0.016124369201771183,0.004124369201771182,0.0028999351842947385,0.012056646271989407,0.05963903419618366,0.002502110821610123,0.00039703596690011136,0.002899146788510234,0.6371141176601538,0.6586519342716455,-0.0011677877454870367,-0.0012244340174764612,-0.0011677528438238571,-5.6646271989407165e-05,-0.0011677528438238571,-0.0012243991158132643,0.21688286549751878,1.4596996970300766,-3.155221939086914,1.639432922841412,-5.0598178430129535,-0.0016755839144728668,-0.0016755011668182947
research_sigma_substitutes,33.0,1.829971982972752,0.7064559583245067,0.39600000000000024,0.6169799376917608,-0.19781353789554673,-2.7449382186650313,-3.451394176989538,-3.026014888358024,0.36280862085828436,-4.659720770818712,-3.4607430434004174,0.03264658939268742,0.05020327230685323,0.19218227886957434,0.4914654437078349,0.017105176967043504,0.7443532198454714,-6.294217294033899e-07,3.8985714745365385e-07,3.026231826241954e-08,0.019400928004052492,0.020477691164595812,0.016072350752319553,0.004072350752319553,0.0028296594980367074,0.012053578442806356,0.059424071854824234,0.002424625355211225,0.0004042861426125001,0.0028289114978237253,0.6363638075544082,0.6578400412677449,-0.0011891128114764893,-0.0012426912542827795,-0.0011890768900367653,-5.3578442806356125e-05,-0.0011890768900367653,-0.0012426553328431214,0.2209799376917606,1.4671633621144677,-3.1077468395233154,1.633705882460688,-5.055720770818712,-0.0015875162417944289,-0.001586968243753862
research_sigma_substitutes,34.0,1.8492595780898364,0.7269134109455359,0.40800000000000025,0.6330275670021581,-0.19501787209547594,-2.6856202296402985,-3.4125336405858344,-3.01555995265513,0.3748607226225799,-4.643673141508314,-3.4492120764260266,0.0325961872602889,0.051342213644205305,0.19261678053955003,0.4912718236804851,0.01749988083353757,0.7439585159789773,2.1404692984727802e-07,-9.721502149950823e-07,-7.559225204123443e-08,0.019176435241186868,0.020437365844113094,0.016025491148942694,0.004025491148942694,0.0027639304126536313,0.01205063178844304,0.05921995952434411,0.0023515151394054635,0.0004117022093519292,0.002763217348757393,0.6356007168583824,0.657016964878757,-0.001210928947846024,-0.001261560736289108,-0.001210888851035086,-5.063178844303892e-05,-0.001210888851035086,-0.0012615206394781249,0.22502756700215787,1.4743988554672565,-3.0604809522628784,1.6281131888531841,-5.0516731415083145,-0.0015026056497591256,-0.0015023696763645684
research_sigma_substitutes,35.0,1.8683290924307656,0.7473310101860949,0.42000000000000026,0.6490309199896462,-0.19228567707023947,-2.626498299616343,-3.373829309802438,-3.0050200996575422,0.38690988443517044,-4.627669788520826,-3.437618700471886,0.03254862676627714,0.052500761791621255,0.19304196692203335,0.4910748704954244,0.017901688700197493,0.7435567081123174,6.974595792019755e-07,-8.208964197287116e-08,-6.393829521389449e-09,0.018964653972571174,0.020397977298065705,0.01598368889812285,0.0039836888981228495,0.002702557096323832,0.01204780471118011,0.05902937781603845,0.002282560256259051,0.0004193166242895473,0.0027018768805485986,0.6348244895996137,0.6561823231256594,-0.0012333270906188798,-0.001281131801799007,-0.0012332841890869038,-4.7804711180109843e-05,-0.0012332841890869038,-0.0012810889002670136,0.22903091998964598,1.4814192079955952,-3.0134081840515137,1.6226496888632842,-5.047669788520826,-0.001420853736085581,-0.0014214252945248147
research_sigma_substitutes,36.0,1.8871929201516722,0.7677096640651168,0.4320000000000003,0.6649949447984038,-0.18961275790282828,-2.5675614740082215,-3.335271138073338,-2.994401660127301,0.39895633204494013,-4.611705763712068,-3.425967225195158,0.032503689918825567,0.05367934071235838,0.19345866754315155,0.4908745120788991,0.01831076605925785,0.7431476307532571,6.934072320774476e-07,1.709666634930329e-07,1.3338170012922035e-08,0.018764959745030785,0.02035947445844415,0.01594672169825473,0.003946721698254729,0.0026452973540750657,0.012045159881375389,0.05884970719125082,0.0022175339550062805,0.000427114331128865,0.0026446482861351454,0.6340348417227198,0.6553356691040231,-0.0012562644628042463,-0.0013014243441796247,-0.0012562186209672502,-4.5159881375388816e-05,-0.0012562186209672502,-0.001301378502342639,0.23299494479840355,1.488236588106732,-2.9665178060531616,1.6173041035847673,-5.043705763712069,-0.0013441647836940351,-0.0013438730098954028
research_sigma_substitutes,37.0,1.9058628512039502,0.7880502454406471,0.4440000000000003,0.6809243633861557,-0.18699508236208934,-2.5087988852338414,-3.2968491306744885,-2.9837084292249303,0.4110002041979212,-4.5957763451243165,-3.4142599383169423,0.03246124284158551,0.054878392850414424,0.19386750291787613,0.49067067321542956,0.018727289374519965,0.742731107437995,-1.1754083184545294e-07,-6.656372395497101e-07,-5.2013862467115146e-08,0.018576766506468875,0.02032182546414739,0.015914268003439702,0.003914268003439702,0.002591967558421615,0.012042610643994228,0.0586781787859314,0.0021562714346166334,0.0004350784549802349,0.002591349889596868,0.6332314767902223,0.6544766006583276,-0.0012796898010238589,-0.0013223004450180764,-0.0012796425146477499,-4.2610643994227954e-05,-0.0012796425146477499,-0.0013222531586419778,0.2369243633861554,1.4948626470060289,-2.9197990894317627,1.6120679158993863,-5.0397763451243165,-0.001270002843249296,-0.0012696671134035283
research_sigma_substitutes,38.0,1.9243500991734395,0.8083536014304549,0.4560000000000003,0.6968234808052832,-0.18442882278598505,-2.4502051164363587,-3.258558717866814,-2.9729416658137997,0.4230415533329286,-4.57987722770519,-3.4024971485469733,0.03242123512375438,0.05609823774647127,0.19426886757504142,0.49046329958309987,0.019151347531095562,0.7423070492814193,3.5571725998106984e-07,-5.004930274665753e-07,-3.917070809378309e-08,0.018399510361994498,0.020285017012041696,0.015886223621226936,0.0038862236212269356,0.0025424062209942477,0.012040155917807355,0.05851613262335853,0.0020985869665817573,0.00044322746642366995,0.0025418144330054274,0.6324141807098642,0.6536048574719916,-0.001303661482425278,-0.0013438174002325942,-0.0013036101953637351,-4.0155917807354474e-05,-0.0013036101953637351,-0.0013437661131710896,0.24082348080528293,1.5013085458405109,-2.873246669769287,1.6069355618913899,-5.03587722770519,-0.00119836899598047,-0.0011985888207615598
research_sigma_substitutes,39.0,1.942665352839381,0.8286205540397382,0.4680000000000003,0.7126968106286096,-0.18191026992010084,-2.3917666199871244,-3.220387174026863,-2.962105167216891,0.4350805160335359,-4.564003897881863,-3.390681157173026,0.03238353490757815,0.05733942038031494,0.194663374875116,0.49025229853534646,0.01958318508748352,0.7418752117250315,1.1232992236376305e-07,-2.259876774601821e-07,-1.771399332772816e-08,0.01823268773379183,0.020249017989164054,0.015862525449037435,0.0038625254490374343,0.00249644951288458,0.012037837214685043,0.05836495131990982,0.00204430067130524,0.00045158287801667116,0.002495883549321911,0.631582588345189,0.6527199682209452,-0.0013282387214678393,-0.0013660759361528996,-0.0013281849353431506,-3.783721468504295e-05,-0.0013281849353431506,-0.0013660221500281936,0.24469681062860926,1.507584836805845,-2.8268471360206604,1.6018987306649715,-5.032003897881863,-0.00113053303220223,-0.0011303735767317254
research_sigma_substitutes,40.0,1.9608187938912065,0.8488519000220794,0.4800000000000003,0.7285485317033581,-0.1794359237602159,-2.333475213796539,-3.1823271138186184,-2.951202731878204,0.4471172277622987,-4.548152176807115,-3.3788143166517783,0.03234801138230431,0.05860236393626819,0.19505161666948195,0.4900375981308344,0.020022960367507125,0.7414354364450078,-4.4188512660081614e-07,-8.194039684550347e-07,-6.432587587590355e-08,0.018075815800234776,0.02021379728497125,0.015842860881937093,0.003842860881937093,0.0024539204337948317,0.012035611084859454,0.0582205681122947,0.001993267556073856,0.0004601131022174534,0.0024533806582913097,0.6307364161627003,0.6518215469837622,-0.0013533293632828625,-0.0013889404481422785,-0.0013532738300513338,-3.561108485945416e-05,-0.0013532738300513338,-0.001388884914910788,0.24854853170335778,1.513701566128908,-2.780592441558838,1.5969494449289106,-5.028152176807115,-0.0010652270994973012,-0.0010649799856525706
research_sigma_substitutes,41.0,1.9788201413744253,0.8690484114817564,0.4920000000000003,0.7443825323924838,-0.17700242905251118,-2.275325483762535,-3.1443738952442915,-2.940235621415886,0.45915173820325483,-4.532318176117989,-3.366896981184338,0.032314616709255874,0.05988743101116665,0.19543396687344514,0.4898191367281017,0.02047078712086215,0.7409876096916528,2.5002722459088744e-07,-7.202153666785449e-07,-5.662316956978053e-08,0.017928431673056064,0.020179342388489962,0.01582720157493156,0.0038272015749315595,0.0024147124916862606,0.012033455498092954,0.0580856431792911,0.0019453421377378262,0.0004688510261540789,0.002414193163891905,0.6298754212225183,0.6509093059570067,-0.0013790335851523727,-0.0014124890832453163,-0.0013789736063355264,-3.345549809295398e-05,-0.0013789736063355264,-0.0014124291044284804,0.2523825323924834,1.5196684031711705,-2.73447722196579,1.592082554702103,-5.024318176117989,-0.0010018175770107884,-0.0010022234084409616
research_sigma_substitutes,42.0,1.9966786810857828,0.8892108407623952,0.5040000000000003,0.7602029348532212,-0.17460649877684337,-2.217303927437957,-3.106514768200352,-2.9292063670322257,0.4711841387584846,-4.516497773657251,-3.3549304709248684,0.032283262657607954,0.06119522456496621,0.19581092066202027,0.48959681182395576,0.020926945269061317,0.7405314515434536,-2.8658076522969367e-07,-7.741108198899838e-09,-6.09492289971314e-10,0.01779012519775379,0.020145632317755215,0.015815465010527108,0.0038154650105271075,0.002378679162572478,0.012031412091019905,0.05796021815753294,0.0019003753252221818,0.000477806012210978,0.0023781813374331596,0.6289991995414725,0.6499827638290848,-0.0014053737569347524,-0.0014367858479546192,-0.0014053118006205239,-3.1412091019904914e-05,-0.0014053118006205239,-0.0014367238916404288,0.2562029348532209,1.5254945423272983,-2.6884880661964417,1.5872914066250257,-5.020497773657252,-0.0009415741302936098,-0.0009418933146178483
research_sigma_substitutes,43.0,2.014403281224433,0.9093399172735405,0.5160000000000003,0.776013462413538,-0.17224507072736622,-2.159405047447469,-3.0687449647210094,-2.918118769676473,0.48321456238529464,-4.500687246096934,-3.3429171937083444,0.03225382075687075,0.06252613996767362,0.19618304535579123,0.48937055620549547,0.021391568559542117,0.7400668282529728,-8.204055357285966e-07,-8.184671873578964e-08,-6.453419770791058e-09,0.017660494079292738,0.02011263660704106,0.015807370436120682,0.003807370436120682,0.002345661561469148,0.01202945896800231,0.057840247837860126,0.0018582415867258411,0.00048694320547406657,0.002345184792199908,0.6281074862216586,0.6490415562403968,-0.0014322499066491412,-0.001461708874651385,-0.0014321858984531373,-2.945896800230982e-05,-0.0014321858984531373,-0.0014616448664554471,0.2600134624135376,1.5311887188391382,-2.6426196098327637,1.582568476420461,-5.016687246096934,-0.0008838630038909834,-0.0008839526868176135
research_sigma_substitutes,44.0,2.0320024268594143,0.9294363495219146,0.5280000000000004,0.7918176757254626,-0.16991517565390507,-2.1016234317622366,-3.031059781284151,-2.9069740930400076,0.4952430566944892,-4.48488303278501,-3.3308575386314603,0.032226245105144866,0.06388058272875036,0.19655069884239645,0.4891403009361125,0.021864795281316914,0.739593601531198,-2.310196761667882e-07,1.71624745082255e-07,1.35513626153827e-08,0.01753915699997545,0.020080343433502228,0.01580291957191482,0.0038029195719148194,0.0023155798086406665,0.012027574325904372,0.05772839262615159,0.0018188222824434557,0.0004962971337140902,0.002315119416157546,0.6272000095717373,0.6480853674729794,-0.001459765437369781,-0.0014873397632742535,-0.0014596974521002655,-2.7574325904371894e-05,-0.0014596974521002655,-0.0014872717780046374,0.2638176757254622,1.5367593701649251,-2.596866488456726,1.5779089397450026,-5.012883032785011,-0.0008280503498463432,-0.0008282400453665135
research_sigma_substitutes,45.0,2.0494842453909987,0.9495008284335542,0.5400000000000004,0.8076193015573676,-0.1676139111100849,-2.043948262195166,-2.99344909062872,-2.8957748703761657,0.5072697110371034,-4.469081406953105,-3.3187528737571874,0.032200449388126426,0.06525913237718128,0.19691435497438733,0.4889059474958792,0.022346883861463423,0.7391115129510515,-1.071138484576295e-07,2.975443225139429e-07,2.3526693426756395e-08,0.01742577348119577,0.02004873239408225,0.015802099330120556,0.0038020993301205556,0.0022883334875184735,0.012025778742388027,0.05762601420457658,0.001781998263806555,0.0005058914064177917,0.002287889670224347,0.6262763813072885,0.6471137343588728,-0.0014879871002140832,-0.0015137658426021827,-0.0014879159012287995,-2.577874238802666e-05,-0.0014879159012287995,-0.0015136946436168262,0.26761930155736724,1.5422145343538953,-2.5512179732322693,1.5733065365769394,-5.009081406953105,-0.0007747712415901997,-0.0007745676449163914
research_sigma_substitutes,46.0,2.066856516910528,0.969534031830013,0.5520000000000004,0.8234218743857037,-0.16533850867886812,-1.9863714033530835,-2.9559054351830962,-2.884523635523188,0.5192946141792653,-4.453278834124768,-3.3066045957958714,0.03217634783823245,0.0666623087376404,0.19727447542909488,0.48866740751460114,0.02283804919616256,0.7386203476163523,-8.637818181833623e-07,-2.3556860306861438e-07,-1.865199952821861e-08,0.01732001835636479,0.020017783098351824,0.015804628735162085,0.003804628735162085,0.002263791864512199,0.01202402949240522,0.057529046534565254,0.001747676325106659,0.0005156898141799301,0.002263366139286589,0.6253362531457809,0.6461262356515116,-0.001516807378244639,-0.0015408368706497644,-0.00151673474758803,-2.4029492405219094e-05,-0.00151673474758803,-0.001540764239993249,0.2714218743857033,1.547561902731263,-2.5056660175323486,1.5687551986015804,-5.005278834124769,-0.0007227571019856605,-0.0007229549938623132
research_sigma_substitutes,47.0,2.0841267125934397,0.9895366128251141,0.5640000000000004,0.8392285590276918,-0.1630863273810605,-1.9288901691260354,-2.9184267819511494,-2.873220384580137,0.5313177700219138,-4.4374721494827805,-3.2944121290598276,0.032153936806559334,0.06809047928744766,0.19763129420793704,0.4884246185211339,0.023338396857181285,0.7381199999553336,-4.3718048925445174e-07,6.933280753962379e-07,5.497160818213054e-08,0.01722156682624823,0.019987493242834508,0.015810460083188538,0.0038104600831885375,0.0022418456490424232,0.012022368278201578,0.05743753131836282,0.0017157355208553952,0.0005256978371147667,0.002241433357970162,0.62437937887741,0.6451226105288368,-0.001546246155944564,-0.0015686144341460484,-0.0015461701091610788,-2.2368278201578135e-05,-0.0015461701091610788,-0.0015685383873626569,0.2752285590276914,1.552808942571526,-2.460207939147949,1.5642517649026435,-5.0014721494827805,-0.0006732775309721273,-0.0006732312148963089
research_sigma_substitutes,48.0,2.101301992594333,1.0095092177900473,0.5760000000000004,0.8550427945520808,-0.16085481738078328,-1.8714963407163578,-2.881005558506405,-2.8618701905851323,0.5433393507356684,-4.421657913958391,-3.282178910406212,0.032133049772333284,0.06954418997773519,0.1979854716915767,0.48817748770378505,0.023848156671092493,0.7376102401414224,5.153023354687036e-07,-3.282007545735155e-07,-2.6057044771876647e-08,0.017130137517808994,0.019957824595591377,0.015819696670769212,0.003819696670769212,0.0022224600745756606,0.01202077361846332,0.057355470388177676,0.0016860900867840722,0.0005359700100051256,0.002222060096789198,0.6234053927149174,0.6441023661033954,-0.0015764629777302586,-0.0015972365961935409,-0.0015763823823680165,-2.077361846332046e-05,-0.0015763823823680165,-0.001597156000831337,0.27904279455208036,1.5579626418586643,-2.4148356914520264,1.559787723373259,-4.997657913958392,-0.0006256983587704656,-0.0006252234783821094
research_sigma_substitutes,49.0,2.1183892456615623,1.0294524718277505,0.5880000000000004,0.8708679523692302,-0.15864140723190917,-1.81417922834968,-2.8436317001774305,-2.850471781297678,0.5553593172588405,-4.405832756141242,-3.269903290973676,0.03211372464151692,0.07102409383847173,0.19833716219968567,0.4879259040474598,0.024367630347131884,0.7370907664653831,3.052415209481296e-08,-2.564327012954948e-07,-2.038634061563016e-08,0.01704546633289998,0.019928784951846724,0.015832130798611843,0.003832130798611843,0.0022055370397891516,0.012019202963297004,0.05728013898510176,0.0016586669119689821,0.0005464848844290535,0.002205151796398036,0.6224138571282238,0.6430650717696105,-0.0016073907955256872,-0.0016265937588227086,-0.0016073084836148632,-1.9202963297004078e-05,-0.0016073084836148632,-0.0016265114469118673,0.2828679523692298,1.5630299284027218,-2.3695385456085205,1.5553609748435644,-4.993832756141242,-0.0005787508330896696,-0.0005789432809664603
research_sigma_substitutes,50.0,2.1353950904561416,1.0493669907137158,0.6000000000000004,0.8867070561493045,-0.15644374330120497,-1.7569360627461543,-2.80630305345987,-2.8390276922513116,0.5673777566622624,-4.389993652361168,-3.2575867390229774,0.03209587723147172,0.07253059928824422,0.19868679647728837,0.4876697981209985,0.024896946598196704,0.7365614502143182,-1.4027598438381972e-07,5.6694999361894816e-08,4.5132154402605096e-09,0.016967287253730493,0.019900354255303045,0.015847689904220308,0.0038476899042203076,0.002190963607942603,0.012017719175982322,0.057210258867907426,0.0016333574656568963,0.0005572331378262256,0.002190590603483122,0.6214044984768763,0.6420103849743427,-0.0016390071202953826,-0.0016567262962776386,-0.0016389209936065459,-1.771917598232184e-05,-0.0016389209936065459,-0.0016566401695888677,0.28670705614930403,1.5680173337938792,-2.3243138194084167,1.5509659601098567,-4.989993652361169,-0.000534339043927412,-0.0005342373116648987
research_sigma_substitutes,51.0,2.1523259033289346,1.069253376778438,0.6120000000000004,0.9025633321776708,-0.15425948001602396,-1.6997587106138652,-2.769012087392303,-2.8275404593855327,0.5793947556108051,-4.3741373763328015,-3.245230674860912,0.032079423739248956,0.0740643044388633,0.1990348238722161,0.4874090682453932,0.02543636541637887,0.7360220313961361,-8.871393009091122e-07,-4.5989722630146446e-07,-3.665840184186031e-08,0.016895367083561527,0.019872513128397173,0.015866291617081196,0.003866291617081196,0.0021786809907307914,0.012016279823637177,0.05714578760371225,0.0016100987957750356,0.0005682225525779201,0.002178321348352956,0.6203769160259615,0.6409378323401158,-0.0016713308027132556,-0.001687610626350422,-0.001671242801699765,-1.627982363717681e-05,-0.001671242801699765,-0.0016875226253369418,0.2905633321776704,1.5729311477181294,-2.2791534662246704,1.5465969169472689,-4.986137376332802,-0.0004911941219805094,-0.0004910703643803867
research_sigma_substitutes,52.0,2.1691878229386177,1.089112215793965,0.6240000000000004,0.9184396393834668,-0.1520863813197434,-1.6426444875387298,-2.731756703332695,-2.8160100804952726,0.5914103163095368,-4.358261069127005,-3.2328345518206922,0.032064362101581034,0.07562563992561849,0.19938146429909986,0.4871436412126448,0.025986026110887035,0.7354723707016279,-6.001047143655569e-07,-1.908202014178073e-07,-1.5230171318547647e-08,0.016829466661472905,0.019845260022283158,0.015887891938529353,0.0038878919385293524,0.002168621893546163,0.012014884610861754,0.057086724897116525,0.0015888120767016802,0.0005794597499264591,0.0021682718266281395,0.6193308212498355,0.6398471106968704,-0.0017043854341214082,-0.0017192700449831788,-0.0017042933821366445,-1.4884610861753272e-05,-0.0017042933821366445,-0.0017191779929983978,0.2944396393834664,1.577777506629081,-2.2340548038482666,1.5422509886317326,-4.982261069127006,-0.00044931636264911035,-0.00044935184856297397
research_sigma_substitutes,53.0,2.1859867685866874,1.1089440893191735,0.6360000000000005,0.9343391160547295,-0.14992223622893164,-1.5855852608196321,-2.6945293501388057,-2.804439092110831,0.6034245248325286,-4.342361592455743,-3.2203997950867786,0.03205060906811048,0.07721523361489144,0.1997271641181554,0.48687341028546843,0.026546205349622813,0.7349121914628921,-3.1587997417759084e-07,-3.889253987754415e-07,-3.1082185381059446e-08,0.016769382655374976,0.01981857587919042,0.01591251867106863,0.0039125186710686315,0.0021607413715403756,0.012013533302053458,0.05703441161702538,0.0015694302865961007,0.0005909705982284866,0.0021604008848245876,0.6182657934780227,0.6387377266519996,-0.0017382439974747144,-0.0017517772995281622,-0.0017381488183190786,-1.3533302053458235e-05,-0.0017381488183190786,-0.0017516821203725369,0.29833911605472907,1.5825622437541589,-2.1890097856521606,1.5379225003449117,-4.978361592455743,-0.00040870600153541936,-0.00040896407201211973
research_sigma_substitutes,54.0,2.202728455678476,1.128749559791137,0.6480000000000005,0.9502646767256041,-0.14776489857666264,-1.528575664304679,-2.657325224095816,-2.7928274924983434,0.6154373829136437,-4.326436031784868,-3.2079258362964502,0.032038163016310545,0.07883363677900343,0.20007215104954842,0.4865982817475694,0.02711712312979968,0.7343412736827153,1.5996339186585828e-07,3.253207523368218e-07,2.6032699801392667e-08,0.01671491262831931,0.019792459669505262,0.01594007136348624,0.003940071363486241,0.002154964834206352,0.012012225641566898,0.05698750640328565,0.0015518867056282966,0.0006027460410925161,0.002154632746720813,0.6171814633580677,0.6376092938553191,-0.001772880887712991,-0.0017851065292798785,-0.0017727824738015183,-1.2225641566897955e-05,-0.0017727824738015183,-0.0017850081153684162,0.30226467672560364,1.5872910727648322,-2.1440130472183228,1.5336085392865249,-4.974436031784869,-0.0003693632942849412,-0.00036985830492646324
research_sigma_substitutes,55.0,2.219418403702451,1.1485291886522773,0.6600000000000005,0.966219258781702,-0.14561230656051893,-1.4716102480130608,-2.620139436665338,-2.7811778186994007,0.6274489761156624,-4.310481449728771,-3.195414128433341,0.032026941174139616,0.08048141459466597,0.20041685928398742,0.4863181595189068,0.027699007536247898,0.733759389276267,9.404666023726804e-07,6.01095885066627e-07,4.81627859538758e-08,0.01666587078608342,0.019766892432885708,0.015970682875057818,0.0039706828750578176,0.002151270415393036,0.012010982417285598,0.05694871225279585,0.0015361131617032812,0.0006148308511919145,0.0021509440128951954,0.6160774522215737,0.6364613628491564,-0.0018084300423792665,-0.0018194124596648542,-0.0018083260329173957,-1.0982417285598095e-05,-0.0018083260329173957,-0.0018193084502029938,0.30621925878170153,1.5919694275867888,-2.099059224128723,1.5293036310293702,-4.970481449728771,-0.0003319231041074566,-0.00033185795572825486
research_sigma_substitutes,56.0,2.236061961125072,1.1682835232452042,0.6720000000000005,0.9822060424757197,-0.14346235774587657,-1.4146782397990874,-2.582961763044292,-2.7694913387065583,0.6394593477482149,-4.294494666034753,-3.1828650539005845,0.0320169016611898,0.08215934868674331,0.20076164295220958,0.4860329107232536,0.028292237492203696,0.7331661593203113,-4.4606826721249604e-07,1.95023994287169e-07,1.5646424073034737e-08,0.016622100768628828,0.019741864950758,0.016004096924014777,0.0040040969240147765,0.0021495603989163947,0.01200978240708811,0.05691398462991226,0.001522065059308437,0.0006271810013472573,0.0021492460606556945,0.6149532363798819,0.6352933614597452,-0.0018447541180102722,-0.001854536525098427,-0.0018446500039625217,-9.782407088109596e-06,-0.0018446500039625217,-0.0018544324110506313,0.31020604247571926,1.596602613376857,-2.0541375875473022,1.5250033273281947,-4.9664946660347535,-0.0002957510020307197,-0.0002950238738180129
research_sigma_substitutes,57.0,2.2526642957820386,1.1880130979598937,0.6840000000000005,0.9982274526297316,-0.14131318576268614,-1.3577822787532363,-2.54579537671313,-2.757769320703462,0.6514685409298386,-4.278473255880741,-3.17027914104752,0.032008002775853604,0.08386773521842893,0.2011067973528412,0.4857424850128671,0.02889684586778646,0.7325615509447284,-1.761471857264496e-07,-8.531605411032928e-07,-6.853561218544968e-08,0.016583409597266827,0.019717366879893464,0.01604018826722786,0.0040401882672278615,0.0021497825817535787,0.012008583465606626,0.05688194028475946,0.0015096926234478662,0.0006397825573720346,0.002149475180819901,0.6138086174036526,0.6341050537234144,-0.0018818222198676293,-0.0018904056854742168,-0.001881713404035396,-8.583465606625679e-06,-0.001881713404035396,-0.0018902968696420217,0.31422745262973106,1.6011957548522,-2.009250819683075,1.5207039351772784,-4.962473255880741,-0.00025957783123775613,-0.00025937689627929597
research_sigma_substitutes,58.0,2.269230419129004,1.2077184437341533,0.6960000000000005,1.0142864190101755,-0.1391627925823694,-1.3009143592295684,-2.5086328029637217,-2.7460104943690338,0.6634765146794281,-4.262414289500297,-3.157654784289644,0.03200028421929022,0.08560728208294127,0.20145245573897236,0.48544676204590004,0.029513153844775222,0.7319452429677397,4.7305462302915657e-07,-2.0684592261233092e-07,-1.6637586558454487e-08,0.016549649918686543,0.0196934068964167,0.016079265531581177,0.004079265531581177,0.0021519572398507325,0.012007427404165716,0.05685798544669196,0.0014989334297918731,0.0006527208435670586,0.0021516542733589317,0.6126431210044293,0.6328959719893319,-0.0019198808875646733,-0.001927308291730434,-0.0019197671869619372,-7.4274041657156065e-06,-0.0019197671869619372,-0.0019271945911276528,0.31828641901017496,1.6057539044495757,-1.9643908739089966,1.5164037951312634,-4.958414289500298,-0.0002246730825896659,-0.00022464894812028804
research_sigma_substitutes,59.0,2.285765197487817,1.2274000851582012,0.7080000000000005,1.030385983692894,-0.13700927128298468,-1.2440663078598524,-2.4714663930180536,-2.7342186668686415,0.6754833957381701,-4.246314724817578,-3.144994405938161,0.03199362333346682,0.08737871988358319,0.20179917002337883,0.48514561761979086,0.030141498268693875,0.7313168985438211,1.3359407802226997e-07,-9.01429479727156e-07,-7.25994566130872e-08,0.016520692902604384,0.019669958059231076,0.016121156115841195,0.004121156115841195,0.0021560161745511897,0.012006293108097588,0.056839416792026976,0.0014897519321872426,0.0006659683625002978,0.0021557202946875403,0.6114562576779993,0.6316655266090656,-0.001958846833192418,-0.001965139941289995,-0.0019587304779420524,-6.293108097587402e-06,-0.0019587304779420524,-0.0019650235860396398,0.3223859836928934,1.6102818017496467,-1.9195497035980225,1.5120960579489369,-4.9543147248175785,-0.00019040221966104554,-0.00019087623326118422
research_sigma_substitutes,60.0,2.3022733583831734,1.2470585420358087,0.7200000000000005,1.0465287312418579,-0.13485076023326703,-1.1872355256455145,-2.434294067681323,-2.722391298808356,0.6874891008956233,-4.230171977268615,-3.132295447646349,0.0319881006889184,0.08918258459959369,0.20214694626138377,0.4848389606180691,0.030782073153546675,0.7306763236589683,4.584034929422387e-09,7.41181277685854e-07,5.977017031311149e-08,0.016496389794217012,0.019647037655451602,0.01616578784751299,0.004165787847512991,0.0021618972454783836,0.012005201391473985,0.056824914030328966,0.0014820921729051988,0.0006795134284045076,0.0021616056013097065,0.6102476683182722,0.6304133954888113,-0.001998689210560678,-0.0020038906020345693,-0.0019985689070720816,-5.20139147398499e-06,-0.0019985689070720816,-0.0020037702985460665,0.32652873124185733,1.6147842574875502,-1.8747246265411377,1.507780678460259,-4.9501719772686155,-0.00015740007947329104,-0.00015800664344377616
research_sigma_substitutes,61.0,2.3187594967185694,1.2666943219238793,0.7320000000000005,1.06271755938792,-0.1326854767920279,-1.1304164797991945,-2.397110801723074,-2.710533467027588,0.699493798521118,-4.213983149122552,-3.1195613615305637,0.031983553320860114,0.09101953079783236,0.20249643079498164,0.48452667976436853,0.03143515705078772,0.7300232397617272,-1.0881236445214881e-07,3.1169846126388734e-07,2.5168344547354948e-08,0.016476622678605307,0.019624609930028535,0.016213245432494028,0.004213245432494028,0.0021695795363190773,0.012004173106508864,0.05681583911831922,0.0014759083587918263,0.0006933852584929055,0.0021692936172847317,0.6090169143654522,0.6291390156176943,-0.002039492789666114,-0.0020436658961750787,-0.0020393684073320754,-4.173106508863905e-06,-0.0020393684073320754,-0.0020435415138409393,0.33071755938791936,1.6192656981974514,-1.8299102783203125,1.5034496820949643,-4.9459831491225525,-0.0001263014609045321,-0.000125913640144127
research_sigma_substitutes,62.0,2.335228080280025,1.2863079277095841,0.7440000000000005,1.078955222106846,-0.13051160116062888,-1.073603847408876,-2.3599117751184604,-2.698643901730165,0.711497447108641,-4.197745486403626,-3.1067905584072033,0.031980021421687474,0.09289022884801981,0.20284774854642643,0.48420866109583666,0.03210103529372448,0.7293573615187905,-3.6456586371969024e-07,-3.446024376962953e-08,-2.786120084641297e-09,0.016461273613165614,0.01960268382431762,0.016263488352584843,0.004263488352584843,0.0021790561689615795,0.012003145208310917,0.05681212901110633,0.00147118237360205,0.0007075938491811094,0.0021787762227831594,0.6077635466718266,0.6278419455396175,-0.002081286975312374,-0.0020844321836232804,-0.0020811583799444392,-3.145208310916664e-06,-0.0020811583799444392,-0.002084303588255356,0.33495522210684536,1.623730633171384,-1.785101294517517,1.4991015846734612,-4.941745486403627,-9.520245556826623e-05,-9.462398533831642e-05
research_sigma_substitutes,63.0,2.3516834756040117,1.305899853726068,0.7560000000000006,1.0952445360930896,-0.12832736445410475,-1.0167922217769818,-2.32269207550305,-2.6867238719387245,0.7235000889377399,-4.181456172417382,-3.09398345707821,0.03197746407496178,0.09479536517365714,0.20320123568521695,0.4838847879204783,0.03278000308362503,0.7286783937288899,-9.756903578406195e-07,-8.452419988369542e-07,-6.842678318408346e-08,0.016450236552486106,0.019581250635381745,0.016316348485366894,0.004316348485366894,0.002190258544171597,0.012002117605586449,0.05681110140838186,0.001467879252476887,0.0007221062770499014,0.002189985529526788,0.6064871053336497,0.6265216798430144,-0.0021239723356087925,-0.0021260899411951473,-0.0021238419913232392,-2.11760558644844e-06,-0.0021238419913232392,-0.0021259595969096877,0.339244536093089,1.6281833866662718,-1.7402923107147217,1.494732300478658,-4.937456172417383,-6.410315475902095e-05,-6.41686029763007e-05
research_sigma_substitutes,64.0,2.3681299394309834,1.3254705973348435,0.7680000000000006,1.1115879190775797,-0.12613108407228568,-0.9599816445921123,-2.285452241926956,-2.674772108039683,0.7355016823198139,-4.165112789432893,-3.081138529750834,0.031975921643976994,0.09673540812997652,0.20355699200018595,0.48355498061790403,0.033472195796212995,0.727986201016302,3.7107277472969713e-07,9.643619147681193e-08,7.817191977066429e-09,0.016443387159145867,0.01956031884222547,0.01637202771114532,0.00437202771114532,0.0022031910597617443,0.01200113212839804,0.056815480349223235,0.001465944160146783,0.0007369728250874702,0.002202916985234253,0.6051872765529157,0.6251779166285758,-0.0021677045229855363,-0.0021688366513835378,-0.0021675671326102063,-1.132128398039639e-06,-0.0021675671326102063,-0.002168699261008246,0.34358791907757913,1.6326282571111694,-1.6954833269119263,1.49034068139321,-4.933112789432894,-3.427303059866382e-05,-3.4354408378168416e-05
research_sigma_substitutes,65.0,2.384571627872606,1.3450206530536024,0.7800000000000006,1.1279885915153802,-0.12392098233458126,-0.9031612610785353,-2.2481819141321377,-2.662792417999922,0.747502353194536,-4.1487121169950925,-3.06825812531652,0.031975272220874706,0.09871130280663225,0.20391559508525814,0.48321907852287255,0.03417808924263075,0.7272803075698842,8.728940603663915e-07,-6.82486439140817e-07,-5.5395390968770997e-08,0.016440661972812687,0.019539862850790932,0.01643069904093808,0.004430699040938079,0.002217886034935612,0.012000167719532107,0.056827926985431765,0.0014653631035825916,0.000752251108236636,0.0022176142118192277,0.6038634271195563,0.623809919096757,-0.0022126452864703605,-0.002212813006002401,-0.0022125032595195176,-1.6771953210634183e-07,-0.0022125032595195176,-0.002212670979051624,0.34798859151537964,1.6370692746780702,-1.6506636142730713,1.4859196989951706,-4.928712116995093,-5.077489208193953e-06,-5.073028933145346e-06
research_sigma_substitutes,66.0,2.4010126181278397,1.3645504998280784,0.7920000000000006,1.1444493171594559,-0.12169531200241446,-0.8463257906212488,-2.210876290449327,-2.6507822630180993,0.7595020177588782,-4.132251391351017,-3.055339625355516,0.03197559693083159,0.10072378504111501,0.20427707262857106,0.48287695654301044,0.03489800524856593,0.726560391563949,2.931870097810929e-07,8.751564117837063e-08,7.1127439493778866e-09,0.016441973218050562,0.019519900942525144,0.016492012181706706,0.004492012181706705,0.00223424351190038,0.011999203325143593,0.056843055845132606,0.0014661140646593002,0.0007678632354786023,0.002233977300137902,0.6025150640224529,0.6224172263758534,-0.002258565344662733,-0.002257768669806398,-0.0022584212808194185,7.96674856407692e-07,-0.0022584212808194185,-0.002257624605963011,0.35244931715945527,1.6415106003689615,-1.605827808380127,1.4814691283329173,-4.924251391351017,2.411806665958416e-05,2.35251579059452e-05
research_sigma_substitutes,67.0,2.4174568908544996,1.3840606168107696,0.8040000000000006,1.1609726158787936,-0.1194524953107805,-0.7894751493882701,-2.1735357661990395,-2.6387441818666026,0.7715007598448231,-4.115728092631679,-3.042384499226254,0.031976814621567894,0.10277336031134995,0.20464184585093653,0.4825285287470705,0.03563209928476158,0.7258262975277533,8.316207644742946e-07,5.033310681579195e-07,4.0961975311670784e-08,0.0164472240684137,0.019500415482168295,0.01655619269409636,0.004556192694096361,0.0022522808549058637,0.011998280794051741,0.056863590986159895,0.0014681512805394471,0.0007838629772751822,0.002252014257814629,0.6011418485913954,0.620999432318751,-0.002305631045138812,-0.002303911839190542,-0.0023054793449270063,1.719205948259167e-06,-0.0023054793449270063,-0.002303760138978747,0.35697261587879303,1.6459561310096764,-1.5609759092330933,1.4769839107650764,-4.919728092631679,5.204418363913277e-05,5.163098428463339e-05
research_sigma_substitutes,68.0,2.433908369410238,1.4035514843394474,0.8160000000000006,1.1775617025476486,-0.11719075029260273,-0.732598608648929,-2.1361500929883763,-2.626678174650821,0.7834985793469816,-4.099139005962824,-3.0293920478472405,0.031978925391732894,0.10486103705204756,0.20501018799203874,0.4821736237011519,0.03638088442150648,0.7250775123910085,-3.0687366914250447e-07,9.139143504199865e-07,7.447533231785819e-08,0.016456368374690514,0.019481407936547995,0.016623256483816684,0.004623256483816684,0.0022719847106212887,0.011997400056840801,0.05688953233909788,0.0014714595448904052,0.0008002640429211805,0.0022717235878115857,0.5997431051751281,0.6195558349985598,-0.002353871716354594,-0.0023512717731953015,-0.00235371777329759,2.5999431591990085e-06,-0.00235371777329759,-0.002351117830138391,0.36156170254764797,1.6504097900632564,-1.5160971879959106,1.4724608313120031,-4.915139005962825,7.870079231464544e-05,7.928706257410642e-05
research_sigma_substitutes,69.0,2.4503708929503674,1.4230235772497257,0.8280000000000006,1.194219128846427,-0.11490852588953793,-0.6756960847100744,-2.0987196619598,-2.6145867802819733,0.7954955599585047,-4.082481579664045,-3.016363720549238,0.03198184821899843,0.1069873461670525,0.20538252683770414,0.4818121511516011,0.03714452883991536,0.7243138679725996,-9.47322512656612e-07,-6.692094511873137e-07,-5.4607678823259675e-08,0.01646932216654043,0.019462861017376747,0.016692899624616397,0.004692899624616397,0.002293292246407952,0.011996498136942702,0.056916793613856154,0.00147603192976725,0.0008170035443595197,0.0022930354741267697,0.5983184780680747,0.6180860110600845,-0.0024031092412656885,-0.0023996073782084626,-0.002402951601057411,3.501863057298743e-06,-0.002402951601057411,-0.002399449738000112,0.3662191288464264,1.6548753329918626,-1.471191644668579,1.467894799382072,-4.9104815796640455,0.00010599186939508343,0.00010631513180049332
research_sigma_substitutes,70.0,2.466848245104594,1.4424773700569316,0.8400000000000006,1.2109475017968814,-0.11260416579978683,-0.6187650214212167,-2.061242391478148,-2.602466190912031,0.807491575620867,-4.065753206713591,-3.0032959062974043,0.03198570512247087,0.10915294828681958,0.20575877845303067,0.48144399879124067,0.037923288122056975,0.723535108690458,-1.0929796512293422e-07,2.673895393989767e-07,2.1848679615521505e-08,0.016486009443054478,0.01944480181163327,0.016765440677637633,0.004765440677637633,0.0023162592009213223,0.011995595936957482,0.05694941902655709,0.0014818364570120088,0.0008341631955889634,0.0023159996526009724,0.5968675246478309,0.6165895770406419,-0.002453585539758829,-0.0024491814767163556,-0.002453421163496951,4.404063042518641e-06,-0.002453421163496951,-0.0024490171004544325,0.37094750179688074,1.659356669483727,-1.4262565970420837,1.4632870158015603,-4.905753206713592,0.00013328266638845676,0.00013292227579498814
research_sigma_substitutes,71.0,2.4833441461418784,1.461913332269223,0.8520000000000006,1.2277500102017023,-0.11027600748769528,-0.5617972466569602,-2.0237105789261833,-2.5903202149491964,0.8194867518324197,-4.04895069830877,-2.990190921620482,0.03199037460738105,0.11135877758255411,0.20613952928616938,0.48106900781096584,0.03871761598410001,0.722740780828415,5.952228023797801e-07,5.157173621483935e-08,4.219754740075743e-09,0.01650639766881823,0.019427205549938754,0.016841140251573905,0.004841140251573905,0.002340917346712934,0.011994735324270811,0.056990132653601255,0.001488848573700648,0.0008518075153840447,0.0023406560890846927,0.5953896190196887,0.615065804514291,-0.002505487580590271,-0.0025002229048610436,-0.002505316221717779,5.264675729189233e-06,-0.002505316221717779,-0.00250005154598859,0.3757500102017016,1.6638573943094586,-1.3812839984893799,1.458630483359574,-4.900950698308771,0.00015930374849548734,0.00015930555814803668
research_sigma_substitutes,72.0,2.499862270718664,1.4813319347754867,0.8640000000000007,1.2446297823000292,-0.10792233110636096,-0.5047847561140142,-1.986116690889501,-2.57814758341504,0.8314810462694087,-4.0320709262104435,-2.9770470554448885,0.031995897631538116,0.11360579486603245,0.2065249480903841,0.48068701487277443,0.03952798119452519,0.7219304156179898,-3.796443712733577e-07,2.637702345431592e-07,2.1612329120790363e-08,0.016530453892376396,0.019410082751870176,0.016919606601054515,0.004919606601054515,0.0023671770067810183,0.011993874303800722,0.057033528081876894,0.0014970712642299723,0.0008698501635513716,0.002366921427781344,0.5938841174397581,0.6135140501849873,-0.002558555290472775,-0.0025524295942734587,-0.0025583828339746225,6.125696199277969e-06,-0.0025583828339746225,-0.0025522571377753446,0.38062978230002853,1.6683812244492555,-1.3362658023834229,1.4539233427954037,-4.896070926210444,0.0001853244228191553,0.0001852525874924786
research_sigma_substitutes,73.0,2.5164062475253597,1.5007336468626267,0.8760000000000007,1.2615892234038113,-0.10554165347413325,-0.4477301904932064,-1.948463837355833,-2.565949566103558,0.8434745004400211,-4.015111485106662,-2.9638647561050653,0.03200223400050022,0.11589443834848472,0.20691535363198063,0.4802979454807576,0.040354471976284154,0.7211039248362308,3.740389422635104e-07,1.9524238981105668e-07,1.6019773368958212e-08,0.016558100663363107,0.01939342509520187,0.017000991429520385,0.005000991429520384,0.002395055986051331,0.011993033788030294,0.05708096732837453,0.0015064720688598282,0.0008883249247718402,0.0023947969936316685,0.5923507263065152,0.6119339807513784,-0.0026129016554386486,-0.002605935443468904,-0.0026127203669760006,6.966211969706287e-06,-0.0026127203669760006,-0.0026057541550062943,0.38558922340381063,1.6729317470853386,-1.2912046909332275,1.4491619190031035,-4.891111485106662,0.00021070995075000987,0.00021087945741772238
research_sigma_substitutes,74.0,2.532979668132314,1.520118935001527,0.8880000000000007,1.27863176515907,-0.1031322191342583,-0.3906228214572651,-1.910741756458792,-2.5537261635135398,0.8554671138454693,-3.9980689433514023,-2.9506432464050225,0.032009384181117005,0.11822583441492066,0.2073110465999725,0.4799016081494635,0.04119767230731909,0.7202607245051958,5.2190348043268386e-08,-7.524310130513356e-08,-6.182468981208444e-09,0.016589331800996074,0.01937723502127819,0.01708541307273226,0.005085413072732258,0.0024245858848870316,0.01199219274140284,0.05713377046204493,0.001517055889665767,0.0009072731177809134,0.0024243290074466807,0.5907886909420031,0.6103248123353123,-0.002668634446442275,-0.002660827187845133,-0.0026684503464144515,7.807258597159611e-06,-0.0026684503464144515,-0.002660643087817292,0.3906317651590693,1.6775125542868448,-1.2460899353027344,1.4443427798378625,-4.886068943351403,0.00023609494782395046,0.00023624130295819487
research_sigma_substitutes,75.0,2.5495860886026915,1.5394882673079262,0.9000000000000007,1.2957600495492758,-0.10069248170435918,-0.33346264956911653,-1.8729509168770426,-2.54147737620791,0.8674588859228268,-3.9809406589611966,-2.93738190681388,0.032017348700256826,0.12060057732437639,0.20771226453360198,0.479497901854856,0.04205777686310549,0.7194006199494094,8.323129387921568e-07,-9.746787910103194e-08,-8.020041186718174e-09,0.016624091439820285,0.019361513608162153,0.017172925942440465,0.005172925942440464,0.0024557730363988783,0.011991351099745473,0.0571919374187152,0.0015288043122246879,0.0009267068569295697,0.0024555111691542575,0.5891976131926678,0.6086861292416059,-0.002725801806296113,-0.0027171529060416033,-0.002725608402734029,8.648900254527164e-06,-0.002725608402734029,-0.0027169595024795017,0.39576004954927513,1.6821272026798648,-1.2009215354919434,1.4394632827532865,-4.880940658961197,0.00026147934986764376,0.0002613798696427076
research_sigma_substitutes,76.0,2.566229039557612,1.5588421167034663,0.9120000000000007,1.3129776170439509,-0.09822067306146054,-0.2762389466198347,-1.835081063323301,-2.5292032048138045,0.8794498160449602,-3.9637230914665214,-2.924079925543895,0.03202612814486684,0.12301983826402707,0.20811932051013027,0.4790866274951154,0.04293539734338551,0.7185229994691295,-5.87826241016387e-08,1.2371734858795946e-07,1.0194660032825098e-08,0.01666238574592488,0.019346263601779764,0.017263569583008676,0.005263569583008675,0.0024886203344097746,0.01199050879881225,0.0572554681341394,0.001541719392547168,0.0009466429559981503,0.002488362348545318,0.5875767083631018,0.6070171163163777,-0.0027844404497867625,-0.002774949248599057,-0.002784243988229854,9.491201187750847e-06,-0.002784243988229854,-0.002774752787042103,0.4009776170439502,1.686779223512652,-1.155688762664795,1.434519886652717,-4.875723091466522,0.0002868630926353699,0.00028632891418912607
research_sigma_substitutes,77.0,2.58291201881536,1.578180949074139,0.9240000000000007,1.3302871887152932,-0.09571524103553963,-0.21895171330083774,-1.7971326623749766,-2.5169036500226394,0.8914399035204513,-3.946413519795179,-2.910736654773119,0.03203572316204003,0.12548423709143702,0.20853246195973524,0.47866767969445567,0.043830741323271326,0.7176276554892436,-4.343654578242706e-07,9.708890131854275e-07,8.012098995369143e-08,0.01670416898026715,0.0193314863913368,0.01735720630678228,0.00535720630678228,0.0025230689880819668,0.011989707796389193,0.057321722357088656,0.001555772190679726,0.0009670370547044387,0.002522809245384165,0.5859255611487371,0.6053173398741271,-0.0028444295223111205,-0.002834137318700247,-0.002844226631483643,1.0292203610807321e-05,-0.002844226631483643,-0.002833934427872836,0.40628718871529246,1.6914721152949084,-1.110391616821289,1.4295098697725397,-4.8704135197951794,0.0003109768317284267,0.00031106833061834635
research_sigma_substitutes,78.0,2.5996385336382466,1.597505236138161,0.9360000000000007,1.3476920296575154,-0.0931745350852966,-0.1615955019056574,-1.7591007380438184,-2.5045812511503476,0.9034292316377386,-3.929008678852957,-2.897353335377781,0.03204605310815254,0.1279946907549746,0.20895219270186915,0.4782409025716543,0.04474423060049951,0.7167141662120154,-5.900977617656622e-07,-5.9280431008446044e-08,-4.8992660484081796e-09,0.016749431509997567,0.019317166935601364,0.017454072928483222,0.005454072928483222,0.002559194125320685,0.011988906035288405,0.05739334023938997,0.0015709734066540236,0.0009879595075259569,0.0025589329141799807,0.584243557194167,0.6035861097216502,-0.002905972767874021,-0.002894878803162415,-0.0029057632574292854,1.1093964711595544e-05,-0.0029057632574292854,-0.00289466929271769,0.4116920296575147,1.696209302000508,-1.065024733543396,1.4244274277026094,-4.865008678852957,0.0003350898121439183,0.0003356846778418514
research_sigma_substitutes,79.0,2.6164120332146847,1.6168154420234029,0.9480000000000007,1.3651953345722596,-0.09059685278489826,-0.1041650328220578,-1.7209804748454607,-2.4922334703983515,0.9154177155910281,-3.911505373938213,-2.883927197661823,0.032057200046834,0.13055213364067614,0.20937859369433287,0.47780613728108506,0.045676295694820915,0.715782101117694,-7.732015079309207e-07,-2.1884238243785603e-07,-1.8113496841332122e-08,0.016798163381669548,0.01930332515703297,0.017554079370516673,0.005554079370516673,0.002596990584370018,0.011988061432101849,0.05746893859312785,0.001587333643357341,0.0010093963440476448,0.0025967299874049858,0.582530070460747,0.6018228251596404,-0.002969027354044862,-0.0029570887861467,-0.002968812776610721,1.1938567898151647e-05,-0.002968812776610721,-0.0029568742087125693,0.4171953345722589,1.7009943176236566,-1.019582748413086,1.4192719035398613,-4.859505373938213,0.0003604712526585896,0.00036009820177663673
research_sigma_substitutes,80.0,2.6332359976175703,1.6361120460559744,0.9600000000000007,1.3828001883985488,-0.08798055391655657,-0.046657624719401714,-1.682769670775376,-2.4798603086450304,0.9274053545019423,-3.8939005201119237,-2.870457498278661,0.03206916480006536,0.1331573627029282,0.20981194794765187,0.4773632483405022,0.04662726331841972,0.7148311334940952,1.6906952504669448e-08,6.868213329180861e-07,5.693435592424301e-08,0.01685034573262839,0.01928996326017625,0.01765746191691664,0.005657461916916639,0.0026364771705736922,0.011987257987281785,0.05754994252326201,0.00160481895596438,0.0010313911747810247,0.002636210130745405,0.580784566989038,0.600026929474844,-0.0030337267590612726,-0.0030209847463429917,-0.003033503455238308,1.2742012718214984e-05,-0.003033503455238308,-0.003020761442520093,0.42280018839854805,1.705830643115628,-0.974062979221344,1.4140402114668933,-4.8539005201119245,0.000384582549354473,0.0003845075757692544
research_sigma_substitutes,81.0,2.6501138829619326,1.6553955209522127,0.9720000000000008,1.400510258406093,-0.08532389844375088,0.010934852224466218,-1.6444606687277465,-2.4674643052996426,0.9393922315655917,-3.87619045010438,-2.8569453691988267,0.03208186681146348,0.13581149655140856,0.2102527995347338,0.47691204558626055,0.04759769576885362,0.7138607010436613,2.948776656186425e-07,-6.889521175779123e-08,-5.719906492895888e-09,0.016906000719476816,0.019277067253097257,0.017764376073670318,0.005764376073670318,0.0026777132320185415,0.011986453602600866,0.057637651036072546,0.0016234505485690635,0.0010539927652766137,0.002677443313845677,0.5790062973105562,0.5981975928100255,-0.003100209239050855,-0.003086662841651766,-0.0030999787214018052,1.354639739913413e-05,-0.0030999787214018052,-0.003086432324002671,0.42851025840609214,1.7107216513963408,-0.9284573793411255,1.4087261448047372,-4.84819045010438,0.00040869290618972265,0.000408949609633235
research_sigma_substitutes,82.0,2.6670491599181734,1.6746663456013993,0.9840000000000008,1.4183289405458894,-0.08262512745251949,0.06861767735274338,-1.6060486682486559,-2.455042922832651,0.951378261707144,-3.858371767964583,-2.8433879794662267,0.03209538839632551,0.1385155212299877,0.21070125144038226,0.4764523613909021,0.04858805263781729,0.7128703441746976,-1.0339722278374097e-07,1.7341444591423283e-07,1.4419951399613495e-08,0.01696513194189206,0.019264657526398606,0.01787463701320935,0.005874637013209349,0.002720665168293779,0.011985627200138183,0.057729360844623656,0.0016432365647787793,0.001077156908491177,0.002720393473269956,0.5771946007759082,0.5963341778272782,-0.0031683446447773878,-0.0031539718449155596,-0.0031681085543858152,1.4372799861817748e-05,-0.0031681085543858152,-0.0031537357545239975,0.43432894054588866,1.7156708982110294,-0.8827605843544006,1.4033288451319321,-4.8423717679645835,0.0004334368963356816,0.0004333066766217912
research_sigma_substitutes,83.0,2.684045306992933,1.6939249976832884,0.9960000000000008,1.4362595324325116,-0.07988256810716332,0.12639357391371353,-1.5675314237695748,-2.442597431506971,0.9633634859658681,-3.840441176077961,-2.829785519040447,0.03210968979878924,0.1412702770216883,0.21115771653006768,0.475984052906313,0.04959868507426882,0.7118597117382461,-1.3725697045607888e-07,1.9154421582179282e-07,1.595277257515626e-08,0.017027736407664515,0.019252728287247257,0.017988335763345242,0.005988335763345242,0.002765335873828767,0.011984820781412331,0.05782511395043394,0.0016641621566632209,0.0011008980555063247,0.0027650602121695456,0.5753489143954688,0.594436072281643,-0.0032381791081041444,-0.0032229998895165757,-0.003237935457371544,1.517921858766938e-05,-0.003237935457371544,-0.0032227562387838744,0.4402595324325108,1.720681821027065,-0.8369699120521545,1.3978437445709897,-4.836441176077962,0.00045754521912599877,0.00045766401568770806
research_sigma_substitutes,84.0,2.7011058013420484,1.7131719650722776,1.0080000000000007,1.45430561207258,-0.07709445570486195,0.18426790525361125,-1.5289040598186663,-2.4301278323943993,0.9753479032699687,-3.8223950964378925,-2.8161371073746384,0.0321247720216458,0.1440767755366346,0.21162252812831336,0.47550694815877215,0.05063006688779655,0.7108283299247183,4.881765058861731e-08,-6.417867792762877e-08,-5.353735177404673e-09,0.017093830524098075,0.01924128299146282,0.018105651540452516,0.006105651540452516,0.0028117836051974043,0.011984013261466753,0.05792623037305428,0.0016862396966683363,0.0011252651054150598,0.002811504802083396,0.5734685603904548,0.5925025703863556,-0.0033098546737883594,-0.003293867935255157,-0.003309603251220764,1.598673853324753e-05,-0.003309603251220764,-0.0032936165126875167,0.44630561207257924,1.7257578980720796,-0.7910799980163574,1.3922672640434932,-4.830395096437893,0.0004816524406965339,0.00048208433005770754
research_sigma_substitutes,85.0,2.718234139674105,1.7324077334646708,1.0200000000000007,1.4724708355134166,-0.07425900089676851,0.24224603465982208,-1.4901616988048487,-2.417634126625578,0.9873315124888016,-3.804229872997056,-2.802441838330344,0.0321406361226918,0.14693604463876167,0.21209602858758622,0.47502087241141056,0.05168268149615903,0.7097757153163559,3.3620754336105563e-07,-6.722345065046653e-07,-5.616899770299888e-08,0.01716343519764811,0.01923032535693348,0.01822677235229042,0.006226772352290421,0.002860083951843173,0.011983162413416515,0.05803400899010719,0.0017094900187964268,0.0011503099722017156,0.0028597999909981426,0.5715528500920296,0.5905329549143911,-0.0033835259870306778,-0.0033666884004471265,-0.0033832646241226927,1.683758658348536e-05,-0.0033832646241226927,-0.0033664270375392074,0.45247083551341594,1.7309026271853034,-0.7450854778289795,1.3865957463714778,-4.824229872997057,0.000507027636347468,0.0005066044486040748
research_sigma_substitutes,86.0,2.7354338541461702,1.751632789866801,1.0320000000000007,1.4907591567771608,-0.0713742878011756,0.30033592323382563,-1.4512968666329753,-2.405113777121704,0.9993142280968017,-3.7859415517333117,-2.7886967342265168,0.03215736483876454,0.14984929897092378,0.21257837539005098,0.47452561917494296,0.05275714722378828,0.7087012495887266,-5.484743139660964e-07,7.821968093235654e-07,6.546548911301464e-08,0.017236589580311254,0.019219877035805574,0.018351556717760564,0.006351556717760564,0.0029101756520590327,0.011982331395837376,0.05814583075115354,0.00173390520087638,0.001175986562794599,0.0029098917636709793,0.569600969689481,0.5885264287769155,-0.003459049669864156,-0.0034413810657015764,-0.0034587840082194094,1.766860416262464e-05,-0.0034587840082194094,-0.003441115404056785,0.45875915677716006,1.7361196260493685,-0.6989783048629761,1.3808277746116078,-4.817941551733313,0.0005317670113769157,0.0005312054136424986
research_sigma_substitutes,87.0,2.752708491946418,1.770847640819842,1.0440000000000007,1.5091739489489377,-0.06843864959265045,0.35853769616212916,-1.4123099446577128,-2.3925705926028247,1.0112961752804763,-3.7675267595615347,-2.774903929365478,0.03217483696637794,0.15281725895637585,0.2130702107621632,0.4740210659774161,0.05385371479660601,0.7076046820159089,-2.467666733174667e-07,4.509609619063326e-07,3.780660201568864e-08,0.01731329339063102,0.019209915348906523,0.018480086190717726,0.006480086190717726,0.002962085234949341,0.011981520135451618,0.05826169558291561,0.0017594851742092031,0.001202309624503274,0.002961794798712477,0.5676124364992281,0.5864824125052319,-0.0035364808203168785,-0.0035180009557684855,-0.003536204777950806,1.8479864548382602e-05,-0.003536204777950806,-0.0035177249134024234,0.46517394894893704,1.7414123166659417,-0.6527584791183472,1.37495616695871,-4.811526759561535,0.000555870492507271,0.0005559157208190439
research_sigma_substitutes,88.0,2.770061632332478,1.7900527841653122,1.0560000000000007,1.5277193291585962,-0.06545011733127692,0.41685931439965684,-1.3731934697656554,-2.3800020361366894,1.023277268367705,-3.7489813793518763,-2.7610603915424465,0.03219313537932959,0.1558411671616542,0.2135717112994528,0.4735070015825188,0.05497301783608295,0.7064853789764319,3.684927563085694e-08,6.917401857986505e-07,5.809193223682563e-08,0.017393594839449536,0.019200462398600845,0.018612833002703333,0.006612833002703333,0.0030159630597091924,0.01198068643619099,0.058385584602847485,0.0017862597730753202,0.0012294048936926072,0.0030156646667679277,0.5655864180016916,0.5844000891886336,-0.00361618350680315,-0.0035968699429941298,-0.0036158967461547274,1.9313563809009865e-05,-0.0036158967461547274,-0.0035965831823457175,0.4717193291585955,1.746784363964773,-0.6064179539680481,1.3689793432151869,-4.804981379351877,0.0005806071858553974,0.0005809068832849477
research_sigma_substitutes,89.0,2.7874968991666544,1.8092487268342472,1.0680000000000007,1.5463996149543444,-0.06240672347323206,0.47530886536782413,-1.333939861466423,-2.3674093782311134,1.0352575481528583,-3.730301093556128,-2.7471660315205995,0.03221222055044756,0.1589222919362517,0.21408339245112917,0.4729832103708372,0.056115709640004216,0.7053426871725107,-8.884357494132189e-07,-1.4843389672947183e-07,-1.2487127526439323e-08,0.017477553397066095,0.019191514804401105,0.018749343540934715,0.006749343540934715,0.003071692723780217,0.011979851284485199,0.05851215437934909,0.0018142416971516958,0.0012571534436743783,0.003071395140826074,0.5635220644027112,0.5822785494597018,-0.003697799532669299,-0.003677650817154432,-0.003697510128454054,2.014871551480127e-05,-0.003697510128454054,-0.0036773614129392528,0.4783996149543437,1.7522393510137961,-0.5599486827850342,1.3628917153250146,-4.7983010935561285,0.0006053424267580265,0.0006059580933742807
research_sigma_substitutes,90.0,2.805017946311586,1.8284359859967996,1.0800000000000007,1.5652180162404656,-0.05930673188371649,0.533883623158355,-1.2945523628384445,-2.3547913512831737,1.0472369709366753,-3.711482692270007,-2.73321898935027,0.0322321347239148,0.16206119865693425,0.21460546653829643,0.47244959622832117,0.05728191188083441,0.7041764849316805,7.008594178348204e-07,-5.395930471330246e-07,-4.547419688027965e-08,0.017565152491640493,0.01918308444750134,0.01889011761056192,0.006890117610561918,0.003129430867709615,0.011978972349286132,0.05864538589489465,0.001843439446976939,0.0012856785357576565,0.003129117982734596,0.561418996899854,0.580117419728224,-0.0037817143935661157,-0.0037606867428521262,-0.0037814074581107547,2.1027650713868057e-05,-0.0037814074581107547,-0.0037603798073968867,0.4852180162404649,1.7577809753749105,-0.5133533477783203,1.356691340986833,-4.791482692270008,0.0006313451863526609,0.0006312558751426882
research_sigma_substitutes,91.0,2.822628467949452,1.84761507797926,1.0920000000000007,1.5841798501754683,-0.05614786173781283,0.5925996371576134,-1.2550154408216465,-2.342146687858408,1.0592154928514306,-3.692520858335004,-2.7192169440246285,0.03225292030140433,0.16525972670605793,0.21513832585682785,0.47190584645997014,0.05847270054593947,0.7029856962665755,9.289381397437069e-08,3.0188523014729185e-08,2.54872381533211e-09,0.017656515829358427,0.019175187212172536,0.01903542968770522,0.0070354296877052185,0.003189240044416397,0.011978091778178879,0.058786662401576706,0.001873879936889251,0.0013150471700830691,0.00318892710697232,0.5592759831069412,0.5779154438586654,-0.003868097865109943,-0.0038461896432888665,-0.0038677857943619685,2.1908221821121537e-05,-0.0038677857943619685,-0.003845877572540847,0.4921798501754675,1.7634129750980214,-0.46661585569381714,1.350374170476596,-4.7845208583350045,0.0006573463100394417,0.0006569495988724243
research_sigma_substitutes,92.0,2.8403322315059976,1.8667865337068656,1.1040000000000008,1.603288875615876,-0.052928251794883696,0.6514569479615084,-1.2153295857453572,-2.3294766586630944,1.071193154493033,-3.6734118328945966,-2.7051598886885753,0.032274537941056496,0.16851864698616867,0.21568244898621897,0.4713518300123513,0.059688347531508236,0.7017700492810067,-1.2942269633775538e-07,2.538292875886583e-07,2.146932842617133e-08,0.017751657786274272,0.019167818940231132,0.01918482441423175,0.007184824414231749,0.003251009558373985,0.01197723064975087,0.058930640559952896,0.0019055609550527228,0.0013451292686072155,0.0032506902236599383,0.5570925065192669,0.5756720561366554,-0.00395658420610695,-0.003933814855857809,-0.003956262554727104,2.2769350249130654e-05,-0.003956262554727104,-0.003933493204477973,0.4992888756158753,1.7691390770129645,-0.41973620653152466,1.3439351742315022,-4.777411832894598,0.0006827112253122714,0.0006828052974837788
research_sigma_substitutes,93.0,2.8581330560871216,1.8859508882267684,1.1160000000000008,1.6225494990039317,-0.04964584262106486,0.7104609182775192,-1.1754899699492491,-2.3167812654077835,1.0831699541509323,-3.6541512095065407,-2.691046666553876,0.03229698924239602,0.17183910088874915,0.21623826598681176,0.4707873528489126,0.060929399584636265,0.7005289972278786,2.540182300059257e-07,-1.57955819757305e-07,-1.3385119429498715e-08,0.017850633800435403,0.019160985410436638,0.019338966251771228,0.007338966251771228,0.003314953088904171,0.011976325395698817,0.05908262121974972,0.0019385217735630735,0.0013760995985027387,0.0033146213720658124,0.5548678024045379,0.5733864586926707,-0.00404768776716824,-0.004024013162867046,-0.004047351760302173,2.3674604301183316e-05,-0.004047351760302173,-0.00402367715600099,0.506549499003931,1.7749631019361893,-0.3727090358734131,1.3373699440987572,-4.770151209506541,0.0007093433171465602,0.0007090600739628854
research_sigma_substitutes,94.0,2.8760348171341645,1.9051086910373924,1.1280000000000008,1.6419668081194185,-0.046298345617075354,0.7696221904010079,-1.1354865006363846,-2.3040579720288017,1.0951458052844307,-3.634733900391054,-2.676873971032331,0.03232035789105173,0.17522262855229928,0.2168060531922328,0.4702121531461091,0.06219670165138635,0.6992616951611286,-8.49785763978872e-07,8.20315654292969e-07,6.964527834996126e-08,0.01795354265939808,0.019154710870404195,0.01949752977963326,0.00749752977963326,0.0033809806996604186,0.011975418267498261,0.05923862331892038,0.0019727810493269404,0.0014078691138958036,0.003380650163222744,0.5526008388699594,0.5710576257092981,-0.0041411308124745805,-0.004116549079972942,-0.004140791511458247,2.4581732501739034e-05,-0.004140791511458247,-0.004116209778956508,0.5139668081194178,1.7808890118497338,-0.32552361488342285,1.3306759283622522,-4.762733900391055,0.0007359735348322349,0.0007355683803124229
research_sigma_substitutes,95.0,2.8940414454913244,1.9242604833889905,1.1400000000000008,1.6615445585631983,-0.042883881221744025,0.82893816491536,-1.0953223184736305,-2.2913093183381195,1.1071207906859288,-3.615156149947274,-2.6626427468156026,0.032344563706026834,0.17866982017409527,0.21738640819221022,0.4696261305704038,0.06349038022769823,0.6979680165848167,4.4682725341971263e-07,6.523532192215242e-07,5.549227713452787e-08,0.018060389884172995,0.019148983004522502,0.019660962786576475,0.007660962786576474,0.0034492240396005736,0.011974509130084021,0.05940132893141459,0.0020083406488493613,0.001440536032106602,0.0034488766809559635,0.5502912204833561,0.5686850916591946,-0.00423722961689188,-0.0042117387469758905,-0.0042368706826664765,2.549086991597907e-05,-0.0042368706826664765,-0.0042113798127504974,0.5215445585631975,1.7869206548053955,-0.27818262577056885,1.3238468316091545,-4.7551561499472745,0.0007626017433040033,0.0007625147073753273
research_sigma_substitutes,96.0,2.9121569624843775,1.9434068394429578,1.1520000000000008,1.6812887336925715,-0.03939989753787421,0.888424848263837,-1.0549819911791207,-2.2785327685421937,1.1190948235445988,-3.595411974817901,-2.6483494637654674,0.03236969062526137,0.18218263795206488,0.21797969123069347,0.46902895154814894,0.06481159704636272,0.6966467997661522,-2.134905860984304e-07,9.943875116658063e-07,8.475389565165692e-08,0.018171327306965065,0.019143827887610217,0.019829548004879904,0.007829548004879904,0.0035197766585362,0.011973597972908423,0.059572079151192114,0.002045250680238692,0.0014741748668071434,0.0035194255470458354,0.5479376325721165,0.5662675375745326,-0.004336173373435226,-0.004309771346343583,-0.004335808431785717,2.6402027091577268e-05,-0.004335808431785717,-0.004309406404694139,0.5292887336925707,1.7930621389397787,-0.23066997528076172,1.3168792062757073,-4.747411974817902,0.0007892279320149687,0.0007899946878075041
research_sigma_substitutes,97.0,2.930385476052706,1.9625483221624669,1.1640000000000008,1.701203654572958,-0.035844327904671625,0.9480823232177442,-1.0144659989447227,-2.265730862474089,1.1310679866317457,-3.5754970539375144,-2.633994907320595,0.03239565848709785,0.18576188342218278,0.21858655770087634,0.46842047981822893,0.06616063346842782,0.6952977633440871,-1.290523332642124e-08,-8.811583651624488e-07,-7.525378625805601e-08,0.018286388924915853,0.019139234522112945,0.0200030828855432,0.0080030828855432,0.0035926259594735166,0.01197264213995608,0.05974814911322268,0.002083536439036725,0.0015087275866566172,0.003592264025693342,0.5455395381071375,0.5638043513262422,-0.004437814786113492,-0.004410456926069561,-0.004437434078401815,2.7357860043920185e-05,-0.004437434078401815,-0.004410076218357895,0.5372036545729573,1.7993174894209603,-0.18298566341400146,1.3097661914634253,-4.739497053937515,0.0008171207471339148,0.0008178309665961662
research_sigma_substitutes,98.0,2.948731149383653,1.98168551409166,1.1760000000000008,1.7212948994636579,-0.032214645618927173,1.0079211464902824,-0.9737643676013776,-2.2528985270479254,1.143040107824511,-3.555405809046815,-2.619573620306174,0.03242263376599335,0.1894091644888635,0.21920712522041197,0.4678004420368932,0.06753837885411307,0.6939200179584019,-7.630031022554107e-07,-4.260514121501302e-07,-3.646049387406869e-08,0.018405691798900115,0.01913524559372579,0.020181684626967122,0.008181684626967122,0.0036678234648922503,0.0119716415153166,0.0599295387015959,0.00212323659358256,0.0015442230902383163,0.0036674596838208763,0.5430958597924614,0.5612945059952082,-0.004542219646758272,-0.004513861162074861,-0.00454183261834799,2.8358484683400215e-05,-0.00454183261834799,-0.00451347413366459,0.5452948994636571,1.805691041559142,-0.13511896133422852,1.3025072819988894,-4.731405809046816,0.0008462800727506714,0.0008460376971826215
research_sigma_substitutes,99.0,2.9671982668711836,2.000819013644629,1.1880000000000008,1.7415670238268923,-0.028508680974887124,1.067941400620936,-0.9328776130236929,-2.240038302328588,1.1550112696623789,-3.53513368468358,-2.6050863020841097,0.03245053651662217,0.19312528334301857,0.2198420784101035,0.46716870183168685,0.06894510733626895,0.692513289476246,4.873977195174461e-07,-3.964072294859733e-07,-3.3994208892274e-08,0.018529276044587387,0.019131850696839186,0.02036588413942597,0.008365884139425971,0.003745506911856711,0.011970638352334029,0.0601189723786707,0.002164350438443608,0.0015807723107261968,0.003745122749169805,0.5406060601601775,0.558737388178465,-0.004649738875235232,-0.00462037722756925,-0.004649330325665286,2.936164766597152e-05,-0.004649330325665286,-0.004619968677999314,0.5535670238268915,1.8121869972088047,-0.08706986904144287,1.295095382354992,-4.723133684683581,0.0008754368600243367,0.0008748703157125497
research_sigma_substitutes,100.0,2.9857911878718166,2.0199494255929515,1.2000000000000008,1.7620266677425098,-0.024723631795213752,1.1281590912476238,-0.8917903343453277,-2.2271476533278767,1.166981384529179,-3.5146740407679626,-2.590529211313129,0.032479451429150805,0.196912294261588,0.22049185154421028,0.4665249099755301,0.07038205125505233,0.6910763455574626,-3.216247810300388e-07,7.07037211222783e-07,6.076107322838808e-08,0.018657320689280693,0.019129077672260932,0.02055582865811445,0.00855582865811445,0.003825739280396423,0.011969632634375671,0.06031645012781439,0.0022069370581186574,0.00161841406798948,0.0038253511261081372,0.538068762844736,0.5561316125425263,-0.004760456743342356,-0.004730089377718016,-0.004760041376439647,3.0367365624329318e-05,-0.004760041376439647,-0.004729674010815318,0.562026667742509,1.8188098033426376,-0.038822293281555176,1.287526387440086,-4.714674040767964,0.0009045910923224376,0.0009043500973216038
research_sigma_substitutes,101.0,3.004514404792421,2.0390773672559632,1.2120000000000009,1.7826786811431212,-0.020857202414094278,1.1885743008765648,-0.8505030663793984,-2.2142291201439432,1.1789505349311302,-3.4940220273673512,-2.5759029370830686,0.03250929858878922,0.2007710127949541,0.2211571664878316,0.4658689278248578,0.07184949122725114,0.6896089055852638,-9.587996352422579e-08,8.558277220238608e-08,7.370673821283091e-09,0.018789874481302135,0.019126917046778626,0.020751341930281275,0.008751341930281275,0.003908501917624374,0.011968624195424438,0.060519289573994994,0.00225101259433964,0.0016570862641871688,0.003908098858526809,0.5354834214273807,0.5534765560499018,-0.0048742158172325745,-0.0048428400126570015,-0.004873783129962262,3.137580457556258e-05,-0.004873783129962262,-0.004842407325386699,0.5706786811431204,1.8255638698612906,0.00962376594543457,1.279792907223408,-4.706022027367352,0.000933742603627552,0.0009343380950325268
research_sigma_substitutes,102.0,3.0233724880188184,2.0582034729479917,1.2240000000000009,1.8035293516030724,-0.016906627959965004,1.2491976703956138,-0.8090058025523779,-2.201280168120622,1.1909186329200279,-3.4731713569074003,-2.5612037727773287,0.03254016299556629,0.2047031040711856,0.22183843849833787,0.4652004723078984,0.07334835846280367,0.6881100383497113,-3.5177304624767203e-07,-4.839455989280594e-07,-4.177083456902153e-08,0.018927080959532674,0.019125396267640333,0.020952887202744686,0.008952887202744685,0.00399396938310892,0.011967548955543306,0.060730108846290376,0.002296645561316492,0.0016969140532558133,0.003993559614572305,0.5328489202723056,0.5507711016946987,-0.004991368864092516,-0.004958917819635755,-0.004990923686046509,3.245104445669458e-05,-0.004990923686046509,-0.0049584726415898145,0.5795293516030715,1.8324538550987906,0.05827903747558594,1.2718911887867783,-4.697171356907401,0.0009647942672803556,0.0009649484365268461
research_sigma_substitutes,103.0,3.0423701328205826,2.077328387075631,1.2360000000000009,1.8245844555486106,-0.012869263647876439,1.3100345185691455,-0.7672938685064856,-2.188299531609382,1.2028856328422168,-3.452116252961862,-2.546429093234628,0.03257208871868785,0.20870981474176184,0.22253615318239303,0.46451933149390046,0.07487926039574955,0.6865791364167654,-1.7019678955065842e-07,-2.227557203138275e-07,-1.926990891853997e-08,0.019069041601538758,0.01912453346109808,0.021160688516894788,0.009160688516894788,0.004082211465555985,0.011966449303566828,0.06094895033353509,0.002343855458330737,0.0017379318816439816,0.004081787339974718,0.5301644241230195,0.5480143977041576,-0.0051120277477720855,-0.005078477051338903,-0.005111564357776417,3.3550696433171795e-05,-0.005111564357776417,-0.005078013661343245,0.5885844555486097,1.8394844999783657,0.10714888572692871,1.2638167213524798,-4.688116252961863,0.0009964771699304542,0.0009962655857828177
research_sigma_substitutes,104.0,3.061512186815731,2.0964527652991123,1.2480000000000009,1.845850728636862,-0.008742205028853034,1.371095571062684,-0.7253571942364283,-2.175287213780761,1.2148515315271615,-3.4308499798736105,-2.5315770229429697,0.03260507872017925,0.2127928382558843,0.22325099486260339,0.46382521749649963,0.07644315220115186,0.6850152446113631,-9.049231981528294e-07,-6.077730385634084e-08,-5.269695846354949e-09,0.01921591531920047,0.01912434029000021,0.021374551298328326,0.009374551298328326,0.004173199460635879,0.011965346427167844,0.06117315301438708,0.002392687734370767,0.0017800817007669666,0.004172769435137734,0.5274287983685574,0.545205258748715,-0.005236005410524602,-0.005201351837692547,-0.005235534414020491,3.465357283215578e-05,-0.005235534414020491,-0.005200880841188335,0.5978507286368611,1.8466606552885694,0.15624403953552246,1.2555627660928494,-4.678849979873611,0.001028156848157824,0.0010281523770565675
research_sigma_substitutes,105.0,3.080803599135873,2.1155772946996176,1.260000000000001,1.8673335581452672,-0.004522864726604681,1.4323808245979197,-0.6831964701016979,-2.1622432179130664,1.2268163256965525,-3.409367150365205,-2.5166459593653316,0.0326391360623979,0.21695297754861978,0.22398353820169992,0.4631179938167347,0.07804029147840395,0.683418105334111,8.830075772792156e-07,-2.1381351777982616e-07,-1.8581989530419563e-08,0.019367762585318693,0.019124825926654338,0.021595419371216895,0.009595419371216895,0.0042672264685974515,0.01196419737243093,0.061408038352960714,0.0024431765202529623,0.0018235880487682886,0.004266764569021251,0.5246415050424247,0.5423431157912397,-0.005363995530188459,-0.0053281929026193775,-0.005363494261083203,3.580262756907107e-05,-0.005363494261083203,-0.005327691633514132,0.6073335581452664,1.8539872734393203,0.2055644989013672,1.2471239324521388,-4.669367150365206,0.0010611016502324322,0.001060966434021992
research_sigma_substitutes,106.0,3.100249478459582,2.1347026618183094,1.272000000000001,1.8890415673792957,-0.00020775209165813102,1.4939116477686054,-0.640791014049704,-2.1491650104802957,1.2387799262720234,-3.3876591411311767,-2.501631579671565,0.03267434680032812,0.22119285145366696,0.2247344254549934,0.46239721525287664,0.07967235780168432,0.6817860390108306,-6.219669765883395e-07,2.096551174890493e-07,1.8263985851474374e-08,0.019524859095240224,0.019126023032311864,0.021823106347098165,0.009823106347098164,0.0043642726610729765,0.01196302333487509,0.0616509453357601,0.0024954058009204944,0.001868404235531135,0.004363810036451629,0.521800789526043,0.5394261878614055,-0.005495810351150099,-0.005458833686025122,-0.005495306575091574,3.697666512491107e-05,-0.005495306575091574,-0.005458329909966663,0.6170415673792948,1.8614695521875586,0.25513172149658203,1.238494130650881,-4.659659141131177,0.001094677120580645,0.0010945610249522113
research_sigma_substitutes,107.0,3.1198550830279386,2.1538295755317978,1.284000000000001,1.9109797708394636,0.004205680595541272,1.55568271526944,-0.5981468602623579,-2.136053863671905,1.2507423723663027,-3.365720937671009,-2.486533292765059,0.03271067297461037,0.22551280404842525,0.2255043235727359,0.4616628233117677,0.08133924739709839,0.6801191494154165,5.308958503924543e-07,1.8377739108288438e-08,1.6048556095160649e-09,0.019687221994660484,0.01912793208270838,0.022057646102451978,0.010057646102451977,0.004464380544187074,0.011961824030771728,0.061900532574549194,0.0025493813280832896,0.0019145090930249322,0.004463890421108222,0.518906421287555,0.5364541991622065,-0.0056314415274931195,-0.005593265558264782,-0.005630909097132154,3.817596922827196e-05,-0.005630909097132154,-0.005592733127903882,0.6269797708394627,1.8691127106616359,0.3049403429031372,1.2296670739991038,-4.64972093767101,0.001128882975473866,0.0011288850140778288
research_sigma_substitutes,108.0,3.139625795762577,2.1729587723136534,1.296000000000001,1.9331568595841997,0.008721008996716018,1.6177127129177038,-0.5552460593959496,-2.1229072445293484,1.2627035743335668,-3.3435438489262728,-2.471346700048347,0.0327482011695707,0.22991525338894928,0.22629389618407078,0.46091440692387864,0.08304248630334983,0.678415910509165,-7.001190915900679e-08,2.0557790914033092e-07,1.7996800327768625e-08,0.01985511758281791,0.019130586226262302,0.02229982029819544,0.010299820298195438,0.00456779978633437,0.011960577812224704,0.062160801734954196,0.002605198124295758,0.0019621055245739785,0.004567303648869737,0.5159567802294039,0.5334255060091724,-0.005771442699636309,-0.005732020511861002,-0.005770898601688172,3.9422187775296075e-05,-0.005770898601688172,-0.005731476413912876,0.6371568595841988,1.87692222142901,0.35500913858413696,1.2206366043969243,-4.639543848926274,0.0011643532181084826,0.0011642207255266983
research_sigma_substitutes,109.0,3.1595672039157696,2.1920909978235503,1.308000000000001,1.9555794114358545,0.013341280168210012,1.6800043187393483,-0.512086679084202,-2.1097251572356885,1.274663527990752,-3.321121297074618,-2.4560698114173616,0.03278693529110956,0.23440122330255098,0.22710385222625926,0.4601517920385663,0.08478250295768347,0.6766758938548314,2.461910502127296e-07,2.833629022536144e-07,2.4869017234419033e-08,0.02002865336219166,0.019133997914855795,0.022549495793194207,0.010549495793194207,0.0046745321130635675,0.011959305818814658,0.062429091747540855,0.00266288468931441,0.00201113052545692,0.00467401521477133,0.5129511803872908,0.5303393834342774,-0.005915657861315982,-0.00587496368013074,-0.005915089780755647,4.069418118534188e-05,-0.005915089780755647,-0.005874395599570305,0.6475794114358535,1.8849036759250175,0.4053407907485962,1.2113961398389295,-4.629121297074619,0.0012004533369727177,0.0012004315670670722
research_sigma_substitutes,110.0,3.179685064613637,2.211227024830903,1.320000000000001,1.978255851170588,0.018070073222843153,1.7425708964127855,-0.46865612841811766,-2.096506337855403,1.2866221859711962,-3.2984448573398844,-2.4406992015571944,0.03282692100599468,0.23897268285079618,0.22793496033981508,0.45937464391536464,0.08656047472189946,0.6748979220906155,-3.609294885187353e-07,2.491177204522188e-07,2.1919943998804925e-08,0.02020805661749886,0.019138191876780272,0.022807086750993077,0.010807086750993077,0.004784736285095126,0.011957986281454946,0.06270672194772997,0.0027225232108944917,0.002061685457287457,0.004784208668181949,0.5098883024899665,0.5271944738374246,-0.00606436418444295,-0.006022350465897941,-0.0060637807567278145,4.2013718545053785e-05,-0.0060637807567278145,-0.006021767038182761,0.6582558511705872,1.893062878642441,0.45594871044158936,1.2019385194844814,-4.6184448573398855,0.0012378172140721233,0.0012376141808028256
research_sigma_substitutes,111.0,3.199985312614343,2.230367646918814,1.332000000000001,2.0011935849378406,0.022910752738400264,1.8054177626348082,-0.4249498842840056,-2.0832495228075443,1.298579500553662,-3.275507123572632,-2.425231639831425,0.03286820431159553,0.24363087777409526,0.22878790895042028,0.4585827507784038,0.08837700485765217,0.6730813919548627,-1.3441080382037285e-07,6.894294408699153e-07,6.082283893205087e-08,0.02039347377759948,0.01914319113914053,0.0230728722039244,0.0110728722039244,0.00489851979455691,0.011956640414793274,0.06299371355016925,0.002784155009726048,0.0021138151775886983,0.004897970187314747,0.5067673118913562,0.5239899196268686,-0.006217711994574215,-0.006174352409367367,-0.006217103463496173,4.3359585206726586e-05,-0.006217103463496173,-0.006173743878289446,0.6691935849378396,1.9014058120606812,0.5068382620811462,1.1922576007650876,-4.607507123572633,0.0012758104129619863,0.0012758326148105785
research_sigma_substitutes,112.0,3.2204740891789916,2.2495136784569327,1.344000000000001,2.024401595578437,0.027867112811956973,1.868558323513124,-0.3809553549438087,-2.0699547170294785,1.3105354668007827,-3.2522991129320356,-2.409664473897575,0.03291078981648209,0.24837778081656903,0.2296636471717321,0.45777577726118324,0.09023328104383073,0.6712251157686842,-6.662078151364881e-07,2.0471402373267722e-07,1.810882349628784e-08,0.020585150599183685,0.01914901372984356,0.023347084924808525,0.011347084924808525,0.005016002321995283,0.011955246317231438,0.06329004465326049,0.0028478684130442415,0.0021675719591927292,0.005015440372236971,0.5035868868528987,0.5207243360282516,-0.006375836285581915,-0.006331082602813343,-0.006375211644684498,4.475368276856198e-05,-0.006375211644684498,-0.006330457961915936,0.6804015955784359,1.9099386223782089,0.5580228567123413,1.182344395902557,-4.596299112932036,0.0013150666831371893,0.0013150802808179589
research_sigma_substitutes,113.0,3.2411577324300027,2.2686659564420806,1.356000000000001,2.0478877547874577,0.03294275738239083,1.9319978519413292,-0.33666810450075135,-2.05661938944127,1.3224899931881249,-3.228812953723015,-2.3939933077424356,0.03295476585674921,0.2532146149609485,0.23056281267438197,0.45695351545663876,0.09212988912834523,0.6693285076841697,6.750956682566311e-08,6.622340793516202e-07,5.874135025618621e-08,0.02078324406052598,0.019155692681549822,0.023630250439206302,0.011630250439206301,0.005137357863655656,0.011953825286836417,0.06359707765957812,0.0029137081953175556,0.0022230604650321294,0.0051367686603496845,0.5003462079761645,0.5173969017276051,-0.006539067288714229,-0.006492892575550802,-0.006538413132447439,4.6174713163583264e-05,-0.006538413132447439,-0.006492238419283856,0.6918877547874567,1.9186677392418778,0.6095078587532043,1.172193564281745,-4.584812953723016,0.0013549516715716248,0.0013555347118949894
research_sigma_substitutes,114.0,3.2620428002708035,2.2878253501456,1.368000000000001,2.0716620964568495,0.038141828539268285,1.9957524788322802,-0.2920728713133196,-2.0432448136863357,1.3344431173744555,-3.205038612053623,-2.3782161314500287,0.033000095826506703,0.25814359881629334,0.23148658280054873,0.4561155882012301,0.09406822446696457,0.6673901723455503,-3.961779286854039e-07,-9.613666234198348e-07,-8.551383409716173e-08,0.020988051965676588,0.019163240391116044,0.023922841634257175,0.011922841634257175,0.005262797086063364,0.011952311942829641,0.063916088292851,0.002981794207539493,0.0022803997599635155,0.005262193967503008,0.4970437887930834,0.5140060372786829,-0.0067077326053641695,-0.006660044548193689,-0.006707058117539753,4.7688057170359316e-05,-0.006707058117539753,-0.006659370060369394,0.7036620964568485,1.927599682896348,0.6613093614578247,1.1617937983672872,-4.573038612053624,0.0013973669507640896,0.0013972474621304458
research_sigma_substitutes,115.0,3.2831361017716585,2.3069927474036414,1.380000000000001,2.095733438055972,0.04346835155451756,2.0598300285270312,-0.24716271887661012,-2.0298246555397412,1.3463946170737842,-3.1809672704545005,-2.3623253168316154,0.033046994475299886,0.2631661865802438,0.232435362976364,0.45526174828135857,0.09604906186838216,0.6654093349441328,-8.396507089614147e-07,9.012113471040806e-07,8.039217219701911e-08,0.021199772330321956,0.019171717736427295,0.024224517169219695,0.012224517169219695,0.005392262348054233,0.011950770883704664,0.06424311783805037,0.0030521704773837062,0.0023394681810020514,0.005391638658385758,0.4936786549912366,0.5105508252940902,-0.006881483937460797,-0.0068322548211653955,-0.006880788767653093,4.92291162953358e-05,-0.006880788767653093,-0.006831559651357757,0.715733438055971,1.9367414846978743,0.7134354114532471,1.1511426149147592,-4.560967270454501,0.0014404101659311053,0.0014399924731112283
research_sigma_substitutes,116.0,3.304444692397713,2.3261690789677276,1.392000000000001,2.120111130795289,0.04892635323537675,2.124238714508381,-0.20193036445934665,-2.0163639933544735,1.3583446591418649,-3.1565895777151836,-2.3463218297415454,0.03309530024108093,0.2682838049062159,0.23341063409659896,0.45439175316594327,0.09807316519396031,0.6633852316185547,-1.4002101700327785e-08,-1.2598098364513532e-07,-1.127089582775298e-08,0.021418627374494,0.019181111363180094,0.024536297797434825,0.012536297797434825,0.005526058813037471,0.01194922323394687,0.06458221073318393,0.003124903366380553,0.0024004982854790246,0.005525401651859578,0.4902498507128353,0.5070301662977443,-0.007061015750450483,-0.007010238984397399,-0.007060289074938308,5.077676605312956e-05,-0.007060289074938308,-0.007009512308885179,0.7281111307952879,1.9461000332558482,0.7658940553665161,1.14022558436071,-4.548589577715185,0.0014834467904656368,0.0014841801713598828
research_sigma_substitutes,117.0,3.325975841923701,2.3453552932887147,1.404000000000001,2.1448060336508417,0.0545204691805925,2.188994449993399,-0.15636084329531563,-2.0028577619588104,1.370293063541678,-3.131894674859631,-2.3301984379763594,0.0331451869824093,0.2734986475170242,0.23441312168991546,0.45350522992210585,0.10014192221918546,0.6613164745933294,1.6686390313935817e-07,-5.65550441811169e-07,-5.074786577075052e-08,0.021644936098365708,0.019191478702045323,0.0248586737559906,0.012858673755990601,0.005664441581562096,0.01194753844566987,0.06493457753487264,0.0032001412253896268,0.00246362019956087,0.0056637614249504965,0.4867559061635937,0.503442605456356,-0.00724669372875858,-0.007194232174428383,-0.007245941763414325,5.246155433013058e-05,-0.007245941763414325,-0.007193480209084195,0.7408060336508406,1.9556827783820232,0.8187013864517212,1.1290369129008204,-4.535894674859632,0.0015302801830356927,0.0015297905928664084
research_sigma_substitutes,118.0,3.347737137251382,2.364552375659967,1.416000000000001,2.16982847830727,0.060255236398500944,2.2541078695781263,-0.11044450608184064,-1.9893034329884018,1.3822397360332046,-3.1068722302032024,-2.3139499255593448,0.03319674556588545,0.27881236964620476,0.2354437431105119,0.45260189716014515,0.1022562885346387,0.6592021082778763,2.3601885112967125e-07,8.531993551663675e-07,7.67921937150362e-08,0.021878962323456944,0.019202859777238915,0.025191605650297655,0.013191605650297655,0.005807408056944463,0.011945846222097267,0.06529766573732543,0.0032779283134486935,0.002528775028076157,0.00580670334152485,0.4831957123370427,0.49978701470121234,-0.007438351371255869,-0.007384197593353126,-0.007437573611988697,5.415377790273304e-05,-0.007437573611988697,-0.007383419834085964,0.7538284783072691,1.9654974012181772,0.8718681335449217,1.1175687972148005,-4.522872230203204,0.0015771061403100362,0.0015767895364087285
research_sigma_substitutes,119.0,3.369736434917697,2.3837613478421074,1.428000000000001,2.195189244951437,0.06613528529448143,2.31958978146805,-0.06417156637405741,-1.97570354967819,1.3941847559858724,-3.0815114635590355,-2.2975747847280026,0.033249898993372676,0.28422659607400697,0.23650392762026656,0.45168147866741887,0.10441720572417179,0.6570411910883431,8.416926546850334e-07,6.765736104696884e-08,6.108438727059351e-09,0.022120987778099593,0.019215262551076886,0.02553593117477515,0.01353593117477515,0.005955268166647043,0.011944102506242005,0.06567411349257024,0.0033583721397130043,0.002596154682042722,0.005954526821755726,0.47956818063041534,0.4960621986292689,-0.007636560501886214,-0.007580663008128208,-0.007635749064831536,5.589749375799549e-05,-0.007635749064831536,-0.00757985157107354,0.7671892449514359,1.9755516789318246,0.9254050254821775,1.1058079138808454,-4.509511463559036,0.0016251919074870003,0.0016253948414810641
research_sigma_substitutes,120.0,3.3919819337548094,2.4029832628132506,1.440000000000001,2.2209003406568204,0.07216577273179503,2.3854560965632667,-0.01752716624998385,-1.9620530491734278,1.4061279410456886,-3.055800367853652,-2.281065332805521,0.03330482328225929,0.2897434671148679,0.2375945470168614,0.4507436105904724,0.10662604133292954,0.6548323554795854,6.618526606771979e-07,4.4733136705943366e-07,4.0515555160824945e-08,0.022371363647802928,0.019228748385192982,0.02589199927009256,0.013891999270092558,0.006108205622693985,0.011942263217218252,0.0660638767197208,0.003441603142092943,0.0026658352701512096,0.006107438412244153,0.4758718770330384,0.4922667336034358,-0.007841530430180321,-0.0077837936473985625,-0.00784069197103297,5.773678278174835e-05,-0.00784069197103297,-0.007782955188251221,0.7809003406568193,1.9858539927091208,0.9793281555175781,1.0937473186802242,-4.495800367853653,0.0016758047058655912,0.0016755880247045878
research_sigma_substitutes,121.0,3.414482084239604,2.4222192158052356,1.452000000000001,2.246973243491622,0.0783516965398694,2.4517175349074916,0.029498319102255977,-1.9483519402664589,1.418069282420309,-3.0297274650188504,-2.2644178141159803,0.033361526629400326,0.29536454705997356,0.23871689952874395,0.4497880269998045,0.1088837015745716,0.6525746952379433,7.554312984048295e-07,5.010196830745883e-07,4.5525436420668086e-08,0.02263039105220188,0.01924334469397343,0.026260255352763995,0.014260255352763995,0.006266394328837466,0.011940371164852803,0.06646699822860413,0.003527706562825196,0.0027378895259168113,0.006265596088742007,0.4721057534698177,0.48839950661555864,-0.008053489859073615,-0.007993861023926407,-0.008052616252696505,5.9628835147196996e-05,-0.008052616252696505,-0.007992987417549308,0.794973243491621,1.9964128018192953,1.0336482524871826,1.0813755247523915,-4.481727465018851,0.001727676043087767,0.0017274666950890631
research_sigma_substitutes,122.0,3.437245753519378,2.4414703362494197,1.464000000000001,2.2734208513623484,0.08469856138946996,2.518390093020475,0.07691975677105534,-1.9345976970872523,1.4300086833753942,-3.003279857148124,-2.2476261219837848,0.03342010222283393,0.301091914729495,0.23987220129237735,0.4488143744959858,0.11119152716907711,0.6502668696434378,1.935251239260083e-07,8.660273644878203e-07,7.895290363157947e-08,0.022898450406613535,0.019259099302242344,0.0266411115146743,0.014641111514674298,0.006430028516024255,0.011938425816118259,0.06688347748619283,0.0036168081148634412,0.002812396838083144,0.006429204952946585,0.4682684171312383,0.48445908942252,-0.008272657182531895,-0.008211082998650088,-0.008271755406126895,6.157418388174143e-05,-0.008271755406126895,-0.008210181222245153,0.8094208513623473,2.007237070143984,1.0883814096450808,1.0686821600608718,-4.467279857148125,0.0017808053861256834,0.0017810544826257872
research_sigma_substitutes,123.0,3.4602821181382857,2.4607378055220246,1.476000000000001,2.3002554665209707,0.09121175357191791,2.5854844898798772,0.12474668435785263,-1.9207903294942075,1.4419461340525455,-2.9764452419895018,-2.230686135186279,0.033480559250126385,0.3069270457876676,0.24106186482848604,0.4478224022160965,0.11355036657036081,0.6479080302421542,4.7072546749404864e-07,2.82668288775767e-09,2.585722747028285e-10,0.023175863493906018,0.019276042814193584,0.027035255990926377,0.015035255990926377,0.006599393197768366,0.011936382474949436,0.06731461090092905,0.0037090287362556724,0.002889502928795895,0.006598531665051567,0.46435887932226266,0.4804444274416147,-0.00849948031820863,-0.008435862793158,-0.00849853802587028,6.361752505056398e-05,-0.00849853802587028,-0.008434920500819716,0.8242554665209696,2.0183359840857404,1.1435383558273318,1.0556549124952943,-4.452445241989503,0.001836459341099328,0.0018364695953896441
research_sigma_substitutes,124.0,3.483600760224292,2.4800228415349426,1.488000000000001,2.327491363344201,0.0978973477850067,2.653019314822333,0.17299647328739054,-1.9069247784050536,1.453881448325293,-2.9492093451662713,-2.213589317825158,0.033543077241022255,0.3128722156508014,0.2422870404441664,0.44681172333936375,0.11596174925493585,0.6454966475575791,2.3671093973831603e-08,8.455187838762868e-07,7.761186462951208e-08,0.02346307416323773,0.01929424423173615,0.027443444385145455,0.015443444385145454,0.006774769774067768,0.01193426233999273,0.06776176077596663,0.0038045079016708503,0.0029693684320838167,0.006773876333754667,0.46037561551396294,0.47635399434018527,-0.008734412271084901,-0.00866867461107762,-0.008733436564952403,6.57376600072708e-05,-0.008733436564952403,-0.008667698904945132,0.8394913633442,2.029719311898999,1.19913786649704,1.0422845667612177,-4.437209345166273,0.001894003455562565,0.001893904837009918
research_sigma_substitutes,125.0,3.507211670708568,2.4993267170105953,1.500000000000001,2.3551423552912616,0.10476129312005344,2.7210080114318105,0.2216812944212152,-1.8930023225830823,1.465814658732531,-2.921558353219211,-2.196331955273153,0.03360762434975396,0.31892907969746553,0.2435494386807031,0.4457820564514309,0.118426701696848,0.6430316951156669,-2.9702802484266044e-07,2.0006378820269788e-07,1.8429186371404782e-08,0.02376047131721222,0.019313730770217256,0.027865615057633963,0.015865615057633963,0.006956231420318648,0.011932086406207687,0.06822226589725067,0.003903367020631496,0.0030519377739841925,0.006955304794615688,0.45631751660269804,0.4721865860082563,-0.008977297231107628,-0.008909383637315416,-0.008976287570541744,6.791359379231324e-05,-0.008976287570541744,-0.00890837397674943,0.8551423552912605,2.041397011976037,1.2551933526992796,1.0285560306361285,-4.421558353219212,0.0019528030733830803,0.001953152216996667
research_sigma_substitutes,126.0,3.5311252382593845,2.5186507482674263,1.5120000000000011,2.383222593459469,0.11180981062564399,2.7894638466168344,0.27081309834940814,-1.8790191722582874,1.4777456211377085,-2.8934781150510034,-2.1789063030269338,0.033674339452071926,0.32509922242446065,0.24485036000887522,0.4447331321878417,0.12094619579722748,0.6405122010152875,6.47134799525162e-07,1.4723155672413668e-07,1.3611458626883177e-08,0.024068448079067842,0.01933456476131049,0.02830338408128985,0.01630338408128985,0.007144328022396063,0.011929787726466357,0.06870142373568289,0.00400575791635849,0.003137590502801336,0.0071433484191598265,0.4521835209756113,0.46794112941098265,-0.009229268332427432,-0.009159056058893833,-0.009228207361180402,7.02122735336437e-05,-0.009228207361180402,-0.009157995087646758,0.871222593459468,2.053379617121676,1.311718225479126,1.014458942792716,-4.405478115051005,0.002014758200709732,0.0020147280364977253
research_sigma_substitutes,127.0,3.5553523176122312,2.5379963154908007,1.5240000000000011,2.4117491234538413,0.11904994916484557,2.8584108589031763,0.3204145434123755,-1.8649728061816628,1.4896742341854636,-2.864951585056631,-2.161304759506984,0.03374332003366844,0.331385336445169,0.24619151312960985,0.4436644928043213,0.12352217553544106,0.6379362212770738,-1.4533739944866397e-07,2.603922122368374e-07,2.4161955602952645e-08,0.024387587285696982,0.019356807385119603,0.028757037433996047,0.016757037433996046,0.007339229550554993,0.011927409269913203,0.06919793615589964,0.004111858745208648,0.003226364179485801,0.007338222924694449,0.44797182458173673,0.46361575952814726,-0.00949039861352785,-0.009417807883440987,-0.009489306410252356,7.259073008679742e-05,-0.009489306410252356,-0.009416715680165558,0.8877491234538402,2.065678083426768,1.3687366247177126,0.9999787788749683,-4.388951585056632,0.002078600504501704,0.00207857833288606
research_sigma_substitutes,128.0,3.5799042629928817,2.557364847573418,1.5360000000000011,2.440736668327461,0.12648826972675398,2.9278597189286337,0.37049487135521586,-1.850861971249284,1.5016004396775349,-2.8359640401830113,-2.1435211238774836,0.0338146218390262,0.3377885693076069,0.24757453701620108,0.4425759432177068,0.12615527405355959,0.6353031227589554,1.1060963478470853e-07,1.9157478803322192e-07,1.784340808441698e-08,0.02471827368418024,0.019380507836258363,0.029226864023213617,0.017226864023213617,0.007541130419151498,0.011924949964927323,0.06971046098177291,0.0042217968273534625,0.003318278465825169,0.007540075293178631,0.4436816585639033,0.459209659546289,-0.00976078363913474,-0.009685733604062108,-0.009759642546544616,7.505003507267752e-05,-0.009759642546544616,-0.009684592511471938,0.90473666832746,2.0783038233153466,1.4262592792510989,0.9851020689337273,-4.371964040183013,0.002144328913139093,0.00214460318491062
research_sigma_substitutes,129.0,3.6047929083411523,2.576757833259071,1.5480000000000012,2.4702028515002685,0.13413221000314857,2.997831780866722,0.42107394760765127,-1.8366841483553846,1.5135241341153183,-2.806497857010204,-2.125547393198147,0.03388834434475788,0.34431116586751204,0.2490012515052132,0.441467101802523,0.12884709291795404,0.6326113038945609,1.0112022374997309e-07,-2.881513307961825e-07,-2.694209685905058e-08,0.025061083421825503,0.01940573117972706,0.029714321967626578,0.017714321967626578,0.007750552226975405,0.011922364243586614,0.07024297595890339,0.004335777328818834,0.0034136744283472234,0.007749451757166057,0.4393115188687669,0.4547212698420602,-0.01004140549706456,-0.009963769740651163,-0.0100402189069036,7.76357564133863e-05,-0.0100402189069036,-0.009962583150490213,0.9222028515002674,2.091268774225834,1.4843076467514038,0.9698137086548193,-4.354497857010205,0.0022132091608839666,0.0022132175136757685
research_sigma_substitutes,130.0,3.6300306542556524,2.5961768424341436,1.5600000000000012,2.5001653122627143,0.14198937418070479,3.0683456708464405,0.4721688284122969,-1.822435552927516,1.525445168164708,-2.776535396247758,-2.1073744667193335,0.0339646312579683,0.3509549844752448,0.2504733905965732,0.4403376526392084,0.13159891775770022,0.6298594790548147,-2.4088434358304767e-08,1.748692044500899e-07,1.6414663350783343e-08,0.02541656474984398,0.019432552189124448,0.030219766699622008,0.018219766699622008,0.007967713420736766,0.011919672938643266,0.07079416081553536,0.004453974297696236,0.0035125901463998505,0.007966564444096087,0.43486016040158587,0.45014931592811086,-0.010332380340242031,-0.010252053278885176,-0.010331147489411326,8.032706135673376e-05,-0.010331147489411326,-0.010250820428054593,0.9401653122627132,2.1045854860909445,1.5429005026817324,0.9540998433202421,-4.3365353962477595,0.0022846064293962076,0.0022843398581484757
research_sigma_substitutes,131.0,3.6556304609157393,2.615623490864868,1.5720000000000012,2.5306423848995125,0.1500676368446221,3.139420102497793,0.5237966116329247,-1.8081149354965922,1.5373634799926048,-2.74605832361096,-2.0889948194561425,0.034043541698359374,0.35772177793423887,0.2519930234500198,0.4391872977511794,0.13441197256623758,0.6270464242462773,1.6204844488498793e-07,2.449911646884573e-07,2.3089502754203295e-08,0.025785289849443088,0.019461032289701714,0.030744516600803795,0.018744516600803795,0.00819308268436092,0.011916896909100028,0.07136671861968646,0.00457656967031321,0.0036153043064313635,0.008191873976744573,0.4303264087840599,0.44549255309154034,-0.010634537007342848,-0.010551433916442865,-0.010633247960092247,8.310309089997261e-05,-0.010633247960092247,-0.010550144869192275,0.9586423848995114,2.1182669809231345,1.602056622505188,0.9379433881143677,-4.318058323610961,0.0023578859265867003,0.002358351232081956
research_sigma_substitutes,132.0,3.681605903236667,2.6350994831816412,1.5840000000000012,2.561654345464322,0.15837553954942662,3.2110791080858134,0.5759796249041722,-1.7937197810743426,1.5492789619829082,-2.7150463630461505,-2.0703993163925487,0.03412517896571037,0.36461380085766537,0.2535623200188638,0.4380156538541969,0.13728795185612516,0.6241704449563897,-6.947497368514632e-07,-7.557417860404314e-07,-7.151905234703548e-08,0.02616794666451394,0.019491247159130646,0.03128856316269557,0.01928856316269557,0.008426845025741425,0.011913967644877732,0.0719578986522631,0.004703813076479949,0.003721783803516495,0.008425596879996444,0.4257087534253642,0.44074940577651833,-0.010947750492076302,-0.01086171813695408,-0.010946422951519104,8.603235512226817e-05,-0.010946422951519104,-0.010860390596396836,0.9776543454643207,2.132326941253759,1.6618001461029053,0.921326581971808,-4.299046363046152,0.002434946095652979,0.00243487311121272
research_sigma_substitutes,133.0,3.707971183226315,2.6546065979415117,1.5960000000000012,2.5932195112249037,0.16692132689610495,3.283335899802319,0.6287293018608073,-1.7792450433052862,1.5611914152823603,-2.6834811972855688,-2.051577250147809,0.034209734418104674,0.3716319406651102,0.2551830627961667,0.43682257008693126,0.140227354989785,0.6212310418227299,7.717882128943643e-07,3.9096004522676253e-07,3.715384372382502e-08,0.02656504281914779,0.019523286660450348,0.03185364966078774,0.01985364966078774,0.008669591664692056,0.01191090573002973,0.07257174481084028,0.00483586523940896,0.0038323959094958486,0.008668261148904809,0.42100659975437615,0.43591928264126456,-0.0112731522660659,-0.01118405799609562,-0.01127175267498779,8.909426997026973e-05,-0.01127175267498779,-0.011182658405017521,0.9972195112249025,2.146779767943955,1.7221444845199587,0.9042361539802826,-4.27948119728557,0.002515151869555865,0.00251446633140363
research_sigma_substitutes,134.0,3.734741168601146,2.6741466903517552,1.6080000000000012,2.6253616447858974,0.17571472287881074,3.356222597707494,0.6820759073557388,-1.7646894773352308,1.5731007734429676,-2.651339063724575,-2.0325191727680774,0.03429727145692556,0.37877912370103145,0.2568579501678496,0.43560754897082465,0.14323255120113473,0.6182258456113802,7.056714088626848e-07,6.153345184500836e-07,5.872812003371308e-08,0.026977468388807935,0.019557230083139532,0.032441596184235255,0.020441596184235255,0.008921942635552793,0.011907754192774456,0.07321232343715911,0.004973005684691049,0.003947551472933728,0.008920557157624777,0.41621798712030894,0.4310001150646473,-0.011611899355908117,-0.011519653548682618,-0.011610445508628612,9.224580722554457e-05,-0.011610445508628612,-0.011518199701403067,1.0173616447858962,2.1616403951581784,1.7831218242645264,0.8866495863893442,-4.2593390637245765,0.002597234974329732,0.0025977109131296687
research_sigma_substitutes,135.0,3.7619315210333437,2.693721721458743,1.6200000000000012,2.658102703593374,0.18476521216721054,3.429760546676637,0.7360388252178942,-1.7500505733566267,1.5850069236679092,-2.6185980049170983,-2.0132149260489345,0.03438789818805687,0.3860568846650145,0.2585894360726015,0.43437032960694755,0.14630469521987907,0.6151537015926358,5.348815346195579e-08,-5.609175546261724e-07,-5.3769823982197096e-08,0.027405935761533634,0.01959316328550856,0.03305186335151111,0.021051863351511112,0.009183985245777349,0.011904443744471305,0.07387420082454943,0.005115492365630569,0.004067054731503056,0.009182547097133625,0.4113418872744402,0.42599081608709033,-0.01196343436126246,-0.011867878105733809,-0.011961925680891343,9.555625552869554e-05,-0.011961925680891343,-0.011866369425362648,1.038102703593373,2.1769245973654345,1.844753623008728,0.8685474315604715,-4.238598004917099,0.0026830930746106763,0.0026838928599564153
research_sigma_substitutes,136.0,3.789558647380686,2.7133337258074173,1.6320000000000012,2.6914653714889196,0.19408269337036543,3.503970999356593,0.7906372735491756,-1.7353232911860095,1.5969096609319102,-2.585235337021553,-1.9936520599530871,0.0344818116957765,0.3934665809241492,0.26037984728196073,0.43311068124289465,0.14944481302610954,0.6120135837864054,1.8952226410462458e-07,-9.842361730072469e-07,-9.477318629880216e-08,0.027851176349548812,0.019631193017235732,0.033685942961550364,0.021685942961550363,0.009456314137152755,0.011900926816121093,0.0745600116130265,0.0052635823460311475,0.004191223496008699,0.009454805842039848,0.40637739078081997,0.42089045623734556,-0.01232870200827646,-0.012229628824397487,-0.012327127929437354,9.907318387890676e-05,-0.012327127929437354,-0.012228054745558447,1.0594653714889184,2.1926489864487757,1.9070613384246826,0.8499120458355434,-4.217235337021554,0.0027739899035843507,0.0027733146872448537
research_sigma_substitutes,137.0,3.8176397713585475,2.732984850506908,1.6440000000000012,2.725474589516475,0.20367784044151604,3.57888056990269,0.8458957193957821,-1.720502593549458,1.6088087773001514,-2.5512261189939975,-1.9738173040024027,0.03457921176402298,0.4010100177785152,0.2622317741826338,0.43182829697765246,0.15265437954256061,0.6088040172699543,8.216380660286404e-07,7.895151243886289e-07,7.637226628887106e-08,0.02831405608658158,0.01967143391218999,0.034346241909096964,0.022346241909096964,0.00973971015627817,0.011897291355687845,0.07527520816858457,0.0054175323611949325,0.004320580523143845,0.009738112884338778,0.4013232880883948,0.41569778999859247,-0.012709240397130839,-0.012606531752818728,-0.012707589773952487,0.00010270864431215568,-0.012707589773952487,-0.012604881129640332,1.0814745895164737,2.2088309940583963,1.9700717926025388,0.8307235254445395,-4.1952261189939986,0.0028673908048453267,0.0028668215965406245
research_sigma_substitutes,138.0,3.846193038705718,2.7526773570332193,1.6560000000000012,2.7601578553071136,0.21356211368292177,3.654521415693762,0.9018440586605427,-1.7055885095763188,1.620704243643286,-2.516542853203359,-1.9537001801662897,0.034680125454900665,0.4086894482924231,0.2641485985174854,0.4305227937902881,0.15593534751437935,0.6055230492981356,2.46039322249203e-09,1.541804364180166e-07,1.4984342766588554e-08,0.028795595538644858,0.019713976606917327,0.0350330238035097,0.0230330238035097,0.010034467957246607,0.011893534987089116,0.07601710590612609,0.005577679982013395,0.004455126559645018,0.010032806541658414,0.39617806964407654,0.4104111808852717,-0.013105020859173977,-0.012998555846263027,-0.013103313410720643,0.0001064650129108842,-0.013103313410720643,-0.01299684839780976,1.1041578553071123,2.2254887950624322,2.033817172050476,0.8109543436270401,-4.17254285320336,0.0029632934023111623,0.002964087889016486
research_sigma_substitutes,139.0,3.8752375132425887,2.7724136162057413,1.6680000000000013,2.7955406371234943,0.22374677635600926,3.7309147817149424,0.9585011655092011,-1.6905760067448357,1.6325958472743296,-2.481160071386978,-1.9332867006267223,0.034784756953243186,0.4165056130332362,0.2661330759224281,0.42919404578434983,0.15928830628819857,0.6021700905243164,6.021395670963159e-07,-7.994582862380639e-07,-7.806961194178896e-08,0.029296612357390006,0.019758943646433203,0.03574796896847365,0.023747968968473653,0.010341311717960933,0.011889518480360128,0.07678824780470084,0.00574434097941986,0.004595216457193139,0.010339557436612998,0.3909412392677317,0.40503011331825167,-0.013517138770152759,-0.013406657250512766,-0.013515342521156295,0.00011048151963987188,-0.013515342521156295,-0.013404861001516423,1.127540637123493,2.242641665968259,2.098318934440613,0.7905840646421425,-4.149160071386979,0.003065492372572143,0.003065345532551788
research_sigma_substitutes,140.0,3.9047931940671003,2.7921961108526,1.6800000000000013,2.831653793244061,0.23424473711884364,3.8080979113031637,1.0159018004505636,-1.6754575248311745,1.6444832806040062,-2.4450469152664116,-1.9125592847041566,0.034893401904283354,0.42446095566438047,0.2681882982480301,0.4278416375370553,0.16271550148690228,0.5987428953256126,-2.96965616541911e-07,4.478604771485095e-07,4.3949293093703545e-08,0.029818306562993252,0.019806490672826714,0.036492964869746514,0.024492964869746513,0.010660938851611235,0.011885329699667824,0.0775914039374912,0.005917882364897392,0.00474124272087001,0.010659125085767402,0.38561115970486504,0.39955292033618567,-0.0139466963184674,-0.013832026018135324,-0.01394483153197062,0.00011467030033217654,-0.01394483153197062,-0.013830161231638443,1.1516537932440596,2.260309913463094,2.1636146306991577,0.7695893904352371,-4.125046915266413,0.00317145297542476,0.003171087166524044
research_sigma_substitutes,141.0,3.9348812762984835,2.8120274850025906,1.6920000000000013,2.8685265668629873,0.24506865405923173,3.886097589589925,1.0740701045873342,-1.6602331007939861,1.6563665066736653,-2.408174141647485,-1.8915059934537792,0.03500609461502749,0.4325563555734942,0.27031800990623367,0.42646541955250605,0.1662177734284671,0.5952406233840478,-8.105409694536547e-07,-6.78404847853642e-08,-6.69063843217188e-09,0.03036169040150362,0.01985672410967515,0.03726843759724319,0.025268437597243187,0.010993745823896672,0.011880965063416515,0.0784238885138866,0.006098639361568744,0.004893205957680028,0.010991845319248772,0.3801872417657589,0.3939789045756593,-0.014393726709930055,-0.014274691773346615,-0.014391782228470672,0.00011903493658348488,-0.014391782228470672,-0.014272747291887187,1.176526566862986,2.2785147696248185,2.2297310829162598,0.747941040853499,-4.100174141647487,0.0032811716292735493,0.003280945949449842
research_sigma_substitutes,142.0,3.965524086269814,2.8319105041582793,1.7040000000000013,2.9061906684385472,0.256232228766637,3.964945688330937,1.1330351841726576,-1.6448951815726274,1.6682452107308392,-2.3705100400719252,-1.8701082833273017,0.035123137362053906,0.440793051494994,0.2725255240924389,0.425065181245851,0.16979635287763098,0.591662043934884,-4.7029382832519673e-07,8.992201245838771e-07,8.913759680373445e-08,0.030927918764663706,0.019909810669291175,0.038077092862538464,0.026077092862538464,0.01134072880728132,0.011876375462636202,0.07929101684294615,0.006287009289669077,0.005051703933209477,0.011338713222878553,0.37466865549835393,0.3883072234461301,-0.014859988592621054,-0.01473636405525719,-0.014857952744733758,0.00012362453736379855,-0.014857952744733758,-0.01473432820736996,1.202190668438546,2.2972788755389746,2.2967004776000977,0.7256148584992979,-4.074510040071926,0.0033959105273335677,0.003395635247975825
research_sigma_substitutes,143.0,3.996745134410364,2.851848096506559,1.7160000000000013,2.9446807525880643,0.26775011167379437,4.044679623275817,1.192831526769258,-1.629441279739319,1.6801192575989377,-2.332019955922408,-1.8483500861189164,0.035244658971628276,0.4491726270883374,0.27481502076787906,0.4236406533949827,0.1734528931263446,0.5880055036861703,-2.829537764093004e-07,4.82718230720991e-07,4.8100871841150195e-08,0.03151832998076956,0.01996589644084176,0.038921045685035294,0.026921045685035293,0.011702723001861148,0.011871579603297433,0.08019548983965596,0.006483427624565803,0.005217169143148194,0.011700596767713997,0.36905433985081393,0.3825367159485471,-0.015346743079876601,-0.015218322683173913,-0.015344615126906455,0.00012842039670256725,-0.015344615126906455,-0.015216194730203888,1.228680752588063,2.3166258768114263,2.3645603656768794,0.7025786761830892,-4.04801995592241,0.003515032724482614,0.003515599681312997
research_sigma_substitutes,144.0,4.028569247626127,2.8718433505193803,1.7280000000000013,2.984032759808618,0.2796376747703593,4.125336668010249,1.2534933174908685,-1.6138651161236621,1.691988369937434,-2.2926679487018546,-1.8262117489091878,0.03537092527860758,0.4576963250203273,0.27719051639385683,0.42219162474654437,0.17718880104693083,0.5842695957655841,-4.808481350870863e-07,-2.3469353616079047e-07,-2.3511121882702213e-08,0.03213430692397458,0.020025161402367108,0.03980165412002212,0.027801654120022123,0.012080450553317634,0.011866503790009308,0.08113723380862536,0.0066883750342085395,0.005389842955369291,0.012078217989577832,0.36334346223638064,0.3766665050411453,-0.015854699776695125,-0.015721203566704423,-0.01585247928049792,0.0001334962099906918,-0.01585247928049792,-0.015718983070507227,1.2560327598086165,2.336580877688693,2.433348298072815,0.6788028325781925,-4.020667948701856,0.0036404314786078196,0.003640753013386854
research_sigma_substitutes,145.0,4.061022703379725,2.891899536792036,1.7400000000000013,3.0242840608281085,0.29191101278042964,4.206954090893068,1.3150545541010317,-1.5981604167821033,1.7038522651789563,-2.252416647682364,-1.8036727290305037,0.03550220695161017,0.46636501170992495,0.27965625692831514,0.4207179480093127,0.18100520219380917,0.5804531946187057,-5.079999949586522e-07,-1.6035132732739044e-07,-1.6151278314779915e-08,0.03277728118922889,0.020087795602826294,0.040720394901944346,0.028720394901944345,0.012474631974066397,0.011861189353157942,0.08211629008023946,0.006902310305903413,0.005569968548455446,0.012472278854358858,0.35753544215435024,0.3706959670942579,-0.016384573574719896,-0.01624576292787777,-0.016382260436633666,0.0001388106468420587,-0.016382260436633666,-0.016243449789791607,1.2842840608281072,2.357170438200768,2.5031018257141113,0.6542562309002606,-3.992416647682365,0.003770836817910128,0.0037711309538115516
research_sigma_substitutes,146.0,4.094133304869787,2.9120201275661364,1.7520000000000013,3.0654735496125065,0.3045869387184921,4.289569248170728,1.3775491206045913,-1.5823234424878418,1.71571074864375,-2.211227158897966,-1.7807133349679445,0.03563868967998749,0.4751791410425782,0.2822169898261601,0.4192195460227617,0.18490290509417504,0.5765554917183399,9.857429454918076e-07,-8.229653389868474e-07,-8.335428253181121e-08,0.03344873817506988,0.020153983623152977,0.041681315437573474,0.029681315437573474,0.012886700795821437,0.011855584166347355,0.08314065315514751,0.007125740822878434,0.005758440234714027,0.01288418105759246,0.35162997550147257,0.36462472284872993,-0.016939030475404793,-0.016794614641752137,-0.016936588925629496,0.00014441583365264535,-0.016936588925629496,-0.01679217309197685,1.3134735496125052,2.3784225562260373,2.5738584995269775,0.6289037164101241,-3.9632271588979675,0.003907507918178288,0.003907913845930599
research_sigma_substitutes,147.0,4.127930419798379,2.932208787191283,1.7640000000000013,3.1076466917032555,0.3176844143720725,4.373235397203363,1.4410266100120799,-1.5663454009457467,1.727563433511651,-2.169054016807217,-1.7573077748936825,0.03578074423015905,0.4841407268869983,0.28487771941857504,0.4176960764292103,0.1888844018078392,0.5725739950046758,9.649318588600408e-08,-9.72206831928446e-07,-9.903016706669376e-08,0.03415064255407463,0.020223968055663226,0.0426860714190096,0.030686071419009597,0.013317512954970523,0.011849658923987372,0.08421029372775912,0.0073593245979287954,0.005955564156423455,0.013314888754352251,0.3456257129857111,0.3584513697662681,-0.017518899540051702,-0.017368558464039285,-0.017516365165951342,0.0001503410760126285,-0.017516365165951342,-0.017366024089938713,1.3436466917032541,2.4003669862867283,2.645671963691712,0.6027086158614703,-3.933054016807218,0.0040510711249150955,0.004051045509068551
research_sigma_substitutes,148.0,4.162445271877474,2.952469410010343,1.7760000000000014,3.1508456924505257,0.3312219646284331,4.457989835626246,1.5055204256159032,-1.5502213002380116,1.7394100664917247,-2.1258550160599468,-1.7334332313647574,0.035928612324637614,0.49324929109842314,0.28764361390335025,0.41614762051326804,0.1929497924175336,0.5685086043949813,2.5993281305147775e-08,-7.717336458767932e-07,-7.906595728135457e-08,0.03488460153640993,0.020297967645252744,0.043735598998376535,0.03173559899837654,0.013767757141747605,0.011843430094144125,0.0853225460571263,0.0076035865759477165,0.006161398716077563,0.01376498529202528,0.3395229749640564,0.3521761762712805,-0.018124411762484804,-0.01796784185662892,-0.018121760929639893,0.00015656990585587519,-0.018121760929639893,-0.01796519102378402,1.3748456924505243,2.42303520538575,2.7185797691345215,0.5756337158219351,-3.9018550160599483,0.0042008872550940435,0.0042000847148813275
research_sigma_substitutes,149.0,4.1977109596382,2.97280614822217,1.7880000000000014,3.1951178897000085,0.3452199286555677,4.5438804893176155,1.5710743410954455,-1.5339436264355586,1.7512502936999392,-2.081582818810464,-1.7090628866421067,0.03608263239729092,0.5025051632092408,0.2905202230210503,0.4145741222544291,0.19710010174677137,0.5643582950657435,9.174843462744775e-07,6.328735935312579e-07,6.522338596992583e-08,0.03565256866594417,0.020376240929536542,0.044835283272980586,0.03283528327298059,0.014239283303483008,0.011836890901247399,0.08648813220373786,0.007859173662349934,0.0063771478130616645,0.014236321475411599,0.3333215406498086,0.345798874315118,-0.01875910906825029,-0.01859599996949768,-0.01875631709724019,0.0001631090987526014,-0.01875631709724019,-0.018593207998487588,1.4071178897000072,2.4464606659382606,2.7926301956176762,0.5476391923749053,-3.869582818810465,0.004356949533144361,0.004356716666014573
research_sigma_substitutes,150.0,4.2337626065301395,2.993223408178267,1.8000000000000014,3.240516258996487,0.35970053123539913,4.630966100033722,1.6377426918554545,-1.517507401171723,1.7630838482942195,-2.0361844495139856,-1.684169262313653,0.036243058663144014,0.511909438191411,0.29351406533105817,0.41297539550746015,0.20133732029112164,0.5601210765213933,-9.194824812652769e-08,-3.0599938627418055e-07,-3.1726561822154054e-08,0.0364568924886971,0.020459056636297084,0.04598711848317261,0.03398711848317261,0.014733145994530794,0.011829985969395107,0.0877069967916908,0.008126879151369658,0.0066031668568864495,0.014730046008256108,0.3270206764117546,0.3393186211018459,-0.019423986519246594,-0.019253972488641802,-0.019421078990842503,0.0001700140306048932,-0.019421078990842503,-0.01925106496023761,1.4405162589964855,2.4706787582359198,2.867882251739502,0.5186770483422627,-3.836184449513987,0.004520513885349686,0.0045208264941110216
research_sigma_substitutes,151.0,4.270637541140548,3.0137258779420195,1.8120000000000014,3.2870921266663538,0.3746862206446293,4.719294482900997,1.7055686049589776,-1.5009025986648592,1.7749102656387294,-1.9896085818441187,-1.6587208679379808,0.036410335633657864,0.52146124265635,0.2966311054283082,0.4113515887484205,0.20566152959653267,0.5557968672159823,-5.695954898854438e-07,7.656070888373279e-09,7.986855621311406e-10,0.03729968634920337,0.020546725081345397,0.0471932347889783,0.0351932347889783,0.015250486070884639,0.011822658934576902,0.08897908345697658,0.008407419046826736,0.00683979445176314,0.015247213498589877,0.3206209674202455,0.3327359967389088,-0.02012008978351687,-0.01994274871809365,-0.020117042505185704,0.0001773410654230985,-0.020117042505185704,-0.019939701439762605,1.4750921266663524,2.4957272755018187,2.9443842172622676,0.4887059831792595,-3.8016085818441203,0.004692835249884508,0.004692262647209025
research_sigma_substitutes,152.0,4.308375533759831,3.034318574858234,1.8240000000000014,3.3349027285744435,0.3902015033771684,4.808924266947675,1.7746056920894406,-1.4841217306719539,1.7867291661633733,-1.941797979936029,-1.6326852880598846,0.03658482541585225,0.531160362089502,0.29987832484816734,0.40970273844478466,0.2100736623901087,0.5513847344224062,-8.690958805956939e-07,8.392059647199801e-07,8.809619073124608e-08,0.03818346548967129,0.020639570511155843,0.048457764193988284,0.03645776419398829,0.015792931393108445,0.011814971538430141,0.09030981835926166,0.00870160300390958,0.0070878697141171865,0.015789472718026765,0.31412255740003364,0.32605107920956583,-0.020849861262449698,-0.020664832800879718,-0.020846675629756433,0.000185028461569859,-0.020846675629756433,-0.020661647168186574,1.510902728574442,2.5216463675964578,3.0221951007843018,0.45767624926407513,-3.76579797993603,0.004872008415108375,0.004871901407771398
research_sigma_substitutes,153.0,4.347018869453017,3.055006843424644,1.8360000000000014,3.3840076550543303,0.4062720834308462,4.89991411961952,1.8449072761948764,-1.4671585818346424,1.7985402087155897,-1.8926930534561421,-1.6060291759737846,0.03676685269015158,0.5410058418344565,0.30326324258530607,0.40802900688814236,0.21457404997523868,0.5468843468372763,-3.3136806187883394e-08,2.2167074487100535e-07,2.34189204695312e-08,0.03911084730622724,0.02073793202371064,0.04978501787281142,0.037785017872811424,0.016362282429173036,0.011806841330244233,0.09170448346586424,0.009010321972074393,0.007348265494508772,0.016358587466583165,0.3075260859709141,0.3192644343996921,-0.021615894113394152,-0.021422735443638263,-0.021612545572084623,0.00019315866975576704,-0.021612545572084623,-0.021419386902328856,1.548007655054329,2.5484786607374277,3.1013739109039307,0.4255344716214997,-3.7286930534561433,0.005059917883588838,0.005060453014465352
research_sigma_substitutes,154.0,4.386612722060435,3.075796408774472,1.8480000000000014,3.4344727643200663,0.4229260682355145,4.992333233879403,1.9165368251049313,-1.4500018949047762,1.8103428488238618,-1.8422279441904061,-1.5787125359684933,0.036956937521635626,0.5509972563428506,0.30679367411901765,0.40633046642171544,0.21916378779622417,0.5422946090162908,4.6815058185600833e-07,-2.3105578828008788e-07,-2.456946984752406e-08,0.040084879080123814,0.0208422177339481,0.05117951899516093,0.039179518995160936,0.016960454134517522,0.011798183890402103,0.09316835877519836,0.009334609412608165,0.007621906328642312,0.016956515741250476,0.3008318382502901,0.31237631002305105,-0.02242088097024142,-0.0222190648606434,-0.022417371554830333,0.00020181610959789723,-0.022417371554830333,-0.022215555445232436,1.586472764320065,2.576269873236573,3.1819903850555415,0.39222604928563,-3.690227944190408,0.005258446188986188,0.005258610726125892
research_sigma_substitutes,155.0,4.427205265140705,3.096693401287472,1.8600000000000014,3.486366693044652,0.44019299169988124,5.086250837169917,1.9895574358824453,-1.43264168945667,1.822136576496394,-1.7903340154658203,-1.5506940553086048,0.03715556616908381,0.5611333006969165,0.31047804005281365,0.4046073388815242,0.2238432481440403,0.5376151486684746,7.4508597736056e-07,-1.0740353451055284e-07,-1.1496551099998698e-08,0.041108737652257046,0.02095285674712728,0.052645103208257105,0.04064510320825711,0.017589193397038017,0.011789009329363553,0.09470413660673804,0.009675510346554853,0.007909494637965872,0.017585004984520723,0.2940406885330659,0.30538753530843177,-0.023266900481855313,-0.023055909811219077,-0.02326321952342904,0.00021099067063644686,-0.02326321952342904,-0.023052228852792594,1.6263666930446508,2.6050686886443106,3.264114260673523,0.35769232600915024,-3.6503340154658215,0.005466947790667476,0.005466716414181075
research_sigma_substitutes,156.0,4.468847996677993,3.1177044003781633,1.8720000000000014,3.5397629707365805,0.4581044550295905,5.181741507092879,2.064037106714716,-1.4150679993234412,1.8339208674825889,-1.736937737773892,-1.5219294030851422,0.03736323799320566,0.5714123802256196,0.31432547295255986,0.4028598953616447,0.2286127250530178,0.5328456717594972,6.624961468304491e-07,2.316971845495175e-07,2.4968263789837408e-08,0.042185906280435184,0.021070316333014164,0.054186807189047004,0.04218680718904701,0.018250650645608157,0.01177930285618456,0.09631716658756861,0.010034179130002707,0.00821201692876967,0.018246196058772375,0.2871537052488349,0.29829912650563006,-0.024156853687254176,-0.023936156543438836,-0.02415299096696962,0.00022069714381544106,-0.02415299096696962,-0.02393229382315418,1.667762970736579,2.634927129195404,3.3478206396102905,0.32186973845045075,-3.6089377377738936,0.005685407897688455,0.005685505897830692
research_sigma_substitutes,157.0,4.51159611565272,3.138836478295736,1.8840000000000015,3.594740307422746,0.47669429299109756,5.278885170345054,2.1400486920493185,-1.397270873661293,1.845695182208763,-1.6819604010877263,-1.4923709355341415,0.03758046642088341,0.5818325236707185,0.3183458663296478,0.4010884709759779,0.23347235208466885,0.527986044727846,2.6534104691222637e-08,-3.034038189575483e-07,-3.291958466933309e-08,0.04332018935930018,0.021195106387672708,0.05580882292951994,0.043808822929519944,0.01894685533356355,0.011768999000898561,0.09801006545673951,0.010411892818272536,0.008530235747809534,0.01894212856608207,0.2801722091406186,0.2911123469187014,-0.02509296859505805,-0.02486196759595649,-0.025088928670028043,0.00023100099910143904,-0.025088928670028043,-0.024857927670926604,1.7107403074227447,2.6659009334439574,3.4331899881362915,0.28468952742643316,-3.565960401087728,0.0059150723422680684,0.005915112262392844
research_sigma_substitutes,158.0,4.5555086977782375,3.1600972426851053,1.8960000000000015,3.6513806165956204,0.4959981656967176,5.377761638006358,2.217664395321253,-1.379237854638905,1.857458865484386,-1.625320091914852,-1.4619663954877062,0.03780787538120662,0.5923906418791015,0.322549401119273,0.3992935908805527,0.23842124775476412,0.5230371490577508,6.932360978595398e-07,1.5185693502672848e-07,1.6591226725815034e-08,0.04451553413185291,0.021327793893827333,0.057517720489171476,0.04551772048917148,0.019680513462459803,0.011758054811590535,0.09979083688938006,0.010809968175686585,0.008865465367849015,0.019675433543535598,0.27309826994100195,0.2838292508881213,-0.02607915221512125,-0.025837207026711773,-0.0260748981407324,0.00024194518840946547,-0.0260748981407324,-0.025832952952322935,1.755380616595619,2.6980498322938518,3.5203027725219727,0.24608223727594702,-3.5213200919148537,0.006156553823583932,0.006156693564251872
research_sigma_substitutes,159.0,4.600649205332375,3.1814949121964586,1.9080000000000015,3.709775748401089,0.5160553199160172,5.4784668441238145,2.296971931927356,-1.3609577660141252,1.8692112918319441,-1.5669249601093833,-1.430659108041807,0.03804605931459956,0.6030843820202042,0.326947703002007,0.3974756550565653,0.24345970895030605,0.5179986878622089,8.869581202830545e-07,-5.828851548095315e-07,-6.413278830219582e-08,0.04577664131049407,0.021469003447517166,0.059321454999647916,0.04732145499964792,0.020454802550905482,0.011746374477588306,0.1016701139108771,0.011229988054858902,0.009219372480262042,0.020449360535120944,0.2659334640464632,0.2764513484470819,-0.02712027797115424,-0.026866652448742645,-0.02711580141253542,0.00025362552241169414,-0.02711580141253542,-0.026862175890123727,1.8017757484010877,2.7314379135004305,3.60925555229187,0.2059671940952581,-3.4749249601093846,0.0064117234842413495,0.006411849897836955
research_sigma_substitutes,160.0,4.64708573788925,3.203038339980642,1.9200000000000015,3.7700235265949162,0.5369077707985286,5.581101865828113,2.3780635258474705,-1.3424144076704223,1.8809516144395626,-1.5066771819155562,-1.3983846741331027,0.03829582457490856,0.6139106944542239,0.3315527428506778,0.39563518194278197,0.24858759496021238,0.5128708018523025,-6.360129667370984e-07,-1.0097025615607436e-07,-1.1188792892191657e-08,0.04710861295088091,0.021619452547279837,0.061224068092141204,0.04922406809214121,0.021271981769032555,0.011733934693763493,0.10364787321610214,0.011673643824848748,0.009592581470806197,0.021266225295654945,0.25867983471566997,0.2689806713185253,-0.028218151629345156,-0.027952086323108638,-0.028213474914135877,0.00026606530623650773,-0.028213474914135877,-0.02794740960789937,1.8500235265949148,2.766134123449687,3.70015025138855,0.1642627742451339,-3.426677181915558,0.006680558019111382,0.006680104554076097
research_sigma_substitutes,161.0,4.694891682083875,3.2247371345259306,1.9320000000000015,3.8322238845853716,0.5585992834540823,5.685762590556019,2.461025456030088,-1.3235966499759024,1.892679161219471,-1.444476823925101,-1.3650787660888797,0.03855780828350551,0.6248644581240466,0.33637752837833823,0.39377304211891206,0.25380261292164874,0.5076557838908662,-5.028797276374064e-07,3.2404491578930106e-07,3.616789745475302e-08,0.04851654336524375,0.021779879193803062,0.06323318698234015,0.051233186982340154,0.022135352709290457,0.011720708929939372,0.10573213490192401,0.012142625363650444,0.009986547787067026,0.02212917315071747,0.25134081305688877,0.2614206191722892,-0.02937712534310999,-0.02909783427304935,-0.02937219937372655,0.0002792910700606284,-0.02937219937372655,-0.029092908303665923,1.90022388458537,2.802212520864404,3.793083429336548,0.12088017394919848,-3.3764768239251026,0.0069630308980177524,0.00696248156375924
research_sigma_substitutes,162.0,4.744146126007511,3.2466017032445937,1.9440000000000015,3.8964899005595965,0.5811784762171095,5.792566135631961,2.545964432387367,-1.3044883458743868,1.9043930322994413,-1.380210807950876,-1.3306663413126594,0.038832865346725594,0.6359415420389541,0.34143622815055436,0.3918899378533778,0.2591040739239891,0.5023543228885259,-1.2345568078941938e-07,9.976982608961293e-07,1.1216997453100674e-07,0.05000658752543401,0.021951150723982592,0.0653590188312756,0.0533590188312756,0.023049016623322482,0.011706618604482855,0.10793623143178399,0.012638989743913882,0.010403389423104918,0.0230423791670188,0.2439191668339007,0.25377393591582864,-0.030603383603470147,-0.03031000220795299,-0.030598204185602704,0.0002933813955171456,-0.030598204185602704,-0.030304822790085558,1.952489900559595,2.8397530937080697,3.8881731033325195,0.07572246207648914,-3.3242108079508776,0.007260374841512984,0.007260985584630633
research_sigma_substitutes,163.0,4.794934411402796,3.2686433545317075,1.9560000000000015,3.9629419222479227,0.6046973167007272,5.901635053419587,2.632991698887879,-1.2850759002928764,1.9160923984284368,-1.3137587862625497,-1.2950681862650613,0.03912178131196017,0.6471367322328893,0.3467443810622559,0.38998675552040885,0.2644904264168913,0.4969679703956236,3.7282810660954624e-07,-8.97441319480663e-07,-1.0164094199627272e-07,0.05158539708803024,0.022134205114696284,0.06761005504426265,0.055610055044262655,0.024016850864014283,0.01169150232792504,0.1102680480432574,0.013164985270834716,0.010844725623734454,0.024009710894569172,0.23641838940396417,0.24604407177297058,-0.03190170185232344,-0.03159320418024836,-0.031896251834513105,0.0003084976720749595,-0.031896251834513105,-0.03158775416243814,2.006941922247921,2.878842012974359,3.98554265499115,0.028682885969673277,-3.2697587862625515,0.007575706715589714,0.0075763533162340885
research_sigma_substitutes,164.0,4.847348962385932,3.290874412330176,1.9680000000000015,4.031710010648122,0.6292121779451381,6.0131022317184755,2.7222278193882996,-1.2653369324432073,1.9277760369552914,-1.2449906978623506,-1.258192181960385,0.03942571808126083,0.6584442043071523,0.35231790123536333,0.38806448526778414,0.269959807747274,0.4914985890652409,7.616677986099774e-07,-2.9550302782510585e-07,-3.3715418401580877e-08,0.05326033593954199,0.02233014337260025,0.06999647634735884,0.05799647634735884,0.025043311784776257,0.011675270810965643,0.11273822428310298,0.013723071492430195,0.011312533717261678,0.025035605209691874,0.2288423831142079,0.23823496779145195,-0.03327789375161694,-0.03295316456258257,-0.03327215799194611,0.0003247291890343569,-0.03327215799194611,-0.03294742880291175,2.06371001064812,2.9195729254306406,4.085326194763184,-0.020346234580856715,-3.2129906978623524,0.00791024853313349,0.007909852777806328
research_sigma_substitutes,165.0,4.901489970656405,3.3133083407424366,1.9800000000000015,4.10293487494264,0.6547839402702798,6.127111501985793,2.813803161243356,-1.2452554032266094,1.939442940050368,-1.173765833567832,-1.2199423518538106,0.0397456291178708,0.6698573443306548,0.35817489965621774,0.3861242514637887,0.27550990073596165,0.48594849607655327,9.036642345527923e-07,-1.0593066512853966e-07,-1.2175969454908397e-08,0.05503957551450815,0.022540147106673458,0.07253026335276225,0.06053026335276225,0.026133452099443066,0.011657905744027697,0.11536015288681911,0.01431595102425855,0.011809171018272554,0.026125122042531104,0.22119557929846126,0.23035102573421445,-0.034738905509291484,-0.03439681125331906,-0.03473285593609574,0.0003420942559723035,-0.03473285593609574,-0.034390761680123436,2.122934874942639,2.962047030606037,4.187668561935425,-0.0714895696587774,-3.1537658335678334,0.008263326333474819,0.008263359153876118
research_sigma_substitutes,166.0,4.957466132821166,3.3359598609837082,1.9920000000000015,4.176770537353646,0.6814790821440242,6.243822537492114,2.9078626765084055,-1.2248102797762577,1.9510918484433468,-1.0999301711568261,-1.1802098425753962,0.04008270719198921,0.6813691448560167,0.36433471440860316,0.38416724537447716,0.2811384965328834,0.4803199002796315,-6.170598552124318e-07,-3.611438303963155e-07,-4.181954116333486e-08,0.05693238181577685,0.022765577404353702,0.075221478904548,0.063221478904548,0.027292131770113914,0.011639255344795596,0.1181417286991353,0.014946731735423815,0.012336474863064516,0.027283206598488333,0.21348267294646875,0.2223969445554791,-0.0362900917896386,-0.0359293471344343,-0.03628374959724858,0.00036074465520440427,-0.03628374959724858,-0.03592300494204417,2.1847705373536446,3.006374284377819,4.292730689048767,-0.12488010861943155,-3.091930171156828,0.008637410938667767,0.008637215364320175
research_sigma_substitutes,167.0,5.015395757477126,3.3588451347621664,2.0040000000000013,4.253377832751736,0.7093682038105076,6.363394959384063,3.004549824621897,-1.203980581349274,1.9627214507399593,-1.023322875758736,-1.1388778484279074,0.04043819251314958,0.6929702441822853,0.37081772730619106,0.38219505848901153,0.2868407749962369,0.47461762181627803,-2.768379085971162e-07,2.85218029860701e-07,3.327238534689414e-08,0.058948398272960376,0.02300793562734608,0.07808458349831593,0.06608458349831593,0.028525572875600758,0.011619211587393985,0.12109893694826424,0.01561863160623691,0.012897252642776403,0.028515884249013315,0.20570993639786886,0.21437903717389029,-0.03793979903532119,-0.03755901062271538,-0.03793309600816589,0.0003807884126060153,-0.03793309600816589,-0.03755230759555987,2.249377832751735,3.052674306737167,4.400673508644104,-0.18065770559053806,-3.0273228757587374,0.00903370562502226,0.009033437747114417
research_sigma_substitutes,168.0,5.075407836017719,3.3819819459619636,2.0160000000000013,4.332939704350278,0.7385302278952257,6.486020411388642,3.1040384654266786,-1.1827428685262134,1.9743302716181348,-0.9437610041601943,-1.0958135962020064,0.040813479651306495,0.7046522012385662,0.3776468314334572,0.38020912578944377,0.29261391389166785,0.46884448292084707,-4.1464967326376723e-07,1.746119850931649e-07,2.0519501264804063e-08,0.061099272987047634,0.023268958364204964,0.08113727311653118,0.06913727311653119,0.029841142277604926,0.011597605348117601,0.12425306618262066,0.016335550320846912,0.013495096137958202,0.029830646458805114,0.19788302517016063,0.2063029671207474,-0.039698525490808656,-0.039296130838926246,-0.03969145922928883,0.0004023946518823991,-0.03969145922928883,-0.03928906457740643,2.316939704350277,3.1010775643995845,4.511690139770508,-0.2389818643660191,-2.9597610041601956,0.00945466387320315,0.009454988561321334
research_sigma_substitutes,169.0,5.137643353692937,3.4053899153545517,2.0280000000000014,4.415652378984799,0.7690504883657174,6.611901091749305,3.206511176394753,-1.1610712536028678,1.9859166614361945,-0.8610483295256737,-1.050870549662788,0.04121012692817168,0.716404871713145,0.38484638880455757,0.37821117180876535,0.29845348047776893,0.463004916334746,-9.209595397408066e-07,-3.6415820647839325e-07,-4.3105343239258076e-08,0.06339772278290563,0.023550611706745474,0.08439450312174968,0.07239450312174968,0.031245886500859577,0.01157425643348664,0.12761734725379936,0.017101743895308268,0.014132752050694903,0.031234495946003173,0.1900087359521928,0.19817557661871363,-0.04157436018740346,-0.04114861662089009,-0.041566917796161486,0.0004257435665133598,-0.041566917796161486,-0.04114117422964812,2.3876523789847974,3.1517266922567426,4.62598443031311,-0.3000229240771941,-2.889048329525675,0.009902728094100643,0.009902730120030526
research_sigma_substitutes,170.0,5.20225697941283,3.4290907787580758,2.0400000000000014,4.5017287105937775,0.8010220008969449,6.741255105896241,3.312164327138165,-1.138937412338012,1.997478784485108,-0.7749719979166949,-1.003886100769568,0.0416298670105647,0.7282167372954377,0.39244256916188475,0.3762031546597756,0.3043538167514611,0.4571045800610538,-2.741570561681783e-07,1.7056012535654475e-07,2.0333444428199954e-08,0.06585785082077278,0.023855134918928923,0.08787727909665399,0.075877279096654,0.03274876673403815,0.011548972127999657,0.13121572732743214,0.017921929968615132,0.014814366785790636,0.03273629675440577,0.18209478601205673,0.19000465451072657,-0.043579540234616077,-0.04312851236261572,-0.04357166701703129,0.00045102787200034314,-0.04357166701703129,-0.04312063914503095,2.461728710593776,3.204778194927722,4.743776321411133,-0.36396541442131713,-2.8149719979166963,0.01038032817658352,0.0103797456285777
research_sigma_substitutes,171.0,5.2694184073687484,3.453108663149085,2.0520000000000014,4.591406937178107,0.8345480218337937,6.874332546404169,3.421223883255084,-1.1163105972497007,2.009014605692194,-0.6852937713323657,-0.954676833682754,0.0420746188718841,0.7400761935564559,0.40046432470868715,0.3741870470954025,0.3103101325789949,0.45114826423352,-3.963008392560141e-07,8.009378051898608e-07,9.614963597526227e-08,0.06849619073117558,0.02418511606703911,0.09160781269180607,0.07960781269180607,0.03435948033711633,0.011521601325986897,0.13507219517898372,0.018801614503712264,0.015544265045762142,0.034345879549474406,0.1741489503171745,0.1817980332790486,-0.04572673102870273,-0.045248332354689724,-0.04571842660518278,0.0004783986740131037,-0.04571842660518278,-0.04524002793116967,2.5394069371781054,3.2604038016765546,4.865317940711975,-0.43101682591733503,-2.737293771332367,0.010888624317167306,0.010888852017573405
research_sigma_substitutes,172.0,5.339314677745755,3.4774704596250974,2.0640000000000014,4.68494433597739,0.8697409615711775,7.011399496254208,3.533929036629111,-1.0931601637036774,2.020521987137082,-0.5917563725330828,-0.9030408765147051,0.04254639447679136,0.7519695655207008,0.40894284642015777,0.37216517386148085,0.31631545141802186,0.44514294539449306,1.42706191308406e-07,-2.848406868150022e-07,-3.442422147337254e-08,0.07133095082914369,0.02454349764274398,0.09561102049158432,0.08361102049158432,0.03608910525563891,0.01149181012641054,0.13921323899756555,0.01974691643190194,0.016327246653907338,0.03607416308580928,0.16618039110113042,0.17356495410586473,-0.04803010510953476,-0.04752191523594529,-0.04802131368796276,0.0005081898735894604,-0.04802131368796276,-0.047513123814373295,2.6209443359773883,3.3187926906086735,4.9908775091171265,-0.5014037911705946,-2.655756372533084,0.011432527823554084,0.011432809980306505
research_sigma_substitutes,173.0,5.412152751975488,3.502206272441478,2.0760000000000014,4.782628978161275,0.9067262323450715,7.1527590243993,3.650552751957822,-1.0694455416025925,2.031998225945015,-0.49407173034919705,-0.8487453875905924,0.04304774021438738,0.7638827920232543,0.41791162348610006,0.3701399253560468,0.3223632620812652,0.4390951347312497,1.5643451201086123e-07,2.3662430037596494e-07,2.8780790750637664e-08,0.07438337261324385,0.024933752131417786,0.0999160053919037,0.08791600539190371,0.03795038879273793,0.011459299539520629,0.1436707463016056,0.02076494411432866,0.0171689883453094,0.03793393245963806,0.15819852934441964,0.16531496501179807,-0.050506317059645145,-0.04996561659916565,-0.05049702454502765,0.0005407004604793715,-0.05049702454502765,-0.04995632408454828,2.706628978161274,3.380154526030473,5.120760798454285,-0.5753738112533955,-2.5700717303491984,0.012015673612549183,0.012015227806427844
research_sigma_substitutes,174.0,5.488162010112428,3.5273499113852433,2.0880000000000014,4.884776346761197,0.9456417391566534,7.2987409888574195,3.771391077472176,-1.045128816478579,2.043440586216123,-0.39192436174927536,-0.7915331730492499,0.04358122605282325,0.7757999297014552,0.42740735871531405,0.3681140119507526,0.3284452014970319,0.43301319531548305,7.883360297888942e-07,6.067715558888409e-07,7.42476933823788e-08,0.07767738098676756,0.025359860171181765,0.10455649709954296,0.09255649709954296,0.03995796652256134,0.01142380050886227,0.1484819989608579,0.021863681557708747,0.01807605592309127,0.039939737480800014,0.15021404710002503,0.15705886499915298,-0.05317473006811957,-0.05259853057698194,-0.05316487036203315,0.0005761994911377306,-0.05316487036203315,-0.052588670870895415,2.7967763467611957,3.444721423896305,5.255300402641296,-0.6532044547293037,-2.4799243617492768,0.012640415232067825,0.01264056405442028
research_sigma_substitutes,175.0,5.5675976760198855,3.5529395161429855,2.1000000000000014,4.991741972360361,0.9866421653901942,7.449723022321016,3.8967835061780303,-1.0201647111384569,2.0548458269627394,-0.28495873615011114,-0.7311088184180936,0.04414989584116516,0.787704565066983,0.4374700278228657,0.3660902239386129,0.33455350194419975,0.4269048948683152,7.901090626205587e-08,-6.10204045070617e-08,-7.508255739363534e-09,0.08124116446727002,0.02582652885199697,0.10956957236664255,0.09756957236664256,0.04212833143537309,0.011384875433245734,0.15368679250935635,0.023052575381228017,0.01905561784876805,0.042108193229996066,0.14223794140512133,0.14880778982630677,-0.05605636549802384,-0.05544124093126945,-0.0560459348493178,0.0006151245667542667,-0.0560459348493178,-0.05543081028256354,2.89174197236036,3.512751849057146,5.394877195358276,-0.7352059749883457,-2.3849587361501126,0.013312215940752825,0.013312909495896377
research_sigma_substitutes,176.0,5.650744895318583,3.5790183181369795,2.1120000000000014,5.103915491494482,1.0298984020273996,7.606114573876132,4.027096255739153,-0.9945043845970734,2.0662103370826146,-0.17278521701599026,-0.6671402999893996,0.04475713594136947,0.799577809685112,0.4481422462505256,0.36407177235353094,0.34067741866172346,0.42078097815079146,6.690252480900938e-07,-7.803387311877685e-07,-9.64930895741567e-08,0.08510643574046307,0.026339256432238934,0.11500050735752643,0.10300050735752643,0.04448123503577017,0.011341987780390639,0.15933555238610353,0.024342267826823905,0.020116502939937764,0.04445877076676167,0.1342828675109749,0.1405745832430871,-0.059177284541365505,-0.05851927232175602,-0.05916618511746402,0.0006580122196093614,-0.05916618511746402,-0.05850817289785466,2.9919154914944808,3.5845345582359687,5.539904236793518,-0.8217191675810831,-2.2847852170159917,0.014037751368342288,0.014038037285986085
research_sigma_substitutes,177.0,5.737923823045551,3.60563558370772,2.1240000000000014,5.221742987075414,1.0756046354617346,7.768394127093223,4.162758543385503,-0.9680892084017723,2.0775298025235207,-0.05495772143505828,-0.5992419836348297,0.045406990573340834,0.8114007683001889,0.459470750901357,0.3620618693889679,0.34680783443430013,0.4146505623782148,-2.785388124593169e-07,-6.328556920731643e-07,-7.858719175413142e-08,0.08931136285304735,0.026904637397877053,0.12090176912876505,0.10890176912876505,0.047039589778747226,0.011294584326638768,0.16548673396576863,0.025745536913714832,0.0212689768761181,0.04701451378983293,0.12636148523887342,0.13237210412295786,-0.06256759502337905,-0.06186217935001814,-0.06255581434152384,0.0007054156733612323,-0.06255581434152384,-0.06185039866816261,3.0977429870754127,3.6603940205220304,5.690864324569702,-0.913131486966714,-2.1789577214350597,0.014823024802102847,0.014822589571270597
research_sigma_substitutes,178.0,5.829495321370638,3.6328477332637084,2.1360000000000015,5.345719029752012,1.123977581584894,7.9370880418076695,4.304240308543961,-0.9408583349928676,2.088799505735892,0.06901832124153984,-0.5269776976645502,0.046103872285407334,0.823151947550512,0.4715056872026998,0.36006416891641296,0.3529324072689807,0.40852598954353425,-6.858942560583614e-07,9.012293333832133e-08,1.1228780072425337e-08,0.09389962283984886,0.027530468644709358,0.12733224325473902,0.11533224325473902,0.04982953494547693,0.011242054706967153,0.1722040998996861,0.027276997483850964,0.02252435756695702,0.04980135505080799,0.11848819514115694,0.12421498703956245,-0.06626065360229494,-0.06550270830926208,-0.06624811049105006,0.0007579452930328474,-0.06624811049105006,-0.06549016519801722,3.209719029752011,3.740695815634746,5.848288536071777,-1.0098766562344075,-2.0669816787584616,0.01567398238793638,0.015673173363785167
research_sigma_substitutes,179.0,5.925868009554617,3.660719777828176,2.1480000000000015,5.476407473584892,1.1752637053526884,8.112802326892595,4.45208254906442,-0.9127412436258995,2.100013911937455,0.19970676507441976,-0.44984164341566113,0.04685295289262858,0.8348088993820355,0.48430136055525597,0.35808248710505397,0.35903876187688966,0.40241963493562527,-5.535509357557089e-07,9.851926103809916e-07,1.2302767637972778e-07,0.0989233506701478,0.028226164046811466,0.1343666523276852,0.12236665232768519,0.05288337563140644,0.011183539888744098,0.17957262184370038,0.028954137557863226,0.02389735970971063,0.052851497267573856,0.1106780374140362,0.11611853359869706,-0.07029973680753465,-0.0694832766962783,-0.07028635208738421,0.0008164601112559018,-0.07028635208738421,-0.06946989197612831,3.3284074735848908,3.825854097617162,6.01278841495514,-1.1124480087003192,-1.9482932349255817,0.01660025551069233,0.016599901064872316
research_sigma_substitutes,180.0,6.027507644280519,3.689327115377702,2.1600000000000015,5.614452334407383,1.229744332847707,8.29623328549507,4.606906170117368,-0.883657823971483,2.1111665855133803,0.3377516258969102,-0.3672464126551036,0.04766023750657888,0.8463478272266753,0.4979163911932292,0.3561208693714652,0.36511381054494424,0.3963445862675707,-5.187376292958845e-07,7.990145733938192e-07,9.987508714504045e-08,0.10444483454982904,0.02900315556285802,0.13804486082249046,0.12604486082249045,0.054480627495018474,0.01115267357592531,0.18343095860247516,0.030786413121388235,0.024787249875794917,0.05557366299718315,0.10294695575812751,0.10809897876005013,-0.07241155975154667,-0.07156423332747153,-0.07290367610527917,0.000847326424074691,-0.07290367610527917,-0.07205634968120449,3.454452334407381,3.9163410587671383,6.1850666999816895,-1.2214094498683932,-1.8222483741030913,0.01708341965441651,0.017083605832453497
research_sigma_high,0.0,0.9200248718261719,0.0,0.0,0.02602463866925392,-0.35090771108415075,-5.262129189647446,-5.262129189647446,-3.310782434619675,-0.03716993538261434,-5.2506760698412185,-3.8008294989824556,0.03648761340997533,0.013532322162143349,0.16952660379616558,0.4428957453525547,0.005051076812047809,0.7564073200004671,-8.44047810533155e-07,-2.03759205286147e-07,-1.4343358195612055e-08,0.04547763688903876,0.022736842105263166,0.02366306113408101,0.011663061134081009,0.01071626030303341,0.012368098744602159,0.08776499415323258,0.01092614758766408,0.00011676710345065152,0.01104291469111473,0.6609333441513638,0.6859624778571648,-0.0005787020864453374,-0.0009468008310473675,-0.0005668305992750076,-0.00036809874460215844,-0.0005668305992750076,-0.000934929343877166,0.02602463866925392,0.9571948072087862,-5.2249592542648315,1.9398936352215435,-5.2506760698412185,-0.009769578448085792,-0.00976945947198581
research_sigma_high,1.0,0.9645052362472152,0.022676352684377735,0.012000000000000002,0.04968769980333493,-0.34019145078111734,-5.1743641954942134,-5.197040548178591,-3.308552013067761,-0.02480183663801218,-5.227013008707138,-3.7949494686873577,0.03613288042568524,0.014103027915286807,0.1710406734194722,0.4428304312496949,0.0052647150944149885,0.7561936817181,-7.306609441891376e-07,-3.227353051471482e-07,-2.2879636685235738e-08,0.04351059525190265,0.02261686573171151,0.023349591193101843,0.011349591193101843,0.010410227923390275,0.012355138691810668,0.08693396035089895,0.010281300664830356,0.00012037120220663752,0.010401671867036994,0.6605509712967578,0.6853133153753451,-0.0005842245779008326,-0.0009393632697115295,-0.0005843262243040658,-0.0003551386918106674,-0.0005843262243040658,-0.0009394649161147332,0.037687699803334924,0.9893070728852273,-5.149562358856201,1.9184609956393768,-5.239013008707137,-0.009470448580833235,-0.009470864653678707
research_sigma_high,2.0,1.0070980441209612,0.04523566884845535,0.024000000000000004,0.0727238210554576,-0.3300872552373702,-5.088261268945648,-5.133496937794104,-3.3057233317813415,-0.012459657998993002,-5.203976887455015,-3.7886499869489603,0.035803009252298006,0.014684286350684764,0.1724780020911816,0.4427639094509772,0.0054823537223967255,0.7559760430901182,-3.883301622140123e-07,6.283864859568666e-07,4.484458987485951e-08,0.04169960405792941,0.02250269107508965,0.022748082426934962,0.010748082426934962,0.00982217019646453,0.01233044904560792,0.0853334729084465,0.009691821154066093,0.00012268413623042534,0.009814505290296519,0.6601615281450411,0.6846749517783791,-0.0005954631848625325,-0.0009259122304705047,-0.000595554059370997,-0.00033044904560792024,-0.000595554059370997,-0.0009260031049789173,0.0487238210554576,1.0195577021199542,-5.075801610946655,1.8982535556736737,-5.227976887455015,-0.008896528779556823,-0.008896257965994098
research_sigma_high,3.0,1.0479510117952973,0.06768350448920127,0.036000000000000004,0.09518386465720485,-0.3205471103881883,-5.00369724967732,-5.071380754166522,-3.3023450706268744,-0.00014093854679633755,-5.1815168438532675,-3.781967518548413,0.035495651937821615,0.015276459743030739,0.1738440254652824,0.4426961384960754,0.005704131062578464,0.7557542657499364,1.8244753122176327e-07,-8.643624307413944e-07,-6.207086036824627e-08,0.040028396513554526,0.022393825503580968,0.022194752304005805,0.010194752304005805,0.009279721973976224,0.01230793500649969,0.08385049606072936,0.009147752297328096,0.0001250782850526673,0.009272830582380764,0.6597647719721693,0.6840454097461844,-0.000607095323529927,-0.0009150303300295703,-0.0006071761410323658,-0.0003079350064996902,-0.0006071761410323658,-0.0009151111475320559,0.05918386465720485,1.0480919503420936,-5.003556311130524,1.879171773226393,-5.217516843853267,-0.008365017645477923,-0.008364691643946643
research_sigma_high,4.0,1.0871967040571666,0.09002497320748189,0.04800000000000001,0.11711332566346921,-0.31152781128941776,-4.920560276824189,-5.010585250031672,-3.2984533670722973,0.012156212014006379,-5.159587382847003,-3.7749283534466036,0.03520900634355793,0.01587992146322374,0.17514315004193093,0.4426270756547644,0.005930192670474698,0.7555282041420402,5.002578525453716e-07,-2.3616576916296594e-08,-1.7059201551372638e-09,0.03848286399821972,0.022289893822916882,0.021684764575465976,0.009684764575465975,0.00877829779488798,0.012287338735291652,0.08247404313249351,0.008644523336766264,0.00012755512602197414,0.008772078462788237,0.65936045261964,0.6834231009150936,-0.0006191280452863268,-0.000906466780577958,-0.0006191996408833699,-0.00028733873529165205,-0.0006191996408833699,-0.0009065383761750219,0.0691133256634692,1.0750404920431602,-4.932716488838196,1.8611340157747058,-5.207587382847003,-0.007871583460142828,-0.007871831014309983
research_sigma_high,5.0,1.1249545220995711,0.11226480632676648,0.06000000000000001,0.1385533938081368,-0.3029905147984123,-4.838749163412333,-4.9510139697391,-3.29408823754716,0.024433738923786967,-5.138147314702335,-3.767562115865898,0.034941213722393824,0.016495045048243704,0.17637996412522985,0.4425566781778121,0.006160684647443574,0.7552977121650714,1.0795993631018685e-07,-3.692540966326874e-07,-2.682078625859674e-08,0.03705073905894603,0.022190499554031583,0.021213933070775695,0.009213933070775695,0.00831388653970272,0.012268489615667403,0.08119321467136187,0.008178142316281946,0.00013011377089704846,0.008308256087178995,0.6589483198176767,0.6828064043221149,-0.0006315569154055345,-0.0009000465310729233,-0.0006316202470730511,-0.0002684896156674027,-0.0006316202470730511,-0.0009001098627404538,0.07855339380813679,1.1005207831757842,-4.863182902336121,1.8440590771551753,-5.198147314702335,-0.007413774235498272,-0.007413840008629744
research_sigma_high,6.0,1.1613323851983757,0.13440738161951296,0.07200000000000001,0.1595411918050206,-0.2949000382100123,-4.758173847481466,-4.892581229100979,-3.289280915543294,0.036693191245341185,-5.117159516705452,-3.759891357274572,0.03469079449533765,0.017122192415625813,0.17755831226509705,0.44248490464576723,0.006395744568716532,0.7550626522437984,-6.996443312201617e-07,1.0792968607731268e-07,7.880559205197812e-09,0.0357212789966819,0.022095328128579714,0.02077851209973132,0.00877851209973132,0.007883001025778935,0.012251159217981058,0.07999571230712288,0.007745139526971278,0.0001327481479217722,0.00787788767489305,0.6585281310815306,0.6821939823284426,-0.0006443518559713091,-0.000895511073952443,-0.0006444084850571469,-0.0002511592179810576,-0.0006444084850571469,-0.0008955677030382045,0.0875411918050206,1.1246391939530345,-4.794867038726807,1.827878601162158,-5.189159516705452,-0.006987228843542415,-0.006987489951826551
research_sigma_high,7.0,1.1964281407988595,0.15645676264120217,0.084,0.18011041800759944,-0.28722451274685445,-4.678757738798088,-4.83521450143929,-3.284062695234245,0.04893605735974908,-5.096590290502873,-3.75193882087174,0.034456325128214976,0.017761675203615514,0.17868195176517232,0.44241171939336404,0.006635475691819784,0.7548229211206952,6.941911559477099e-07,1.529624722440559e-07,1.1223981466468302e-08,0.03448504713561343,0.022004072443665326,0.020375356329095387,0.008375356329095387,0.007482578919956462,0.012235200174679363,0.07888004756771538,0.007342449497108242,0.00013547065082125738,0.007477920147929499,0.6580996776135776,0.6815845774153788,-0.0006575772344596387,-0.0008927774091390117,-0.0006576245185497934,-0.00023520017467936263,-0.0006576245185497934,-0.000892824693229156,0.09611041800759944,1.1474920834391105,-4.727693796157837,1.8125275952686284,-5.180590290502873,-0.006589472047458189,-0.006589801510817537
research_sigma_high,8.0,1.2303307734850542,0.1784167402724991,0.096,0.20029190446321138,-0.2799348803700994,-4.600413752346035,-4.778830492618534,-3.27845985963821,0.06116359159469991,-5.0764088040472615,-3.743723233602317,0.03423660589096507,0.018413978921081285,0.17975420128470204,0.44233706685680957,0.006880097902787938,0.7545782989097269,-9.099424070901918e-07,7.668564052654148e-07,5.6533655062862564e-08,0.03333373219301178,0.02191647351623237,0.020001574176424786,0.008001574176424785,0.007109904601162981,0.012220473186389885,0.07783535231770689,0.0069673754721852246,0.00013827532569670757,0.007105650797881932,0.6576626341228754,0.6809769744168054,-0.0006711963888719752,-0.0008916695752617942,-0.0006712394451296487,-0.00022047318638988497,-0.0006712394451296487,-0.0008917126315195336,0.10429190446321138,1.1691671818903542,-4.661577343940735,1.7979489444090513,-5.1724088040472616,-0.0062180205422477375,-0.006218235025901176
research_sigma_high,9.0,1.2631214395659143,0.20029083719959612,0.108,0.22011356636044901,-0.2730047035445285,-4.523087034162674,-4.72337787136227,-3.2724987363187403,0.07337700373252885,-5.056587142150024,-3.7352635282926827,0.03403047826610511,0.019079340226968576,0.1807782871509727,0.4422609199518025,0.007129662094728081,0.7543287347177868,6.538273578660103e-07,5.819297790310429e-07,4.309116816147984e-08,0.03225995463468556,0.021832277693064183,0.01965467214971843,0.00765467214971843,0.006762578372618816,0.012206869348971649,0.07685615323492723,0.0066175181442855915,0.0001411632947967471,0.006758681439082339,0.657216842047931,0.6803701641313078,-0.0006852244281278785,-0.0008920937770995341,-0.0006852587126055686,-0.0002068693489716486,-0.0006852587126055686,-0.0008921280615772172,0.11211356636044902,1.1897444358333855,-4.596464037895203,1.7840884058312834,-5.164587142150023,-0.005871016278774954,-0.005870484595519202
research_sigma_high,10.0,1.294874343337085,0.222082352476385,0.12,0.23960124876264824,-0.26640972362486176,-4.44670144587618,-4.668783798352566,-3.26620189219576,0.08557733029264321,-5.037099459747824,-3.7265756157996135,0.03383694953081515,0.019758271008812334,0.18175710948944487,0.44218322009565814,0.007384404171837495,0.7540739926406774,-3.314725377234762e-07,-2.9651010668985123e-07,-2.2048709358291063e-08,0.031257180277082436,0.02175126753141806,0.019332420836196004,0.007332420836196004,0.006438488127012781,0.012194241248310346,0.07593962069624727,0.00629076987949479,0.00014414260413029675,0.006434912483625087,0.6567619584240957,0.6797630670156152,-0.0006996914608728144,-0.0008939327091831983,-0.0006997213792732855,-0.00019424124831034575,-0.0006997213792732855,-0.0008939626275836312,0.11960124876264824,1.2092970130444418,-4.532278776168823,1.7708975675520642,-5.157099459747824,-0.00554532841569122,-0.005544555417829559
research_sigma_high,11.0,1.3256575080387347,0.24379437471440146,0.132,0.258778408032841,-0.26012772729050293,-4.371207792770179,-4.6150021674845805,-3.2595893931501227,0.09776548622914955,-5.017922300477632,-3.7176735229143834,0.03365514311379435,0.020451063838694022,0.18269329545649693,0.44210393380512725,0.0076444103186629085,0.753813986493852,3.727680386589327e-08,-9.640659441867427e-07,-7.19754656985927e-08,0.030319560536053378,0.021673249695030986,0.019032760433601373,0.007032760433601373,0.006135733533893267,0.012182470034480204,0.07507624812018898,0.0059852398655191475,0.0001472035567564566,0.006132443422275604,0.656297787228075,0.679154840584368,-0.0007145568652279222,-0.000897026899708081,-0.0007145803726041586,-0.00018247003448020396,-0.0007145803726041586,-0.0008970504070843626,0.12677840803284102,1.2278920218095852,-4.468973278999329,1.758332907327509,-5.149922300477631,-0.005238453198551873,-0.005238706634185162
research_sigma_high,12.0,1.3555334338282048,0.2654298013171141,0.14400000000000002,0.277666769629851,-0.2541382565570752,-4.2965489496358025,-4.561978750952917,-3.252678798592864,0.10994227036160362,-4.999033938880621,-3.7085693083456643,0.03348429357531952,0.02115814739334343,0.18358923420068363,0.44202301202053956,0.007909857436347414,0.7535485393761675,1.6822981369069012e-07,2.1036115960271218e-07,1.576490937793551e-08,0.029441874852627545,0.02159805500137848,0.01875402811370236,0.006754028113702359,0.005852609405364223,0.01217152934273915,0.07426735024651743,0.005699214018263171,0.00015036083412539778,0.005849574852388568,0.6558240412464599,0.6785446288011954,-0.0007298893655990624,-0.0009014187083381531,-0.000729906961773776,-0.0001715293427391497,-0.000729906961773776,-0.0009014363045129257,0.13366676962985097,1.2455911634666013,-4.406491219997406,1.7463551402877573,-5.143033938880621,-0.004950416992099749,-0.004951190697026087
research_sigma_high,13.0,1.384559670942703,0.28699136214166854,0.15600000000000003,0.29628646426024574,-0.24842250847977448,-4.2226730922771445,-4.509664454418813,-3.2454902271343222,0.12210854491462785,-4.980414244250227,-3.6992772034687293,0.03332357324676276,0.02187994536270076,0.18444745646126495,0.44194040625293535,0.008180917926750474,0.7532774788857645,-9.69957425600576e-07,5.8334390828918e-07,4.387521410076367e-08,0.02861944634768364,0.02152549755602794,0.018494575473031488,0.006494575473031488,0.005587569761594829,0.012161373924965316,0.07350349409555879,0.005431163899497046,0.0001536030116553059,0.005584766911152352,0.6553404366069904,0.6779315378653364,-0.0007456317864713846,-0.0009070057114367314,-0.0007456456876471163,-0.00016137392496531552,-0.0007456456876471163,-0.0009070196126124318,0.1402864642602457,1.2624511260280753,-4.3447816371917725,1.7349240171159046,-5.1364142442502265,-0.004680609393363566,-0.004680564050158171
research_sigma_high,14.0,1.412789330851358,0.3084816178462738,0.16800000000000004,0.31465592057591396,-0.24296311703388557,-4.149541961444685,-4.458023579290959,-3.238040017379591,0.13426501821153425,-4.962044787934558,-3.6898084774698505,0.03317230236460879,0.022616770725571056,0.1852701442678013,0.4418560806836291,0.008457687398646389,0.7530007094138685,-7.706160021214714e-08,1.196747487774985e-07,9.032159326016753e-09,0.02784805190326671,0.021455424471391944,0.01825296197113241,0.0062529619711324085,0.00533927051069269,0.012151874050887114,0.07278320883253375,0.005179738691285267,0.00015693594971867762,0.005336674641003944,0.6548467636138673,0.67731485684104,-0.0007618174095525843,-0.0009136914604397361,-0.0007618249986343577,-0.00015187405088711373,-0.0007618249986343577,-0.0009136990495214715,0.14665592057591392,1.2785243126398238,-4.2838069796562195,1.7240047705549673,-5.130044787934558,-0.004425881877152538,-0.004425579050252971
research_sigma_high,15.0,1.440271516767658,0.3299029941860188,0.18000000000000005,0.33279238820251056,-0.2377439674583891,-4.077106674612077,-4.4070096687980955,-3.2303419908886273,0.14641229301640207,-4.943908320307962,-3.6801724031953205,0.03302990251840135,0.023369108376815013,0.1860592545682395,0.4417699798190978,0.008740376110517515,0.7527180207019974,2.7781173639329637e-08,-2.2309890823635214e-08,-1.689318407382956e-09,0.027123895094338324,0.021387705641768236,0.01802794553373213,0.006027945533732131,0.005106483591623134,0.012142969031841366,0.07210643376877979,0.004943705600623996,0.00016037016525216044,0.005104075765876157,0.6543426973875338,0.6766938285803464,-0.000778492910267603,-0.0009214619421089587,-0.0007784959478260219,-0.00014296903184136608,-0.0007784959478260219,-0.000921464979667388,0.1527923882025105,1.293859223751256,-4.223518967628479,1.7135663294193346,-5.123908320307962,-0.0041849838299445885,-0.0041850216495141375
research_sigma_high,16.0,1.4670517177156954,0.35125777129431507,0.19200000000000006,0.3507118116433782,-0.2327501498506393,-4.005329093907125,-4.35658686520144,-3.22240998503948,0.15855095627521698,-4.925988896867095,-3.6703783654175286,0.032895809996869856,0.024137358480808762,0.18681669374755314,0.4416820578627519,0.009029135280822779,0.7524292615316921,-7.413200281414234e-08,1.9531388861793175e-07,1.4835673078916756e-08,0.026443536125578926,0.02132221312939324,0.017818355049788515,0.005818355049788514,0.0048880730606856715,0.012134643734629164,0.07146778935306797,0.0047219344890134215,0.0001639010853059859,0.004885835574319407,0.6538279698178581,0.67606776661338,-0.0007956382544735963,-0.0009302819891026937,-0.0007956363364368251,-0.00013464373462916332,-0.0007956363364368251,-0.0009302800710659884,0.15871181164337816,1.3085007614404784,-4.1638800501823425,1.7035789118276146,-5.117988896867095,-0.003957930384938635,-0.003957791071582829
research_sigma_high,17.0,1.4931721471476078,0.3725481189750757,0.20400000000000007,0.3684290983020876,-0.22796782133701776,-3.934171095905941,-4.306719214881017,-3.2142578516585045,0.1706815804856604,-4.908271610208385,-3.6604358234700967,0.03276947452457814,0.024921962334881656,0.18754433318479583,0.44159226431056353,0.009324142141971815,0.7521342546705431,-9.705145793126313e-07,-3.0093660208230233e-07,-2.2927075210565917e-08,0.02580386157979242,0.021258821133862283,0.01762309337906362,0.00562309337906362,0.004683031529460688,0.012126820123004131,0.07086317423562916,0.004513423680740135,0.00016752666233662276,0.004680950343076758,0.6533022852356293,0.6754359669474992,-0.0008132417265988012,-0.0009400618496029356,-0.0008132362249350623,-0.0001268201230041309,-0.0008132362249350623,-0.0009400563479391932,0.16442909830208752,1.3224905666619473,-4.104852676391602,1.6940137585498807,-5.112271610208385,-0.0037428326251036648,-0.0037429696798577557
research_sigma_high,18.0,1.518672047257348,0.3937760837654162,0.21600000000000008,0.38595799840150546,-0.22338408679171792,-3.863602745435867,-4.257378829201283,-3.2058956502896874,0.18280459652122524,-4.890742710108967,-3.650351255762782,0.0326504823410336,0.025723292822225713,0.1882437051439146,0.4415005564881231,0.009625525262184907,0.7518328715503301,-7.579252430112149e-07,4.694233961544114e-07,3.5865825503966775e-08,0.02520203078153925,0.021197435114819026,0.01744123049931595,0.0054412304993159515,0.004490438867394017,0.01211946493069406,0.07029121404568417,0.004317246730778913,0.00017125111161776863,0.004488497842396682,0.6527653938091087,0.6747978697387819,-0.0008313267012279302,-0.0009507916319220489,-0.0008313160758144112,-0.0001194649306940597,-0.0008313160758144112,-0.0009507810065084709,0.16995799840150538,1.3358674507361228,-4.046407341957092,1.6848470598192793,-5.106742710108967,-0.003539068165619552,-0.0035396472354720827
research_sigma_high,19.0,1.5435879592328814,0.4149436138066761,0.2280000000000001,0.4033115593007195,-0.21898694360222973,-3.7935886678145727,-4.208532281621249,-3.1973359879897436,0.19492051034704852,-4.873389149209753,-3.640133240445465,0.032538346658621015,0.02654183213767967,0.188916515416603,0.44140687921091,0.00993348564445577,0.7515249111680592,-8.857056555955367e-07,8.572031031661709e-07,6.567334931428803e-08,0.02463547158298375,0.021137942758369773,0.01727194516774616,0.005271945167746161,0.0043094428980175875,0.012112589176969071,0.06975057869799572,0.004132551193984845,0.00017507915309989352,0.004307630347084738,0.6522169724677546,0.6741527896378678,-0.0008499130927594745,-0.0009625022697284935,-0.0008498988014557941,-0.00011258917696907109,-0.0008498988014557941,-0.0009624879784248652,0.1753115593007194,1.3486674488858328,-3.988509178161621,1.6760531612200098,-5.101389149209753,-0.0033472816383082193,-0.003346940628289014
research_sigma_high,20.0,1.5679539577380084,0.4360525585985375,0.2400000000000001,0.4205018887369978,-0.21476520099568275,-3.7241015880398756,-4.160154146638413,-3.188590213566304,0.20702977487516339,-4.856198819773475,-3.629789416047404,0.032432631642253934,0.027377987136241677,0.18956433254207866,0.44131118591663016,0.010248170927943435,0.7512102258845715,-1.5293480443157037e-07,-2.125966416244296e-07,-1.6330579277745727e-08,0.02410182904899856,0.021080242995109456,0.017114408449182855,0.005114408449182855,0.004139308218609999,0.012106077004316373,0.06923981123054324,0.003958598174745122,0.00017901475999020246,0.0041376129347353244,0.651656748618718,0.6735001302542647,-0.0008690232262565101,-0.0009751002305727896,-0.0008690036892728278,-0.00010607700431637321,-0.0008690036892728278,-0.000975080693589201,0.18050188873699768,1.360924182862845,-3.931131362915039,1.667608606207171,-5.096198819773475,-0.0031643106452197145,-0.003164207988037144
research_sigma_high,21.0,1.5918018673869756,0.45710467704487195,0.2520000000000001,0.4375403761990852,-0.21070832716500973,-3.6551090453534862,-4.112213722398359,-3.179664609280183,0.21913266435568127,-4.839160332311387,-3.6193233684211608,0.032333074016729225,0.028232278190577487,0.1901883073250484,0.44121341705152284,0.010569803193744141,0.7508885936187708,-4.6928401625789817e-07,6.518887372131132e-07,5.0200875928441135e-08,0.023598952502663015,0.021024275175735616,0.01696790067303744,0.004967900673037439,0.003979326250944867,0.012099920476770762,0.06875622149834659,0.0037946805685444437,0.00018305806058232607,0.0039777386291267695,0.651084373612313,0.6728393377201869,-0.0008886539453218378,-0.000988574422092603,-0.0008886313620501268,-9.992047677076163e-05,-0.0008886313620501268,-0.0009885518388208885,0.1855403761990851,1.3726692030312944,-3.8742417097091675,1.659495723031204,-5.091160332311387,-0.002990163122319922,-0.0029907518288522957
research_sigma_high,22.0,1.6151614564988748,0.4781016485004486,0.2640000000000001,0.45443769008307267,-0.206806548493793,-3.5865891450431824,-4.064690793543631,-3.1705705398109436,0.2312296158287049,-4.8222630184274,-3.608742866672024,0.032239252734876635,0.029105100653439873,0.19078994884282632,0.4411135273696619,0.010898517767501207,0.7505598790450138,1.6049269263573862e-07,9.648164227549216e-07,7.44785798589831e-08,0.023124869293043512,0.020969940691227974,0.016831790052125484,0.0048317900521254835,0.00382883332145445,0.012094154969896659,0.06829716266795582,0.0036401357266384617,0.00018720755799560106,0.003827343284634063,0.6504995825621952,0.6721698357786228,-0.0009088017607743193,-0.001002956730671023,-0.0009087745533767046,-9.415496989665859e-05,-0.0009087745533767046,-0.001002929523273363,0.19043769008307254,1.38393184067017,-3.817818760871887,1.651692478616456,-5.0862630184274,-0.002826114996228757,-0.0028258765907834167
research_sigma_high,23.0,1.6380606025312232,0.4990450689396996,0.27600000000000013,0.47120395630333617,-0.20305066052210083,-3.5185147200175746,-4.017559788957274,-3.1613168392726405,0.24332097429547458,-4.805496752207136,-3.598053664046177,0.03215083555803928,0.02999696238992843,0.19137055181255566,0.44101145874870823,0.011234523961611774,0.7502238728509032,7.17854806486784e-07,1.7507784688675088e-07,1.3546461036240132e-08,0.022677775645544934,0.02091716179776898,0.01670551474260229,0.00470551474260229,0.0036872784130771302,0.012088689337457478,0.0678652258021486,0.0034943984816688607,0.0001914800518409961,0.003685878533509857,0.6499020351987479,0.6714910329787455,-0.0009295469920676536,-0.0010182363295251629,-0.0009295148147621172,-8.868933745747806e-05,-0.0009295148147621172,-0.0010182041522195954,0.19520395630333603,1.3947396282357487,-3.7618356943130493,1.6441799129344958,-5.081496752207136,-0.002669634808813104,-0.002669042083551971
research_sigma_high,24.0,1.6605254517356758,0.5199364698924775,0.28800000000000014,0.48784871956827724,-0.19943199166763875,-3.450858693438885,-3.9707951633313625,-3.15190980942857,0.25540699450361987,-4.788851988942195,-3.5872595170459323,0.03206757739056964,0.03090840874104681,0.1919311892629102,0.4409071487774135,0.011578053842753767,0.7498803429697611,-4.0550846014397735e-07,-2.2063409943484658e-07,-1.7109469785392406e-08,0.022256013282537818,0.020865880989876476,0.016588431559917155,0.004588431559917155,0.0035541176374053046,0.012083476044709537,0.06745499894815188,0.0033569372884833327,0.00019586544804324946,0.003552802736526582,0.6492913661434986,0.6708023731585377,-0.000950837877802424,-0.0010343139225119091,-0.0009508031458410172,-8.347604470953715e-05,-0.0009508031458410172,-0.0010342791905505544,0.1998487195682771,1.4051184572320559,-3.706265687942505,1.6369421795136252,-5.076851988942195,-0.0025194587926318235,-0.0025198037148934545
research_sigma_high,25.0,1.682580554830206,0.5407773128036089,0.30000000000000016,0.5043808194231705,-0.19594242524729022,-3.383604722121271,-3.9243820349248795,-3.142355756857904,0.26748792638489366,-4.772319889087302,-3.5763642702094094,0.031989237628612555,0.031839840815425624,0.19247289623672714,0.4408005515511235,0.011929238753382844,0.7495291580591321,-7.041678288244313e-07,8.649223701695519e-07,6.721617046290262e-08,0.02185804309404056,0.020816041231835086,0.016480059823504534,0.0044800598235045334,0.0034288239629324813,0.012078573231831369,0.06706385803712922,0.0032272250545290334,0.00020036048853925222,0.0034275855430682856,0.6486673066536647,0.6701034036693868,-0.0009726626287407392,-0.0010512358605720695,-0.0009726237307730694,-7.857323183136852e-05,-0.0009726237307730694,-0.001051196962604438,0.20438081942317032,1.4150926284453123,-3.6510926485061646,1.6299641322293978,-5.072319889087302,-0.002377495760783388,-0.002377588102360429
research_sigma_high,26.0,1.704248994935168,0.5615689979922063,0.31200000000000017,0.5208088392152863,-0.1925743437417738,-3.3167309773646267,-3.878299975356833,-3.1326648009501366,0.2795641409672826,-4.755891869295186,-3.565374847253356,0.0319154582811151,0.032791774616798545,0.19299699975294826,0.4406916080160775,0.012288286166333881,0.749170110646181,-5.937701976765908e-07,-3.595094533181964e-08,-2.7996647500305727e-09,0.021482461707051675,0.02076755790667008,0.01637999857694389,0.004379998576943888,0.0033109634036630475,0.012073934443383838,0.06669443882265624,0.0031048139970103867,0.00020498181857030965,0.0033097958155806962,0.6480295110067449,0.6693935117031561,-0.000995100729896975,-0.00106903517328083,-0.0009950573717005327,-7.393444338383778e-05,-0.0009950573717005327,-0.0010689918150843705,0.20880883921528615,1.4246848539678854,-3.596295118331909,1.6232270683450496,-5.067891869295186,-0.002242480866522012,-0.002241928230382207
research_sigma_high,27.0,1.7255525004036663,0.5823128654359143,0.3240000000000002,0.5371408165770583,-0.18932049843996412,-3.2502158444759583,-3.8325287099118728,-3.122840718590948,0.29163579527166134,-4.739559891933414,-3.5542931104863618,0.03184608837140178,0.03376475845523336,0.19350430567253687,0.4405802554212344,0.012655422158809639,0.7488029746537053,-9.126353285315858e-07,-2.403499095304795e-07,-1.8754550884514387e-08,0.021127966560972544,0.020720395001703352,0.016287756650569363,0.0042877566505693625,0.0032001252952661152,0.012069492843569313,0.06634399225992071,0.0029892963267430664,0.00020972692488488472,0.003199023251627951,0.6473776118349935,0.6686722059987292,-0.0010181385117339348,-0.0010876313553032368,-0.0010180918683732273,-6.949284356931248e-05,-0.0010180918683732273,-0.0010875847119425398,0.21314081657705808,1.433916705132005,-3.5418516397476196,1.616719173342466,-5.063559891933414,-0.0021125139923683367,-0.002112493939962868
research_sigma_high,28.0,1.7465115488759364,0.6030102097853157,0.3360000000000002,0.553384352516425,-0.18617409315124156,-3.1840429928447853,-3.787053202630101,-3.112889828934873,0.30370312665442123,-4.723316355994047,-3.543123020790809,0.031780899035188,0.034759274635673666,0.1939957956423503,0.44046643856947293,0.013030825251198532,0.7484275715613163,-6.26387196445144e-07,-7.605575635949435e-08,-5.946093367681371e-09,0.020793351304475682,0.02067449780888734,0.01620294012796003,0.00420294012796003,0.0030958949221055188,0.012065286867397607,0.06600987457491714,0.002880261264235765,0.00021459188682343023,0.0030948531510591954,0.6467112859940986,0.6679389875180762,-0.0010417583384568496,-0.0011070452058544733,-0.001041708188463254,-6.528686739760634e-05,-0.001041708188463254,-0.0011069950558608604,0.21738435251642485,1.4428084222215152,-3.4877461194992065,1.610426527059174,-5.0593163559940475,-0.001988868005496691,-0.0019888497162510073
research_sigma_high,29.0,1.7671454541650278,0.6236622664996045,0.3480000000000002,0.5695466968329783,-0.1831287085957531,-3.118196095326124,-3.7418583618257286,-3.1028184546019415,0.31576636900645655,-4.707154011677494,-3.5318685727396555,0.03171966464567449,0.035775829916837296,0.19447243584880236,0.4403500994650731,0.013414687923051003,0.7480437088894639,8.681131723475843e-07,-2.7692840109949657e-07,-2.1690820528608157e-08,0.020477501215414404,0.02062981238191452,0.016125334137989167,0.004125334137989167,0.0029979418361273935,0.012061292431048615,0.06569742610185547,0.0027773488988407104,0.00021960483460796017,0.0029969537334486704,0.6460301939557189,0.6671933430511271,-0.001066099870813103,-0.0011273923018616794,-0.001066042886446409,-6.129243104861445e-05,-0.001066042886446409,-0.0011273353174950235,0.22154669683297812,1.4513790851585713,-3.4339624643325806,1.6043355570755522,-5.055154011677494,-0.0018709113386350396,-0.0018705495342656205
research_sigma_high,30.0,1.78747246866373,0.6442702256462487,0.3600000000000002,0.5856350207924034,-0.18017820947898677,-3.0526481406410744,-3.6969183662873233,-3.0926316516121433,0.32782571151651846,-4.691065687718069,-3.5205327217969398,0.03166220275518141,0.03681516809426392,0.19493509783017876,0.44023115298476756,0.013807361499169992,0.747651035313345,-8.754258058463193e-07,-7.996644948438103e-07,-6.274784350446261e-08,0.020179401121123194,0.020586295343914686,0.016054447646314918,0.0040544476463149175,0.0029059194776577535,0.01205746514159095,0.06539989692526715,0.0026802388732456404,0.00022474721227255895,0.0029049860855181993,0.6453338373768431,0.666434625616176,-0.0010910630270662414,-0.0011485281686571258,-0.0010910058848182477,-5.746514159095037e-05,-0.0010910058848182477,-0.001148471026409198,0.22563502079240316,1.4596467571472116,-3.3804738521575928,1.598434036105926,-5.0510656877180695,-0.0017573770825303203,-0.0017573913090005895
research_sigma_high,31.0,1.8075098419881013,0.6648352413701472,0.3720000000000002,0.6016555921256082,-0.17731686964043758,-2.9873963014755898,-3.652231542845737,-3.082333208767002,0.33988129928963845,-4.675045116384864,-3.50911754990328,0.03160837351729481,0.03787759460866002,0.1953844920367096,0.44010956417256447,0.014208894532026544,0.7472495022804884,-1.0930874638770405e-07,-2.4847546020723144e-07,-1.9531338824041455e-08,0.019898069767398177,0.02054391215766359,0.015989972119355378,0.003989972119355378,0.0028195134214188122,0.012053802564763877,0.06511594350638372,0.002588608176869319,0.0002300180279515428,0.002818626204820862,0.6446220116121977,0.6656625212193635,-0.0011166561331727443,-0.0011704586979366383,-0.00111659236869681,-5.3802564763876654e-05,-0.00111659236869681,-0.0011703949334606867,0.22965559212560793,1.4676285426984628,-3.3272776007652283,1.5927119076178622,-5.047045116384864,-0.0016482676714424382,-0.0016490547234822468
research_sigma_high,32.0,1.8272739056598348,0.6853584184872686,0.38400000000000023,0.6176149650311141,-0.17453918263614915,-2.922416253628307,-3.6077746721155757,-3.071928186955028,0.3519333166460462,-4.659085743479358,-3.4976260808309156,0.031557999034755396,0.03896386035064741,0.19582145949758625,0.4399852470932037,0.014619637245952404,0.7468387595665625,-8.007148104560713e-07,7.744395844611063e-07,6.097759047696272e-08,0.019632634496535142,0.02050262036739169,0.015931738969926224,0.003931738969926223,0.002738433903791193,0.01205034383656009,0.06484828719021296,0.0025021559177917673,0.00023543644915356845,0.0027375923669453357,0.6438942135650662,0.6648763817794952,-0.0011429612295748848,-0.0011933050661349642,-0.0011428953842406238,-5.0343836560089866e-05,-0.0011428953842406238,-0.0011932392208007137,0.2336149650311139,1.4753405890137885,-3.274349570274353,1.58715755652433,-5.043085743479359,-0.001544855271563783,-0.001545128837656163
research_sigma_high,33.0,1.8467801289975776,0.7058408238138341,0.39600000000000024,0.6335190700654606,-0.1718400018328552,-2.857699727095164,-3.563540550908998,-3.0614229193101297,0.36398198696275863,-4.643181638445012,-3.4860624568391314,0.03151086350880968,0.04007441998075179,0.1962469006517568,0.43985814971331394,0.015039734388214633,0.7464186624243003,-2.2280324962764553e-07,2.986567244622762e-07,2.3554166977968194e-08,0.019382260718008568,0.020462367956119613,0.01587942245516899,0.0038794224551689897,0.002662418471942679,0.012047045436813536,0.06459420224757406,0.0024206210427943605,0.00024099674841707817,0.0026616177912114386,0.6431501386128963,0.6640757385705034,-0.001169958546412747,-0.0012170039832262447,-0.0011698871282382441,-4.704543681353576e-05,-0.0011698871282382441,-0.0012169325650517799,0.23751907006546036,1.4827981420348189,-3.2216817140579224,1.581758719134882,-5.039181638445012,-0.0014458721008756559,-0.0014454144887163685
research_sigma_high,34.0,1.8660431905418353,0.7262834868973866,0.40800000000000025,0.6493738099414521,-0.1692143456922638,-2.793227849133159,-3.5195113360305452,-3.0508199311567794,0.3760274075196733,-4.62732689856902,-3.4744277404972097,0.031466873193839735,0.04120997635319259,0.1966614210890841,0.4397281915951346,0.015469496744723187,0.7459889000677917,-5.689254225504925e-07,-1.4078473409284697e-07,-1.1120988074875271e-08,0.019146186192902717,0.02042313199931851,0.015832798891323163,0.003832798891323163,0.002591247164847821,0.01204384359173738,0.06435496600918733,0.0023437730583845615,0.00024671248015189297,0.0025904855385364546,0.6423893158433609,0.6632600352676704,-0.0011977081347379626,-0.0012415517264753317,-0.0011976333987955975,-4.384359173737959e-05,-0.0011976333987955975,-0.001241476990532977,0.24137380994145186,1.490015783022162,-3.169255256652832,1.5765069674122407,-5.0353268985690205,-0.0013494149798871646,-0.0013496954383724787
research_sigma_high,35.0,1.8850770239937298,0.74668741263482,0.42000000000000026,0.6651846678481069,-0.16665750750315955,-2.728989795076789,-3.475677207711609,-3.040121749269904,0.3880696741462334,-4.611516040662366,-3.462723059529863,0.03142593570071912,0.04237108949466205,0.19706559914983257,0.43959530864672197,0.015909133900242057,0.7455492629122729,-7.85006463832616e-07,8.595736955552269e-07,6.800548588148381e-08,0.018923688470716016,0.020384889434871614,0.01579161505418092,0.0037916150541809183,0.00252464382623635,0.012040819212621262,0.06412663607282032,0.002271346855171269,0.0002525711990904059,0.002523918054261675,0.6416113700385764,0.6624288153975638,-0.0012261520153233063,-0.0012669712279445855,-0.0012260737819922622,-4.081921262126184e-05,-0.0012260737819922622,-0.001266892994613524,0.24518466784810666,1.4970073498474963,-3.1170594692230225,1.571394291392462,-5.031516040662366,-0.0012580256016792024,-0.001257672598291782
research_sigma_high,36.0,1.9038948684281676,0.767053570627411,0.4320000000000003,0.6809570400498139,-0.1641650580397911,-2.664974576987518,-3.432028147614929,-3.029335982360138,0.4001090459449158,-4.595743668460658,-3.4509536201145448,0.03138780044692871,0.043558340364578584,0.1974604142966116,0.4394594343804982,0.016358867275151408,0.7450995295373635,-1.2566447094020106e-07,-8.467915091348033e-07,-6.70954487802522e-08,0.018714102597270715,0.020347580385594095,0.015755722246240556,0.0037557222462405553,0.0024624283951334425,0.012037909032470151,0.06391183138049272,0.0022031438763841864,0.00025859202496125695,0.002461735901345443,0.6408159119557323,0.6615815000589628,-0.0012553848186369898,-0.0012932938511071579,-0.0012553010920449371,-3.790903247015073e-05,-0.0012553010920449371,-0.0012932101245150878,0.24895704004981367,1.5037858224832519,-3.065083622932434,1.5664076861005203,-5.0277436684606585,-0.0011698002799689355,-0.0011691345440263297
research_sigma_high,37.0,1.9225093215889382,0.7873828957770135,0.4440000000000003,0.696696112340588,-0.16173265071289267,-2.6011661323158037,-3.388549028092817,-3.018461349829842,0.4121454922111737,-4.580004596169885,-3.4391175153751523,0.03135249750547691,0.04477245918237243,0.19784613132930803,0.4393204852269063,0.016819015789742407,0.7446393810227725,-3.167682895988122e-07,-4.7189818963566665e-07,-3.744584123333006e-08,0.018516807166850224,0.02031121076772419,0.015724887631252904,0.0037248876312529038,0.002404410105362298,0.012035070523140984,0.06370916829955386,0.0021389730924240495,0.0002647759696094198,0.0024037490620334692,0.6400024523478104,0.6607175992294773,-0.00128540700274965,-0.0013204775258906787,-0.0012853202408224266,-3.507052314098355e-05,-0.0012853202408224266,-0.0013203907639634102,0.25269611234058775,1.5103638293777646,-3.0133116245269775,1.561543246340043,-5.024004596169885,-0.0010834702407138685,-0.0010839325794716921
research_sigma_high,38.0,1.9409323807641214,0.8076762978799469,0.4560000000000003,0.7124068153123198,-0.1593562378290665,-2.5375562403884104,-3.345232538268357,-3.0075029228415655,0.4241791869911978,-4.564293893198153,-3.427217972497237,0.03131985859108201,0.04601401608336628,0.1982235024107351,0.4391783959371258,0.017289786049785,0.7441686107627299,1.3519029407049743e-07,7.788600719926819e-08,6.189248280552562e-09,0.01833121698700864,0.020275739883458495,0.01569897583826546,0.0036989758382654607,0.0023503704403953496,0.012032384837521337,0.06351738687838426,0.0020786146093308097,0.00027112251814658043,0.00234973712747739,0.6391706092241445,0.6598365981721157,-0.0013162205603487742,-0.0013486053978701007,-0.0013161287288668956,-3.238483752133689e-05,-0.0013161287288668956,-0.0013485135663882325,0.25640681531231946,1.5167531937729237,-2.961735427379608,1.5567909703565874,-5.020293893198153,-0.0010015769353972637,-0.0010017650425252385
research_sigma_high,39.0,1.9591754791728502,0.8279346633572364,0.4680000000000003,0.728094064017119,-0.15703190983210197,-2.474131358559035,-3.3020660219162714,-2.9964645037006363,0.43621026188621637,-4.548606644493353,-3.4152571869878217,0.03128975648967375,0.0472837326005308,0.19859318299715725,0.43903308393571705,0.017771484761202144,0.7436869120513128,2.087017071383812e-07,-9.568393410930298e-08,-7.614237296227344e-09,0.018156795658602204,0.02024113697104376,0.015677845529184053,0.0036778455291840532,0.0023001642203763772,0.012029789193829604,0.06333776543970981,0.002021912133374958,0.0002776459564396803,0.0022995580898146385,0.6383198991576443,0.6589379057710356,-0.0013478921149780165,-0.0013776813088075546,-0.0013477959050469924,-2.978919382960396e-05,-0.0013477959050469924,-0.0013775850988765963,0.26009406401711865,1.5229652172866337,-2.9103416204452515,1.552142140792717,-5.016606644493353,-0.0009222161925230843,-0.0009224829115687012
research_sigma_high,40.0,1.9772495254832405,0.848158854027631,0.4800000000000003,0.7437625063706879,-0.15475590938831374,-2.410880709508991,-3.259039563536622,-2.9853473552266117,0.448238765378857,-4.532938202139785,-3.4032353580090042,0.03126214447085938,0.04858229313865638,0.19895560958278613,0.43888447089635374,0.018264389024554763,0.7431940077879602,-1.102936375563246e-07,6.113240982319468e-07,4.87140516258755e-08,0.017993034452557108,0.020207389889232184,0.015661300428327585,0.0036613004283275845,0.002253611459558741,0.012027303091773467,0.06316764127422281,0.0019686913490586017,0.00028433892753482973,0.0022530302765934314,0.6374498635971002,0.6580210115242318,-0.001380385876995377,-0.00140768896876875,-0.0013802860559943197,-2.7303091773466653e-05,-0.0013802860559943197,-0.0014075891477677864,0.26376250637068754,1.5290107601043834,-2.859119474887848,1.547590846913173,-5.012938202139785,-0.0008460241634757892,-0.0008459224907898973
research_sigma_high,41.0,1.9951649457739593,0.8683497091090174,0.4920000000000003,0.7594166648737741,-0.1525246869129845,-2.3477960760105896,-3.216145785119607,-2.974156552027588,0.4602648680697633,-4.517284043636698,-3.3911557511438457,0.0312368574760194,0.04991033736471274,0.1993115160896465,0.4387324836127051,0.018768742046542154,0.7426896547659728,1.1652013809371198e-07,-2.990293062055116e-07,-2.3860511622064706e-08,0.01783945810552709,0.02017445897954241,0.01564920736708797,0.003649207367087969,0.002210568018451625,0.012024905183236484,0.06300699303380708,0.0019188024643559,0.00029120768892275357,0.0022100101532786533,0.6365600739656424,0.6570853555670706,-0.001413734165399888,-0.0014386393486364168,-0.001413629557877445,-2.490518323648369e-05,-0.001413629557877445,-0.0014385347411139287,0.2674166648737738,1.534900077704196,-2.808060944080353,1.54312749160911,-5.009284043636698,-0.0007723665452790129,-0.0007719286698152812
research_sigma_high,42.0,2.012931692094436,0.8885080433430955,0.5040000000000003,0.7750609211048638,-0.1503347733514105,-2.2848667234413766,-3.1733747667844723,-2.9628920883171697,0.47228857574532995,-4.501639787405608,-3.379017578690005,0.031213890081484834,0.05126859706487469,0.19966122396295335,0.4385770383359088,0.019284845709675088,0.7421735511028399,5.488949115228792e-07,-2.644268297657959e-07,-2.1127257610054073e-08,0.017695622227139857,0.02014234182902076,0.015641491043059008,0.003641491043059008,0.0021709089829017036,0.012022574149916504,0.06285714050466806,0.0018721058654837064,0.0002982670451546305,0.0021703729106383367,0.6356500399665339,0.6561304228649588,-0.0014480079102407728,-0.0014705820601573216,-0.001447898277449663,-2.2574149916503722e-05,-0.001447898277449663,-0.0014704724273661668,0.27106092110486346,1.5406431163491061,-2.7571552991867065,1.5387476990884386,-5.005639787405609,-0.0007006090051431269,-0.0007003269227443994
research_sigma_high,43.0,2.0305593022761683,0.9086346587502587,0.5160000000000003,0.7906996469598921,-0.14818286894718108,-2.2220817950012535,-3.1307164537515124,-2.951557770037874,0.4843100163695963,-4.4860010615505805,-3.366823096631802,0.031193118479830327,0.052657831744736726,0.20000536116706064,0.43841804814476903,0.01981301764068301,0.7416453791718319,6.699400408871625e-07,-8.631941028625079e-07,-6.905692548353493e-08,0.01756111726684753,0.020111008658197788,0.015638061551997207,0.0036380615519972063,0.0021345068300003545,0.012020309350412373,0.06271808304540438,0.0018284666124236024,0.00030552487579728186,0.0021339914882208843,0.6347192527310264,0.6551555989518558,-0.0014832453715844796,-0.0015035547219968137,-0.0014831304650353495,-2.0309350412372335e-05,-0.0014831304650353495,-0.0015034398154477218,0.2746996469598918,1.546249285906572,-2.7063918113708496,1.5344432915127064,-5.0020010615505806,-0.0006307521844692854,-0.0006309521080035026
research_sigma_high,44.0,2.048056906452558,0.9287303320187955,0.5280000000000004,0.8063370442088582,-0.14606575969140978,-2.159430557350568,-3.0881608893693633,-2.940153592686108,0.4963291944461547,-4.4703636643016145,-3.354571535481707,0.031174538449122213,0.05407882966408684,0.20034424061960024,0.4382554228273323,0.020353590738790613,0.7411048060737243,-1.427437832379752e-07,1.354202394665549e-07,1.084759607139496e-08,0.01743555642926045,0.020080457460198653,0.015638702627925993,0.003638702627925993,0.0021012097352821335,0.012018130531382815,0.06258581708915267,0.0017877505462996202,0.00031296450523338957,0.0021007150515330096,0.6337671841250617,0.6541603305001285,-0.0015193623612611007,-0.0015374928926439324,-0.0015192451710358723,-1.813053138281437e-05,-0.0015192451710358723,-0.0015373757024186867,0.27833704420885785,1.551727712006403,-2.6557597517967224,1.5302100716155063,-4.998363664301615,-0.0005634319876908211,-0.000563716842638274
research_sigma_high,45.0,2.065433266907797,0.9487958227844139,0.5400000000000004,0.8219770522157441,-0.1439804494766168,-2.096910160822948,-3.045705983607362,-2.9286846340132557,0.5083462774323619,-4.454723656294728,-3.3422662340031906,0.03115798787575915,0.05553217443223898,0.20067856388319696,0.43808909559275483,0.020906753550458686,0.7405516432620562,7.877842626013987e-07,-2.934842082691347e-07,-2.3538414495316573e-08,0.01731856613333485,0.02005064936166914,0.015643486564783093,0.003643486564783093,0.0020709314263661627,0.012016037103679517,0.06246436536028677,0.0017498345797862603,0.00032061672505528737,0.0020704513048415475,0.6327934431303998,0.6531440990497144,-0.0015565180347374141,-0.00157255513841692,-0.0015563918692004248,-1.6037103679516357e-05,-0.0015563918692004248,-0.0015724289728799412,0.28197705221574376,1.557086989475435,-2.60525643825531,1.5260390222814726,-4.994723656294728,-0.0004986490039560199,-0.0004983762879492322
research_sigma_high,46.0,2.0826967910308882,0.9688318766054019,0.5520000000000004,0.8376240173384244,-0.14192389683867745,-2.0345018266299943,-3.003333703235396,-2.9171508906940202,0.5203612686535137,-4.439076691172048,-3.329906376497213,0.03114346364202652,0.05701893768069022,0.20100866109307816,0.43791894379876545,0.021473026335004128,0.7399853704775108,-8.837105185399707e-07,-4.100117747540821e-07,-3.292480429961664e-08,0.017209829612537697,0.020021583314217405,0.015652211369986013,0.003652211369986013,0.002043562053636594,0.012013987619287902,0.06235100420177697,0.0017146278577724323,0.0003284742342105864,0.0020431020919830186,0.6317973117539375,0.6521061561177317,-0.001594661697061489,-0.0016086493163493532,-0.0015945351175271191,-1.3987619287902237e-05,-0.0015945351175271191,-0.0016085227368150214,0.285624017338424,1.5623355223773745,-2.5548630952835083,1.5219258004780274,-4.991076691172048,-0.000435133379094621,-0.00043491273728717486
research_sigma_high,47.0,2.0998555557466267,0.9888392281972103,0.5640000000000004,0.8532814749557162,-0.13989332536934362,-1.9722081524193942,-2.9610473806166047,-2.905554900771445,0.5323742526709377,-4.423419233554756,-3.3174933338107944,0.03113088391020955,0.05853958940462435,0.20133500346967484,0.43774491365702634,0.022052509907287014,0.7394058869052279,-3.6447181717136345e-07,-7.347678234737032e-07,-5.907505284952208e-08,0.017109002723255287,0.019993238742760686,0.01566473163336085,0.003664731633360851,0.002018981210880233,0.012012002033076341,0.06224307135947704,0.0016820102277590523,0.00033652459543715536,0.0020185348231962076,0.6307784750989016,0.6510461161613122,-0.0016337483894043048,-0.0016457504224805797,-0.0016336145409570654,-1.2002033076340818e-05,-0.0016336145409570654,-0.0016456165740334062,0.28928147495571577,1.567481303075689,-2.504582405090332,1.517864332783311,-4.987419233554756,-0.00037352080933095166,-0.0003732307883996151
research_sigma_high,48.0,2.1169173347495436,1.0088185956731357,0.5760000000000004,0.8689534806051461,-0.137885934416917,-1.9100156839110403,-2.9188342795841757,-2.893897932312682,0.5443852727196664,-4.407747227905326,-3.3050273495243703,0.031120206866507842,0.060095096857302695,0.2016580044486404,0.43756689447077535,0.02264564407337238,0.7388127527391426,9.42708522355673e-08,-9.900536370732738e-07,-7.969539589369745e-08,0.017015801198990224,0.01996560549438534,0.01568116790531021,0.0036811679053102113,0.001997145926502214,0.012010039073098222,0.06214588997947024,0.0016519015015443608,0.000344811820080996,0.0019967133216253568,0.6297362851056071,0.6499632767331769,-0.0016739829057097477,-0.0016840219788079591,-0.001673843786800952,-1.0039073098221801e-05,-0.001673843786800952,-0.0016838828598991738,0.2929534806051457,1.572532062029877,-2.454400956630707,1.5138492955926441,-4.983747227905327,-0.0003125412644262582,-0.0003131239476942167
research_sigma_high,49.0,2.133889606304496,1.028770683457572,0.5880000000000004,0.8846438107663366,-0.1358990335163392,-1.8479163724604537,-2.8766870559180258,-2.8821799833002975,0.5563943308171342,-4.392056897744136,-3.2925077026996226,0.031111430619159143,0.061686296199465765,0.20197795483415096,0.43738479054606116,0.02325277343155205,0.7382056233809628,4.745427233388e-07,4.305987131303368e-07,3.4702563961319655e-08,0.016929945911878033,0.019938682281944443,0.015701416525905787,0.0037014165259057867,0.0019779359171677724,0.012008159525539852,0.06205683863892786,0.0016241895074915998,0.00035332635261176455,0.0019775158601033644,0.6286701815463579,0.6488570527239306,-0.0017153210831981625,-0.001723480608738115,-0.001715176468989149,-8.159525539851858e-06,-0.001715176468989149,-0.001723335994529001,0.29664381076633617,1.5774952754873617,-2.404310703277588,1.5098769144438386,-4.980056897744136,-0.0002541009114718218,-0.0002544553084297581
research_sigma_high,50.0,2.150779591825041,1.0486961845199119,0.6000000000000004,0.9003563136569577,-0.13393006258258144,-1.7859020066331845,-2.8345981911530966,-2.8704061341356257,0.5684015917707461,-4.376344394853515,-3.279937706958838,0.03110439553866101,0.06331404955592768,0.20229556287377912,0.43719850321748827,0.023874257207906275,0.7375841396046087,6.214464636222772e-07,-2.8125972106884944e-07,-2.2693732421030788e-08,0.01685118344296467,0.019912431813148845,0.015725414204678323,0.0037254142046783227,0.001961288976785991,0.012006322210367792,0.06197587615781652,0.00159880420675697,0.00036207645104042893,0.001960880657797399,0.6275795867975283,0.6477267353756171,-0.0017578030175246229,-0.0017641252278924047,-0.001757652674953539,-6.322210367792208e-06,-0.001757652674953539,-0.0017639748853213312,0.30035631365695725,1.5823780000542949,-2.3543035984039307,1.505938260717889,-4.976344394853515,-0.00019692962831641125,-0.0001971637488936591
research_sigma_high,51.0,2.16759426015054,1.0685957772100638,0.6120000000000004,0.9160946391756932,-0.13197645556276721,-1.7239646201448207,-2.7925603973548845,-2.8585738425569303,0.5804069752378698,-4.3606060693347795,-3.2673146262895574,0.031099179506988043,0.0649792457710265,0.20261090850989402,0.43700793076176025,0.024510466795226817,0.7369479300172881,3.7647857387135275e-07,8.988398674247833e-07,7.260815265697218e-08,0.016779267362663053,0.019886871288542517,0.01575307005083626,0.0037530700508362595,0.0019471226192474822,0.012004526747637412,0.06190166105168404,0.0015756644029584616,0.00037106072197877097,0.0019467251249372325,0.6264639053334121,0.6465717564514442,-0.001801420683951338,-0.001805947431588656,-0.0018012656406736463,-4.526747637411538e-06,-0.0018012656406736463,-0.0018057923883110579,0.3040946391756928,1.5871872849126702,-2.3043715953826904,1.5020322267778492,-4.9726060693347796,-0.00014102779490410278,-0.00014117518765870488
research_sigma_high,52.0,2.1843403420376095,1.0884701389104146,0.6240000000000004,0.9318624537586302,-0.13003581734408648,-1.6620986845298165,-2.750568823440231,-2.846688189725434,0.5924106452660209,-4.344838254751842,-3.2546417961804224,0.031095623607176034,0.06668270843124965,0.20292469004254896,0.4368129789239792,0.025161725279118537,0.7362966715333964,5.876540702942634e-07,1.3525788045143372e-08,1.0938727978970775e-09,0.01671397133250134,0.019861963617591835,0.015784417332421974,0.0037844173324219736,0.001935380060403391,0.012002772829131536,0.061835534116820745,0.0015546955061120353,0.00038029699955657495,0.0019349925056686102,0.6253225853510627,0.6453914344768502,-0.0018462644428869912,-0.0018490372720186,-0.001846101939595025,-2.772829131535842e-06,-0.001846101939595025,-0.0018488747687265608,0.30786245375862975,1.5919296967715886,-2.2545093297958374,1.4981500650264081,-4.968838254751843,-8.639571945234792e-05,-8.63427883848085e-05
research_sigma_high,53.0,2.201024348749219,1.108319928175022,0.6360000000000005,0.9476634738405372,-0.12810569544196043,-1.6002935519111792,-2.708613480086201,-2.834746633995835,0.6044125208961328,-4.3290372346699355,-3.2419164572917554,0.031093806299247788,0.068425470357194,0.20323699594575204,0.4366135295035656,0.02582849461845657,0.7356299021940583,-2.005512342861948e-07,7.929777323667508e-07,6.42041162457474e-08,0.016655089787434546,0.019837726488504157,0.015819374797943986,0.0038193747979439856,0.001925990446358966,0.012001060134718189,0.06177615392858715,0.001535829785396398,0.00038978452567405534,0.0019256143110704532,0.62415493486068,0.6441851016316765,-0.0018923242168668308,-0.0018933843515849813,-0.001892157891621629,-1.0601347181886378e-06,-0.001892157891621629,-0.0018932180263398176,0.3116634738405367,1.5966118278530863,-2.204706072807312,1.4942906006741006,-4.965037234669936,-3.303372209351174e-05,-3.260609477394663e-05
research_sigma_high,54.0,2.2176525935657394,1.1281458001598503,0.6480000000000005,0.9635012033545182,-0.12618383645136855,-1.5385463766726422,-2.6666921768324925,-2.822754257169621,0.6164127655354573,-4.313199505155954,-3.229141963698771,0.03109356926666217,0.07020831046658692,0.20354851588284728,0.43640949335771284,0.02651105719996067,0.7349473396125542,-1.2189245479632405e-07,-8.41728850842216e-07,-6.822908346637568e-08,0.01660241874034271,0.019814123072042236,0.015857853527579846,0.0038578535275798458,0.0019188941732853626,0.011999368000223831,0.061722158718302444,0.0015190067442392306,0.00039952019131555427,0.001918526935554785,0.6229604319873867,0.6429521078891856,-0.00193959135407068,-0.0019389593542944172,-0.0019394184044444387,6.319997761690399e-07,-0.0019394184044444387,-0.0019387864046682697,0.3155012033545177,1.6012398280302822,-2.1549591422080994,1.4904452479863335,-4.961199505155955,1.9693184092339777e-05,2.0065181009120553e-05
research_sigma_high,55.0,2.2342311959881322,1.1479483990166894,0.6600000000000005,0.9793791808956969,-0.1242679070953897,-1.4768492344745743,-2.624797633491264,-2.8107072476276502,0.6284112568965805,-4.297321527614775,-3.2163145712626813,0.031095030995468956,0.0720322180244595,0.20385922381821592,0.4362007572705341,0.027209834340582866,0.734248562471932,4.168421254835408e-07,4.898389827090455e-08,3.975059004179826e-09,0.016555771771545838,0.019791180059077502,0.015899953172041792,0.0038999531720417917,0.0019140669957032341,0.011997675766959703,0.061676210036292645,0.0015041716815134246,0.0004095342957747663,0.0019137059772881908,0.6217384139236121,0.6416918416285927,-0.001988210409378882,-0.001985886176338575,-0.0019880305620134297,2.324233040296858e-06,-0.0019880305620134297,-0.001985706328973133,0.3193791808956964,1.6058199390915517,-2.105260491371155,1.486614279987125,-4.957321527614775,7.241999150808809e-05,7.181918063532342e-05
research_sigma_high,56.0,2.2507661005625144,1.167728374637132,0.6720000000000005,0.9953011096986017,-0.12235570245996208,-1.4151939566000569,-2.5829223312371887,-2.7986094171866047,0.6404081170693767,-4.281399598811871,-3.203436569513673,0.031098073184872514,0.07389821233461631,0.20416972634832548,0.43598720458837165,0.027925265095826757,0.7335331317166882,8.918467668816987e-07,3.5989289459692486e-07,2.92384978173299e-08,0.016514987197252876,0.019768870355359198,0.015945731596424317,0.003945731596424317,0.0019114359293694316,0.011996064731762401,0.06163838917939424,0.0014912444136118566,0.00041983704486660674,0.0019110814584784633,0.620488197735807,0.6404035130525652,-0.002038230935292429,-0.002034295667054875,-0.002038043907119451,3.935268237598849e-06,-0.002038043907119451,-0.002034108638881852,0.32330110969860126,1.6103579834931376,-2.0556020736694336,1.482790181625266,-4.953399598811871,0.00012260539262043402,0.00012285973768545386
research_sigma_high,57.0,2.2672630851892284,1.187486349720802,0.6840000000000005,1.0112706440885455,-0.12044503523665084,-1.3535724561157858,-2.5410588058365877,-2.7864620368424093,0.6524033863601053,-4.265430064421927,-3.1905082273720207,0.031102656767359002,0.07580734349951233,0.20448042220446974,0.43576871513283355,0.028657804918854373,0.7328005918936605,7.402504305087376e-07,-4.597062315259137e-07,-3.738979040268653e-08,0.016479913102239924,0.019747185184776864,0.0159950751662592,0.003995075166259198,0.001910975629705769,0.011994453101504432,0.061607273249972394,0.0014802018002427124,0.00043042739799374104,0.0019106291982364534,0.6192090798553267,0.6390863636692303,-0.0020896464350489974,-0.0020840995365534742,-0.002089453388319132,5.546898495568248e-06,-0.002089453388319132,-0.0020839064898235636,0.327270644088545,1.614859698829123,-2.005975842475891,1.4789680275795174,-4.949430064421927,0.00017279019867233458,0.00017312390684766019
research_sigma_high,58.0,2.2837277853357394,1.2072229563189598,0.6960000000000005,1.0272912600311201,-0.11853375120055054,-1.291979410100112,-2.499202366419072,-2.77426383678926,0.6643970232723856,-4.249409448479352,-3.1775278236995987,0.031108821926530632,0.07776058631493143,0.20479149051729173,0.4355451773439578,0.02940785020657722,0.7320505466059377,5.51733452036629e-07,-3.07523456033465e-07,-2.5040396173237056e-08,0.016450396977259668,0.019726133460876885,0.016047923181932044,0.004047923181932044,0.0019126361350054188,0.011992840639459934,0.06158152090679392,0.0014709935914739122,0.00044130291085963405,0.0019122965023335462,0.6179004071689959,0.6377397391496752,-0.0021424464074667193,-0.0021352870469266427,-0.002142247140095312,7.15936054006619e-06,-0.002142247140095312,-0.002135087779555246,0.33129126003111964,1.619330762063354,-1.9563764333724976,1.4751456116900923,-4.945409448479353,0.00022297417293781763,0.00022265091192120653
research_sigma_high,59.0,2.300165688741283,1.2269388264025862,0.7080000000000005,1.0433664904524096,-0.11661976296664,-1.230409414302198,-2.457348240704784,-2.7620160884965337,0.6763890676390252,-4.233334218058063,-3.164495642982473,0.031116530038848057,0.07975893784781175,0.20510332302990877,0.4353164771129726,0.030175808122708734,0.7312825886898062,8.530360531278092e-07,1.8681580238322226e-07,1.5228845406944913e-08,0.016426301583121417,0.019705706326359654,0.01610445814263295,0.004104458142632949,0.0019163943312349163,0.011991267909910508,0.06156385492315519,0.0014635611121596,0.00045249695479344004,0.00191605806695304,0.616561511641966,0.6363629174793203,-0.002196795901487525,-0.0021880638113979667,-0.002196587159191457,8.7320900894923e-06,-0.002196587159191457,-0.002187855069101965,0.33536649045240907,1.6237766211022577,-1.9067984819412231,1.4713181295615296,-4.9413342180580635,0.00027188657751309186,0.0002716694801631163
research_sigma_high,60.0,2.3165821658557335,1.2466345746675096,0.7200000000000005,1.059500176316386,-0.11470096253808071,-1.1688517002538017,-2.415486274921311,-2.749720063634234,0.6883795590922066,-4.217200532194086,-3.151411900585839,0.031125742668884553,0.08180364157225202,0.20541633840915352,0.43508247213117557,0.030962253320545637,0.7304961434919693,-1.6058944729557822e-07,1.2667124371645855e-07,1.0337669553717177e-08,0.01640751946206727,0.019685895743525195,0.016164539640331155,0.0041645396403311545,0.0019222015462576625,0.011989714307442056,0.06155157248462706,0.00145787570102632,0.00046399674404896284,0.0019218724450752829,0.615191560146591,0.6349550062783303,-0.002252623786631408,-0.0022423380940733983,-0.0022524113788784613,1.0285692557943787e-05,-0.0022524113788784613,-0.0022421256863205175,0.3395001763163855,1.628202606763527,-1.8572312593460083,1.4674804685598524,-4.937200532194087,0.00032016245807686694,0.00032013654781582954
research_sigma_high,61.0,2.332982457030177,1.266310820504966,0.7320000000000005,1.075695569733072,-0.11277535987412468,-1.1073062693329438,-2.37361708983791,-2.73737576358038,0.7003684962539093,-4.201005138777401,-3.138275917628242,0.03113646110883553,0.08389552648514904,0.2057308053157666,0.4348430675244774,0.03176746393801837,0.7296909328744966,2.766293687450627e-07,2.3863632403475776e-07,1.94972600564558e-08,0.016393914104132504,0.019666701639394553,0.016228177907415042,0.004228177907415042,0.0019300361592002324,0.011988159214168514,0.06154465297332379,0.0014538991136881165,0.0004758105754136448,0.0019297096891017613,0.6137899972549501,0.6335154256681127,-0.0023099825340462676,-0.0022981417482147992,-0.002309760074823519,1.1840785831485762e-05,-0.002309760074823519,-0.0022979192889920333,0.34369556973307136,1.632613960776268,-1.807674765586853,1.4636293751970206,-4.933005138777401,0.00036843684783560704,0.0003681055890145772
research_sigma_high,62.0,2.3493716949336867,1.285968177999663,0.7440000000000005,1.0919565321312161,-0.11084089021968024,-1.0457623943071541,-2.3317305723068174,-2.7249831899385626,0.7123558775205436,-4.184744176379256,-3.1250868857022094,0.03114868686236361,0.0860358927198188,0.20604704348396158,0.4345981144998429,0.03259204286045241,0.7288663539520626,3.2632946633803783e-07,7.891888860189766e-07,6.455235215807598e-08,0.016385397937467086,0.019648125173664283,0.01629556204921545,0.0042955620492154505,0.0019398939933382708,0.011986622835995941,0.06154579880416616,0.0014515957834854779,0.00048797599836516856,0.0019395717818506465,0.6123559518777213,0.6320432697712917,-0.0023690452198812384,-0.0023556680558772525,-0.002368815526044509,1.3377164004058778e-05,-0.002368815526044509,-0.00235543836204045,0.3479565321312156,1.637015817413143,-1.7581182718276978,1.4597609864406937,-4.928744176379257,0.00041607430160262027,0.0004157740625389088
research_sigma_high,63.0,2.3657549189327307,1.3056072666276806,0.7560000000000006,1.1082866938315028,-0.10889557188744814,-0.9842146717246115,-2.289821938352292,-2.7125436149771747,0.7243417419259012,-4.168414014678969,-3.111845047551812,0.031162382054999785,0.08822584551022435,0.20636545923179292,0.43434748656938543,0.033436450819337646,0.7280219459931773,4.165055436100573e-07,8.391144512565063e-07,6.871455227042134e-08,0.016381875469104565,0.019630158230478794,0.016366592829808346,0.004366592829808346,0.0019517246234912466,0.011985125418256803,0.06155234801347165,0.0014509275167797614,0.0005004781585275571,0.0019514056753073186,0.6108886835081496,0.6305377415091545,-0.0024297427880603517,-0.0024148682063171723,-0.0024295056239201814,1.4874581743196807e-05,-0.0024295056239201814,-0.0024146310421769845,0.35228669383150224,1.6414131770068296,-1.7085564136505127,1.4558703997017948,-4.92441401467897,0.0004624394136181209,0.00046314358282585275
research_sigma_high,64.0,2.382137082795357,1.3252286891269256,0.7680000000000006,1.1246897177908328,-0.10693744097269775,-0.9226576982802108,-2.2478863874071364,-2.7000583111113263,0.7363261283570572,-4.152010990719639,-3.098550632897926,0.031177508949753473,0.09046651412688575,0.20668646342977207,0.43409105449436747,0.0343011600323168,0.7271572367801982,9.448209858931023e-07,-6.191495296459237e-07,-5.076010248239449e-08,0.01638326021588915,0.01961279300435102,0.016441429940785235,0.004441429940785235,0.001965559657929883,0.011983605466208247,0.061566921315512446,0.0014518860673946982,0.0005133554040056758,0.001965241471400374,0.6093874355349864,0.6289980271560205,-0.002492264816647133,-0.0024758702828552304,-0.002492016524299398,1.639453379175329e-05,-0.002492016524299398,-0.0024756219905076446,0.35668971779083225,1.6458109544382997,-1.658983826637268,1.451952679608313,-4.92001099071964,0.0005094376424166214,0.0005103106249254689
research_sigma_high,65.0,2.398523057778484,1.3448330627097664,0.7800000000000006,1.1411695537130733,-0.10496445257158837,-0.8610808290935866,-2.205913891803353,-2.6875247396923414,0.7483089528583177,-4.135531154797399,-3.0852007834133746,0.031194148816328048,0.09275930283960657,0.20701017958418927,0.4338286575639117,0.03518682889512146,0.7262715679173934,7.511359934042616e-08,-9.068505661957715e-07,-7.44329282931222e-08,0.01638949130345771,0.01959604889911617,0.016519940582180426,0.0045199405821804255,0.001981365260822654,0.011982042290183237,0.06158681581160658,0.001454458174380576,0.0005265937039605241,0.0019810518783411,0.6078512670974635,0.6274231997616451,-0.002556533031174507,-0.002538575321357678,-0.002556280116313225,1.7957709816763395e-05,-0.002556280116313225,-0.0025383224064964615,0.3611695537130727,1.6502141049201664,-1.6093897819519043,1.4480064151050578,-4.915531154797399,0.0005577039494237823,0.0005572100605351175
research_sigma_high,66.0,2.414917648929667,1.3644210000851924,0.7920000000000006,1.1577295989551937,-0.10297471045105244,-0.7994840666569977,-2.16390506674219,-2.6749429032124787,0.7602902129374237,-4.118971109555279,-3.0717947674778845,0.031212303991227004,0.0951051499944364,0.20733689522074095,0.4335601883895256,0.03609378223637429,0.7253646145761407,4.914548528134333e-07,3.686282479264946e-07,3.029171261048624e-08,0.01640047662514728,0.01957992659711703,0.01660223110726755,0.004602231107267551,0.0019991043022326016,0.011980517462440443,0.06161211307401271,0.0014585865236932556,0.0005402029950505382,0.001998789518743794,0.6062795495037275,0.6258126027007648,-0.0026226093425945896,-0.00260312680503505,-0.002622344636167662,1.9482537559557117e-05,-0.002622344636167662,-0.002602862098608105,0.3657295989551931,1.6546274359922433,-1.5597742795944214,1.4440282063428,-4.9109711095552795,0.0006046973025282121,0.0006040225028023476
research_sigma_high,67.0,2.4313255883255356,1.383993115150343,0.8040000000000006,1.1743740159276084,-0.10096624396712317,-0.7378566029455612,-2.121849718095904,-2.662315345087285,0.7722699877831986,-4.102326692582864,-3.058333703104629,0.031231897673646973,0.09750552034034095,0.20766717121940428,0.4332854793388276,0.03702271136313331,0.7244356854493816,2.907746639024822e-07,4.427488851099781e-07,3.6425284344332454e-08,0.016416180705699362,0.019564410540036714,0.016688523403858624,0.004688523403858624,0.002018800081522276,0.011979030837789117,0.06164549516655499,0.001464259456410381,0.0005542263423640595,0.0020184857987744402,0.6046713013719714,0.6241651639024272,-0.0026906924845471747,-0.0026697233223363648,-0.0026904191376896105,2.096916221088277e-05,-0.0026904191376896105,-0.0026694499754787277,0.37037401592760777,1.6590556005423371,-1.5101265907287598,1.4400113474955787,-4.906326692582864,0.0006504175565391623,0.0006509232408140712
research_sigma_high,68.0,2.447751573815582,1.403550021098538,0.8160000000000006,1.191106645762911,-0.09893711028800789,-0.6761930763238877,-2.079743097422426,-2.6496420680994004,0.784248274613002,-4.085594062747561,-3.044816753682815,0.03125293247196684,0.09996165844798378,0.20800133541623858,0.43300438797761964,0.03797414509040895,0.723484251722106,-1.196704519923486e-07,-6.427403020925482e-07,-5.2941488803970316e-08,0.016436549974847267,0.019549502471472833,0.01677865341124596,0.004778653411245958,0.0020404464398763866,0.011977500315974166,0.06168419777996342,0.0014714863874281236,0.0005686474257674145,0.002040133813195538,0.6030256888398509,0.6224800147045614,-0.0027607066553953508,-0.002738206971369561,-0.002760424396929198,2.2499684025834715e-05,-0.002760424396929198,-0.002737924712903363,0.3751066457629103,1.66350329920258,-1.4604413509368896,1.435951994648161,-4.901594062747562,0.0006974052155714894,0.0006977605314931849
research_sigma_high,69.0,2.464200230586968,1.423092332291192,0.8280000000000006,1.2079313227501003,-0.0968853510873704,-0.6144882073856344,-2.037580539676826,-2.636920534656142,0.7962249884151469,-4.068769385760373,-3.0312410672577688,0.03127549064520479,0.102474833931608,0.20833950720895034,0.4327167690056049,0.038948622917431806,0.7225097738950831,-3.117503832861246e-07,-2.678829573721231e-07,-2.209152574761397e-08,0.016461536158066628,0.019535221890433392,0.01687269350793652,0.00487269350793652,0.002064034737535303,0.011975946117904701,0.06172824113514713,0.001480244713253436,0.0005834787682996148,0.002063723481553051,0.6013418612658226,0.6207563197366994,-0.0028327126524965718,-0.0028086587704012067,-0.002832421205337937,2.4053882095299156e-05,-0.002832421205337937,-0.002808367323242638,0.37993132275009966,1.6679752421718212,-1.4107131958007812,1.4318488511042307,-4.896769385760373,0.0007450248494416112,0.0007446240328659141
research_sigma_high,70.0,2.480676168664246,1.4426206731359488,0.8400000000000006,1.224852032778784,-0.09480904081293728,-0.5527365940535934,-1.9953572671895423,-2.624152018400517,0.8082001668488114,-4.051848675731689,-3.0176067738150323,0.03129953560645662,0.10504634139768387,0.20868213384131717,0.4324224742622651,0.03994669654330959,0.7215117002692053,1.2409913030531072e-07,1.5889284998849007e-07,1.3119297759267567e-08,0.01649110295995175,0.019521562029870872,0.016970931597472427,0.004970931597472427,0.0020895890473142664,0.011974408992364127,0.06178034818990441,0.0014905090093039158,0.0005987655159282681,0.002089274525232184,0.5996189512635517,0.6189931493828117,-0.0029069335577939226,-0.0028813425501580947,-0.00290662871809839,2.5591007635872992e-05,-0.00290662871809839,-0.002881037710462517,0.3848520327787833,1.6724760018154345,-1.3609367609024048,1.4276966573311718,-4.89184867573169,0.0007920059047481498,0.0007917535028438942
research_sigma_high,71.0,2.4971839621135676,1.4621356627981654,0.8520000000000006,1.2418731859450451,-0.09270617299274186,-0.49092751100582555,-1.953063173803991,-2.6113365228466456,0.8201738063998751,-4.034827522565427,-3.00391290215441,0.03132507064902362,0.10767778668663155,0.2090295948886011,0.43212131996808556,0.04096913257899963,0.7204892642335153,-6.492577167005464e-07,2.3692085071580493e-07,1.958579873284627e-08,0.016525245576718486,0.019508525900302085,0.017073238667395962,0.005073238667395962,0.0021170889808769244,0.011972868242868251,0.06183781603873617,0.0015022845201705778,0.0006144919586956207,0.0021167764788661983,0.5978558829199568,0.6171893839768593,-0.0029832814436507316,-0.0029561496865190273,-0.0029829706732797134,2.713175713174934e-05,-0.0029829706732797134,-0.002955838916147964,0.3898731859450445,1.6770101557136925,-1.3111013174057007,1.4234909997187817,-4.886827522565428,0.0008389833360993304,0.0008390607056421133
research_sigma_high,72.0,2.5137281657771635,1.48163792894258,0.8640000000000007,1.2589985101135759,-0.09057486285118344,-0.4290609619761211,-1.910698890918701,-2.5984740517283185,0.8321459033345479,-4.017702198396897,-2.9901586171603776,0.031352099271765764,0.11037024020028237,0.20938221545605498,0.43181318362152327,0.04201631007205934,0.7194420867404556,7.729139217538261e-08,4.153764443515229e-09,3.438098139518786e-10,0.01656391599601749,0.019496115308356758,0.017179684028475917,0.0051796840284759164,0.0021465498374308445,0.011971303074566175,0.06190062388679152,0.0015155622640789337,0.0006306702738905261,0.00214623253796946,0.5960519390658108,0.6153442738250875,-0.003061831116479008,-0.003033134191045117,-0.003061506183934594,2.8696925433824988e-05,-0.003061506183934594,-0.003032809258500769,0.39499851011357523,1.6815822624426158,-1.261206865310669,1.4192281466685785,-4.881702198396898,0.000886591999736952,0.0008865843536142275
research_sigma_high,73.0,2.530313311459283,1.50112810319045,0.8760000000000007,1.276232554001997,-0.08841307331788018,-0.3671262632322425,-1.8682543664226925,-2.5855633388471717,0.8441164125490075,-4.000468154508475,-2.9763419017897776,0.03138066503805484,0.11312536992073063,0.20974028518741605,0.43149787433129416,0.043089026475598306,0.7183693703369166,5.201621784411969e-07,2.5221309574163797e-07,2.090207096294705e-08,0.016607123218740277,0.019484342448989053,0.017290650172191002,0.005290650172191002,0.002178034329348766,0.011969713207342803,0.06197279476747769,0.0015303453037611668,0.0006473684012918581,0.002177713705053025,0.5942060021531104,0.6134566807676365,-0.003142902635499434,-0.0031126158428421424,-0.003142565054814847,3.028679265719772e-05,-0.003142565054814847,-0.0031122782621576493,0.4002325540019963,1.6861968989102754,-1.21124267578125,1.4149048156613033,-4.876468154508475,0.0009348316155461944,0.0009345815134934703
research_sigma_high,74.0,2.546943933927824,1.5206068247912419,0.8880000000000007,1.293579810457958,-0.0862187941924859,-0.3051153724411657,-1.8257221972324076,-2.572604388497226,0.8560853297492335,-3.9831208980525146,-2.9624617485587534,0.031410771970994386,0.11594474116523602,0.2101041961350718,0.4311752129555341,0.044188000542705656,0.7172703962698093,4.679541509844398e-08,5.043578694685635e-07,4.1851719562169265e-08,0.016654873254648844,0.019473210647823504,0.017405964290568843,0.0054059642905688425,0.0022114958601459067,0.011968139544155043,0.06205034627022926,0.0015466221244629544,0.0006645523945237413,0.0022111745189866954,0.5923170234192918,0.6115255118256944,-0.0032263288862678374,-0.0031944684304228976,-0.003225982497688066,3.186045584495714e-05,-0.003225982497688066,-0.003194122041843109,0.4055798104579572,1.6908586041785907,-1.1612007021903992,1.4105165095552885,-4.871120898052515,0.0009824317842979102,0.000982972570277029
research_sigma_high,75.0,2.563624573029864,1.5400747348728199,0.9000000000000007,1.3110444825831347,-0.08399008159758836,-0.243025570691784,-1.783100305564604,-2.559598475278576,0.8680526916373176,-3.965656225927338,-2.9485182061835618,0.031442384378731814,0.11882964473686687,0.21047442401234445,0.430845051769003,0.04531374874902788,0.716144648063487,2.8801364870822965e-07,-8.293588620311709e-07,-6.890933820780099e-08,0.01670715336842324,0.01946271402000463,0.01752568007366262,0.005525680073662619,0.0022469721370593776,0.011966520004349834,0.06213321631439317,0.0015644090101442235,0.0006822366023498977,0.002246645612494121,0.5903841380262992,0.6095498383414241,-0.003312187932253463,-0.0032787079366033423,-0.0033118281667470773,3.3479995650165933e-05,-0.0033118281667470773,-0.0032783481710969113,0.411044482583134,1.6955718813925462,-1.1110782623291016,1.406057750648762,-4.865656225927339,0.0010312973786172908,0.001031735799543864
research_sigma_high,76.0,2.580359770439646,1.5595324837509132,0.9120000000000007,1.3286311706052831,-0.08172484991836715,-0.18084893981237937,-1.7403814235632926,-2.5465417937399915,0.8800183697579331,-3.948069537905189,-2.9345072212495924,0.031475626525922396,0.12178170103177362,0.21085105761847042,0.43050720532636366,0.046467014013512074,0.7149913827990029,7.065472578116072e-07,-3.7248398387923487e-07,-3.098934481249316e-08,0.016763978072711933,0.019452882600117297,0.01765010912534315,0.0056501091253431494,0.002284517450919288,0.011964854262729696,0.062224086783786825,0.0015837108572941381,0.0007004749415371938,0.002284185798831332,0.5884062603087116,0.6075286037439719,-0.0034007374116942213,-0.0033655916744239345,-0.0034003637938698743,3.514573727030415e-05,-0.0034003637938698743,-0.00336521805659957,0.41663117060528243,1.7003414006817128,-1.0608673095703125,1.4015277441651977,-4.86006953790519,0.0010814280733071335,0.0010810742235045738
research_sigma_high,77.0,2.597154072731749,1.5789807251738601,0.9240000000000007,1.346344700833821,-0.07942104669574979,-0.11857739712421034,-1.6975581222980705,-2.5334356191319616,0.891982400162777,-3.9303560076766515,-2.920428697408367,0.03151046332899844,0.12480256735626757,0.21123462855418998,0.43016148395811604,0.04764856221868123,0.7138098345938337,7.415596101623123e-07,-1.2165925689089363e-07,-1.0135102035402355e-08,0.01682537760226188,0.019443711779678855,0.017779403156812035,0.0057794031568120345,0.0023241463363040116,0.011963183169457492,0.06232299852857309,0.0016045241628254486,0.0007192872528730419,0.0023238114156984907,0.5863822798713006,0.6054606246825114,-0.0034920736510504757,-0.0034552568205078737,-0.003491685693558457,3.681683054250831e-05,-0.003491685693558457,-0.003454868863015949,0.42234470083382025,1.7051716725689718,-1.0105597972869873,1.39692038854469,-4.854356007676652,0.0011315534163445218,0.0011311104842040114
research_sigma_high,78.0,2.6140120711069708,1.598420135033393,0.9360000000000007,1.3641899769189072,-0.07707655724575913,-0.05620294275523319,-1.6546230777886262,-2.5202786869073024,0.9039447360968481,-3.9125107315915653,-2.9062805086259655,0.03154693989582688,0.12789393776894636,0.21162546611459837,0.429807693788665,0.04885917712855239,0.7125992196839626,-7.735523466223526e-08,5.133802973844581e-07,4.282621413054244e-08,0.016891385386667387,0.019435214625237097,0.017913458819767802,0.005913458819767802,0.002365851389028617,0.011961506513086029,0.062427269128289886,0.0016268600282818484,0.0007386547840524932,0.0023655148123343417,0.584311061694806,0.6033447420073759,-0.0035861009176530456,-0.003547607430739008,-0.003585702835206279,3.84934869139715e-05,-0.003585702835206279,-0.0035472093482923077,0.4281899769189065,1.7100673350101228,-0.9601476788520813,1.3922320446842629,-4.848510731591566,0.0011816731962830396,0.0011817560417105681
research_sigma_high,79.0,2.630938386363934,1.617851378906987,0.9480000000000007,1.3821716184733566,-0.07468934391769255,0.006277141132369435,-1.6115742377746176,-2.5070722727393955,0.915905413188949,-3.894529090037116,-2.8920625831946274,0.03158502153756859,0.13105720342103214,0.21202409016333615,0.4294456756084819,0.05009941957699372,0.7113589772355212,1.4102768730595017e-08,-2.8735011192715376e-07,-2.400377477340676e-08,0.01696201488677053,0.01942738635846177,0.018052363689300965,0.006052363689300965,0.0024096735637897937,0.01195978251762092,0.06253685680694282,0.001650736681819371,0.0007585938456648447,0.0024093305274842155,0.5821916737079085,0.601179955551972,-0.003682907607890251,-0.0036426901255112165,-0.003682494396431286,4.0217482379079766e-05,-0.003682494396431286,-0.003642276914052206,0.43417161847335584,1.7150329731749852,-0.9096282720565796,1.3874568172977204,-4.842529090037116,0.0012330569393128599,0.0012330165617213777
research_sigma_high,80.0,2.6479376640001786,1.6372751412907967,0.9600000000000007,1.4002947042975091,-0.07225721011817954,0.06887077085865245,-1.5684043704321442,-2.4938125730286766,0.92786430113209,-3.8764060042129636,-2.877770740100817,0.031624834250829494,0.13429410969315497,0.21243063731126297,0.4290752296684501,0.051370095536643616,0.7100883012758713,6.436576218682433e-07,5.941354805916177e-07,4.9700575849298545e-08,0.017037309647889215,0.0194202580597131,0.018196736718998907,0.006196736718998907,0.0024557199767233917,0.011958031572156635,0.06265714637165615,0.0016761617649917514,0.0007792055843063041,0.0024553673492980557,0.5800229465055862,0.5989651191197775,-0.0037829851701189354,-0.0037410167422756158,-0.0037825513801276914,4.196842784336477e-05,-0.0037825513801276914,-0.0037405829522843266,0.4402947042975084,1.7200733628680887,-0.8589935302734375,1.382593431184287,-4.836406004212964,0.0012850693834356441,0.0012852967655521234
research_sigma_high,81.0,2.6650146012153924,1.656692119050101,0.9720000000000008,1.4185650919113544,-0.06977790396424577,0.13159143387568173,-1.525100685174419,-2.480502133972524,0.9398214763332623,-3.8581356165991183,-2.863405626557984,0.03166630383452272,0.13760679061246264,0.21284584248172547,0.4286961117410182,0.052672289530444866,0.70878610728207,-8.011209822189613e-07,-7.421143446428857e-07,-6.216784920187735e-08,0.017117363112229292,0.01941381857140929,0.018346224938307842,0.006346224938307842,0.0025039556727593504,0.011956232370270381,0.06278275209797729,0.0017031731448464407,0.0008004329428291875,0.0025036060876756283,0.57780345028965,0.5966986923802245,-0.0038860368952781665,-0.0038422692655484814,-0.003885596809850426,4.3767629729619256e-05,-0.003885596809850426,-0.003841829180120807,0.44656509191135363,1.72519312488213,-0.8082300424575806,1.3776334826265941,-4.830135616599119,0.0013383448733221837,0.0013383135927891414
research_sigma_high,82.0,2.6821739594821254,1.6761030205041776,0.9840000000000008,1.4369871541741248,-0.06724929877266084,0.19443627505460703,-1.4816667454495707,-2.4671358832820323,0.9517767658726307,-3.8397135543363476,-2.8489621962277867,0.03170959751227604,0.14099636082087932,0.21326968154967038,0.4283081942616105,0.05400633634260815,0.7074520604699068,-9.96559788024598e-08,6.56696546474933e-07,5.509214776044935e-08,0.01720216600404216,0.019408106471398383,0.018500975972974065,0.006500975972974065,0.0025544217391823,0.011954384561091269,0.06291367363503536,0.0017317678761737943,0.000822291837636519,0.0025540597138103134,0.5755324382500108,0.5943799884532135,-0.003992169672700552,-0.003946554233791755,-0.003991707949691841,4.5615438908731126e-05,-0.003991707949691841,-0.00394609251078311,0.45298715417412405,1.7303971936094946,-0.7573404908180237,1.3725776710543154,-4.823713554336348,0.0013928830581007023,0.0013921324946094653
research_sigma_high,83.0,2.6994205508624596,1.6955085651146093,0.9960000000000008,1.4555670438573025,-0.06466906048588117,0.25741878114575245,-1.438089783968857,-2.4537163678563227,0.9637302454554448,-3.82113366465317,-2.8344410118656778,0.03175464173801063,0.14446501501581804,0.2137029203938521,0.4279112260593009,0.05537335111158355,0.7060850457009313,2.4942123855176135e-07,7.590126376300077e-07,6.376995118073658e-08,0.017291826296598395,0.019403111319229782,0.018661679340300497,0.006661679340300496,0.002607225423651105,0.011952549987245209,0.06305533724348605,0.0017619611820865514,0.0008448935417969639,0.0026068547238835152,0.5732084399394018,0.5920074235814743,-0.004101903929404183,-0.004054453916649603,-0.004101424960179438,4.745001275479124e-05,-0.004101424960179438,-0.004053974947424647,0.45956704385730174,1.7356903054070147,-0.7063114643096924,1.3674172967968472,-4.817133664653171,0.0014467788271195214,0.0014472284929982863
research_sigma_high,84.0,2.71675926075476,1.7149094843418609,1.0080000000000007,1.4743105128547258,-0.06203484792535863,0.32054694954157914,-1.3943625348002817,-2.4402423256277936,0.9756818658471211,-3.8023901956557467,-2.819839710717315,0.03180148393609174,0.14801463398225184,0.21414597572091806,0.42750499188869784,0.05677421329332402,0.7046841835191909,8.616218805101994e-08,-2.4263521147815936e-07,-2.0416234453035642e-08,0.01738642152848975,0.019398848221428074,0.0188281932497959,0.006828193249795899,0.0026624105667084064,0.011950624135459942,0.06320495620104222,0.0017938131396998372,0.0008682203263014124,0.0026620334660012496,0.5708301952318912,0.5895797047412662,-0.0042151585476274955,-0.004165782683087427,-0.004214661778162197,4.9375864540058406e-05,-0.004214661778162197,-0.004165285913622138,0.46631051285472513,1.741077394907639,-0.655134916305542,1.362147870027953,-4.8103901956557475,0.0015032059225694727,0.0015033721163790863
research_sigma_high,85.0,2.7341950591691195,1.7343065206729262,1.0200000000000007,1.4932234303568943,-0.059344239352464356,0.3838286935478369,-1.3504778271250895,-2.4267099560111838,0.9876314937263647,-3.783477278153578,-2.8051538998063537,0.03185025292035025,0.15164712993605028,0.21459906329734754,0.42708927290731874,0.05820981723348993,0.703248579579025,-6.532655998370274e-07,4.266250182016762e-07,3.595303310621745e-08,0.01748603284876825,0.01939534999717159,0.019000582002636324,0.0070005820026363234,0.0027199934801140357,0.011948648068976442,0.06336123046643738,0.0018273369773312963,0.0008922741866745463,0.0027196111640058426,0.5683964229428463,0.5870955651823192,-0.004331940453545846,-0.004280588522522111,-0.0043314280906531395,5.135193102355842e-05,-0.0043314280906531395,-0.004280076159629581,0.4732234303568936,1.746563565442755,-0.6038028001785278,1.3567673221423941,-4.803477278153578,0.0015608941055058612,0.001560595042408252
research_sigma_high,86.0,2.751733003842311,1.7537004337244748,1.0320000000000007,1.5123116768599985,-0.056594860965130556,0.4472694104744539,-1.306431023250021,-2.4131205374167815,0.999579161985074,-3.764389031650474,-2.7903831631387894,0.03190091655677542,0.15536424965703166,0.21506283048032815,0.4266638692059175,0.05968093238652754,0.7017774644259874,-9.06251806709335e-07,3.5549098398313106e-07,3.0005358808704585e-08,0.01759073771008532,0.019392614707381357,0.019178902058361258,0.007178902058361258,0.002779990125621523,0.011946662949654907,0.06352286009702429,0.0018625446709420361,0.0009170544538959005,0.0027795991248379366,0.5659059527297887,0.5845537532346781,-0.004452248983084883,-0.004398911932739891,-0.0044517206499801,5.33370503450932e-05,-0.0044517206499801,-0.004398383599635007,0.48031167685999776,1.752153841857237,-0.5523097515106201,1.3512684942336923,-4.796389031650475,0.0016185732356044369,0.0016189218071182114
research_sigma_high,87.0,2.7693782446751323,1.773092003436341,1.0440000000000007,1.5315812344736168,-0.05378425910122131,0.5108744137418855,-1.2622175896944556,-2.399472809539975,1.0115248196256745,-3.745119474036856,-2.775525054118994,0.03195352391568516,0.15916775296339955,0.21553772333970214,0.42622857938307757,0.06118832814925089,0.700270068663264,4.908234210176943e-07,-2.705180088824477e-07,-2.2869757421162262e-08,0.01770061569374208,0.019390658084672743,0.019363856947714364,0.007363856947714364,0.0028425744293681943,0.011944605527841379,0.06369514626117878,0.0018994833547472316,0.0009426808668512417,0.0028421642215984734,0.5633576055145222,0.581953056420666,-0.0045766769905048466,-0.004521282518346215,-0.004576120712870107,5.5394472158621505e-05,-0.004576120712870107,-0.0045207262407114856,0.4875812344736161,1.7578534250494577,-0.5006504058837891,1.345646664496881,-4.789119474036856,0.001678147016489051,0.0016787080889779753
research_sigma_high,88.0,2.7871360268332923,1.7924820202426097,1.0560000000000007,1.5510393907554272,-0.05090971210639417,0.5746597029968115,-1.2178223172457983,-2.3857642433838038,1.0234683730407568,-3.725661317755045,-2.7605758362725394,0.03200816529112789,0.16306022394335448,0.2160241946634861,0.42578310770426053,0.06273337301203756,0.6987250238004774,3.741441458871009e-07,-7.666539942885464e-07,-6.49194017432464e-08,0.017815829994771326,0.019389507131033153,0.01955564337151683,0.0075556433715168285,0.00290781986858607,0.011942454016839688,0.06387806717220468,0.0019382140727174407,0.0009691879659001907,0.0029074020386176316,0.5607496499579524,0.5792917149209222,-0.004705369486091071,-0.0046478235029306925,-0.004704795950971802,5.75459831603127e-05,-0.004704795950971802,-0.004647249967811489,0.49503939075542647,1.7636676537925355,-0.4488086700439453,1.3398970743712413,-4.781661317755046,0.00174024931255512,0.0017400036343446883
research_sigma_high,89.0,2.8050117209176078,1.8118712991857386,1.0680000000000007,1.5706925212166505,-0.04796861936404917,0.6386305480862948,-1.1732407510994438,-2.371992310914865,1.035409727659354,-3.706008187293822,-2.7455319574712727,0.032064931876903936,0.16704348938564578,0.21652262372804723,0.4253272451036427,0.06431687295309206,0.6971415238594229,9.861875249761454e-08,2.208384113355777e-07,1.8731577205999272e-08,0.017936475506031696,0.019389187164739544,0.019754093182287158,0.007754093182287158,0.0029757054113316306,0.01194027061031211,0.06406766171024192,0.0019787476155874637,0.0009965297267732892,0.0029752773423607527,0.5580808621116172,0.5765684915143956,-0.004838117160643363,-0.004778387770955572,-0.004837522945501407,5.9729389687891016e-05,-0.004837522945501407,-0.004777793555813516,0.5026925212166498,1.7696019932582538,-0.3967791795730591,1.334015876378957,-4.7740081872938225,0.00180297536418772,0.0018026823596238965
research_sigma_high,90.0,2.8230108303341526,1.8312606731550285,1.0800000000000007,1.5905475771200015,-0.044958301283730906,0.7027950264172953,-1.1284656467377332,-2.3581582926554283,1.047348914261381,-3.686153131390471,-2.7303927099784087,0.03212379350760749,0.1711195942685992,0.21703376570816132,0.42486075754481584,0.06593979014501905,0.6955186066674959,-3.469390819077489e-08,-1.8064486639879362e-07,-1.5348501442025153e-08,0.018062679046355695,0.019389698667599778,0.019959544002996266,0.007959544002996265,0.00304633282509148,0.011938033515513369,0.06426524918705268,0.002021133025177968,0.001024759808040763,0.0030458928332187307,0.5553498718400385,0.5737819238811958,-0.004975177662391361,-0.004913211177904775,-0.004974562174955162,6.196648448663147e-05,-0.004974562174955162,-0.004912595690468531,0.5105475771200008,1.7756619160727716,-0.3445538878440857,1.3279948387350426,-4.766153131390472,0.0018669590297346605,0.0018668783528133052
research_sigma_high,91.0,2.8411389772009916,1.850650988486568,1.0920000000000007,1.610611609222643,-0.04187595371386621,0.7671610464604002,-1.0834899420261679,-2.3442583928553953,1.0592857946903806,-3.6660890992878294,-2.715153370205424,0.032184883510535084,0.17529060373211516,0.21755795829328411,0.42438340868399127,0.06760309241139612,0.6938553044011189,4.150890242637928e-07,3.821922545110823e-07,3.252962182953567e-08,0.01819456820177552,0.019391077179369342,0.020172524391531388,0.008172524391531388,0.003119838993069779,0.011935720983764497,0.06447349006297287,0.002065419581943638,0.0010539620642724301,0.003119381646216068,0.5525552954994828,0.5709306313624805,-0.005116964414697056,-0.005052685398461432,-0.0051163207003516046,6.427901623550294e-05,-0.0051163207003516046,-0.005052041684116102,0.5186116092226423,1.781853182510611,-0.29212474822998047,1.3218307064324342,-4.75808909928783,0.001932834211608725,0.0019328464053918297
research_sigma_high,92.0,2.859401934869211,1.8700431191815956,1.1040000000000008,1.6308926259030643,-0.03871862329759135,0.831742006543241,-1.0383011126383546,-2.330292624232211,1.07122035622891,-3.645808082607408,-2.699811970841208,0.03224821377060638,0.17955903935131684,0.21809594891578818,0.42389490994090484,0.06930808322455007,0.6921503135879649,-2.3006196570030113e-07,-2.0503243258751525e-07,-1.7482101793975247e-08,0.018332327821486485,0.019393334121259802,0.02039297081298852,0.00839297081298852,0.0031962449741018695,0.011933353120129442,0.06468972223405156,0.0021116616514478244,0.0010841188273880127,0.003195780478835837,0.5496954436346176,0.5680128432274669,-0.005263372718757153,-0.00519672583888664,-0.005262712754310743,6.664687987055842e-05,-0.005262712754310743,-0.005196065874440185,0.5268926259030635,1.788181578640301,-0.23947834968566895,1.3155154583751973,-4.749808082607409,0.001999965363781664,0.002000480864784781
research_sigma_high,93.0,2.8778056240111765,1.8894379599113311,1.1160000000000008,1.65139755084862,-0.03548346376566247,0.8965404909285033,-0.9928974689828278,-2.3162584621278324,1.0831525009306395,-3.625303157661852,-2.6843647754326305,0.03231387862883313,0.18392657552068076,0.21864818204430145,0.42339506969041096,0.0710554287547568,0.6904029680577581,8.629817698224684e-07,-6.488097523682512e-07,-5.5421708611280707e-08,0.018476061111130676,0.019396496339575235,0.020621602407178585,0.008621602407178585,0.00327574578424239,0.011930865478974373,0.06491790456817725,0.0021599145586115804,0.001115344042895251,0.0032752586015068314,0.5467691944011439,0.5650274219355311,-0.005414991143961823,-0.005345856622936296,-0.005414291470365299,6.913452102562737e-05,-0.005414291470365299,-0.005345156949339671,0.5353975508486193,1.794653123080537,-0.18661201000213623,1.3090446955340198,-4.741303157661853,0.002070254993897569,0.0020701108386938054
research_sigma_high,94.0,2.8963561361822276,1.908836431377194,1.1280000000000008,1.6721358307174214,-0.03216713172910657,0.9615778156795955,-0.9472586156975984,-2.3021521142444152,1.0950820871868587,-3.604564877793051,-2.6688064880026356,0.03238201463255997,0.18839645949446268,0.2192152139975085,0.42288351630230037,0.07284696221294047,0.6886114345995744,-9.84380563284759e-07,8.327797540452764e-08,7.126925022360453e-09,0.018626034819697726,0.019400604260575792,0.02085821464387394,0.00885821464387394,0.0033583293250822877,0.01192832052064019,0.06515407621216851,0.0022102457186889872,0.001147596693776357,0.003357842412465344,0.5437743721387099,0.5619721629421954,-0.005571564798151518,-0.005499885318791586,-0.0055708577367784345,7.167947935981037e-05,-0.0055708577367784345,-0.005499178257418624,0.5441358307174207,1.801274048995369,-0.13350427150726318,1.3024127635486358,-4.732564877793052,0.0021417986090190855,0.0021415559937093646
research_sigma_high,95.0,2.9150597618807184,1.9282394800569764,1.1400000000000008,1.693113980136368,-0.028766805115497895,1.0268486433528403,-0.9013908367041361,-2.2879748649097937,1.10700914197192,-3.5835867283741045,-2.6531363975086064,0.032452595160194095,0.19296970946984096,0.21979779037955197,0.4223601332495627,0.07468284860852609,0.6867755482039888,5.296936840260003e-07,-1.6357913223963294e-07,-1.4025824890406824e-08,0.0187823040153611,0.019405658265636012,0.02110309054131254,0.009103090541312541,0.0034441035296431943,0.011925695805611203,0.06539821472650964,0.0022626807092174664,0.0011809037482233256,0.0034435844574407922,0.5407102946552065,0.5588463076336093,-0.0057332912060582,-0.005658987011669392,-0.005732542467103525,7.430419438879746e-05,-0.005732542467103525,-0.005658238272714728,0.5531139801363671,1.8080506199087985,-0.08016049861907959,1.2956118634643108,-4.723586728374105,0.002215229420723386,0.0022148834820261525
research_sigma_high,96.0,2.9339229553158446,1.9476480776864569,1.1520000000000008,1.7143420118000465,-0.02527892466982018,1.0923742451326148,-0.855273832553842,-2.2737216554029684,1.1189334787980811,-3.562358696710426,-2.6373480505170988,0.03252580009818981,0.19764962589451052,0.220396419434496,0.42182454281429493,0.07656495263392553,0.6848934441785894,9.98518367989476e-07,7.751553698920333e-07,6.659430293320945e-08,0.018945155520181597,0.01941170886399377,0.021357530069709307,0.009357530069709307,0.0035333515285319583,0.01192296902131973,0.06565834442567764,0.0023173215446244165,0.0012154889057057322,0.003532810450330149,0.537574750650678,0.555647634536649,-0.00590120951985762,-0.005824178541177338,-0.005900431581095791,7.7030978680271e-05,-0.005900431581095791,-0.00582340060241552,0.5623420118000457,1.8149894765177634,-0.02655923366546631,1.2886370413074575,-4.714358696710427,0.002291180767535428,0.0022908270126453904
research_sigma_high,97.0,2.9529523809381533,1.9670632301763504,1.1640000000000008,1.7358290402757866,-0.02170010205843398,1.1581653322041956,-0.8088978979721548,-2.2593925033747233,1.1308550800145594,-3.540871668234686,-2.6214391258495695,0.03260164592540166,0.20243863112992613,0.2210119744962625,0.4212764677706863,0.07849448289563239,0.6829639139168825,4.6985936874577305e-07,5.439306474119832e-07,4.6823091764958136e-08,0.019114803709668615,0.019418770433711343,0.021621214973907787,0.009621214973907787,0.0036260588819246875,0.011920181401078644,0.0659291421249556,0.0023742253618346905,0.0012512783422247043,0.0036255037040593945,0.5343661171429495,0.5523744328199914,-0.0060749746909044,-0.005995156091982978,-0.006074166709828664,7.981859892135582e-05,-0.006074166709828664,-0.0059943481109073085,0.5718290402757857,1.822097300923594,0.02731025218963623,1.2814791648599626,-4.704871668234687,0.0023683825805831393,0.002369097210058412
research_sigma_high,98.0,2.9721549186973872,1.9864859667929171,1.1760000000000008,1.757584441747862,-0.018026806905970805,1.224232529382526,-0.7622534374103911,-2.2449848902418026,1.1427738416002384,-3.5191162667626106,-2.605405238113821,0.03268023264153007,0.20733915945706405,0.22164514125651213,0.42071562952880265,0.08047265198612909,0.6809857448263859,-8.437385947690501e-07,-6.541035808549367e-07,-5.64225131893803e-08,0.019291469790346474,0.019426875415716596,0.02189403134789336,0.009894031347893361,0.0037223062237969895,0.011917246037776885,0.06620783870821756,0.0024334938383479645,0.001288251425137384,0.0037217452634853484,0.531082763163767,0.5490250288320202,-0.006254479086319542,-0.006171725124096472,-0.006253647694841673,8.275396222311507e-05,-0.006253647694841673,-0.006170893732618558,0.5815844417478613,1.8293810770971488,0.0814586877822876,1.274131376520808,-4.695116266762612,0.00244937055712513,0.002449418900299382
research_sigma_high,99.0,2.991537682298647,2.005917349866642,1.1880000000000008,1.7796171029715733,-0.01425548961084,1.2905810096206307,-0.7153363402460113,-2.2304937622604726,1.1546895720901131,-3.497083605538899,-2.5892401112288055,0.032761744769918236,0.21235315348043696,0.22229635127738603,0.42014180576835,0.0825002922504908,0.6789581045620241,-3.9336103352383134e-07,4.4724429915099506e-07,3.865994757656921e-08,0.01947532858730716,0.0194360727795955,0.022176711772626923,0.010176711772626922,0.003822269320183147,0.011914204107077997,0.06649715756014196,0.0024951710784756245,0.001326509795643895,0.0038216808741195194,0.5277233871681072,0.5455981339805206,-0.006440238345365834,-0.006354442452443765,-0.0064393679400189105,8.579589292200332e-05,-0.0064393679400189105,-0.006353572047096907,0.5916171029715724,1.836848110208534,0.13589143753051758,1.2665898432784264,-4.6850836055389,0.002532874570639887,0.002532173132260628
research_sigma_high,100.0,3.0111080555238923,2.0253584792860697,1.2000000000000008,1.801937865293116,-0.01038226826560451,1.35722684450281,-0.6681316347832598,-2.215919141100523,1.1666022498143944,-3.4747628432173565,-2.5729409559656755,0.03284620252795165,0.21748353648016777,0.22296665047959183,0.41955466193615865,0.08457898055168261,0.6768794162608323,1.6199693098073453e-07,7.487731774613593e-07,6.486341447287103e-08,0.01966667579252608,0.01944638099555202,0.0224704111231111,0.0104704111231111,0.0039261937681984715,0.011911096911214392,0.066802504400991,0.0025593410308328577,0.0013662351939942332,0.003925576224827091,0.5242860305582876,0.5420916837928664,-0.006633120443698126,-0.006544217354912452,-0.006632209679583659,8.890308878560862e-05,-0.006632209679583659,-0.006543306590798051,0.6019378652931151,1.8445058057094978,0.19062459468841553,1.2588437021168337,-4.674762843217358,0.0026176246211753185,0.002618023586714157
research_sigma_high,101.0,3.030873639495602,2.044810488783087,1.2120000000000009,1.8245579252177955,-0.006403102074443057,1.4241860184226127,-0.6206244703604742,-2.2012585130181224,1.178511765912542,-3.452142783292677,-2.5565028940114494,0.03293371041815085,0.22273326153838593,0.22365690641058025,0.41895386006838475,0.08671031788072583,0.6747480789317891,-6.416814306575702e-07,-3.506867785052492e-07,-3.04456622413074e-08,0.019865821736733,0.019457836819811853,0.022774688026921508,0.010774688026921508,0.004034117749162958,0.011907836660899451,0.06711842702344828,0.002626135075025071,0.0014073502120886202,0.004033485287113691,0.5207687147692814,0.5385036376301124,-0.006832733616859044,-0.006740570277758429,-0.006831797146061265,9.2163339100549e-05,-0.006831797146061265,-0.006739633806960716,0.6125579252177946,1.85236187358306,0.2456742525100708,1.2508842702745548,-4.664142783292678,0.0027061555238143686,0.0027064525285955925
research_sigma_high,102.0,3.0508423629310863,2.064274552609123,1.2240000000000009,1.847487241346959,-0.0023140327672785954,1.4914636985497065,-0.5728108540594166,-2.1865068300528936,1.1904179231361933,-3.4292134671635135,-2.539919321829912,0.033024458345593165,0.22810425574667625,0.2243676681223611,0.4183391796201026,0.08889511428412787,0.672563282528387,2.523289057698719e-07,1.5476361547861472e-07,1.3466509296566898e-08,0.02007297247127203,0.019470492129920306,0.023090355172610155,0.011090355172610155,0.004146259954806886,0.011904421162489576,0.06744760544288508,0.00269562193189821,0.001449969534826945,0.004145591466725156,0.5171701486497269,0.5348327091757626,-0.007039674055313805,-0.006944095217803314,-0.0070386870622667266,9.557883751042454e-05,-0.0070386870622667266,-0.006943108224756302,0.6234872413469581,1.860424439794893,0.3010457754135132,1.24270663711062,-4.653213467163514,0.0027984650849139925,0.0027978352629963836
research_sigma_high,103.0,3.0710224036352005,2.0837518869160574,1.2360000000000009,1.8707386355630158,0.0018894178351707147,1.5590812293083829,-0.5246706576076745,-2.1716615828482944,1.202320608237521,-3.4059620729474567,-2.5231849303206135,0.03311855489387552,0.23359999277109478,0.22509996291643278,0.41771022304953026,0.09113537020338412,0.6703230266091308,-3.8902087995396073e-07,9.089570565112837e-07,7.927466597057453e-08,0.020288522186607705,0.019484387513542135,0.023417864195653726,0.011417864195653726,0.0042627403886442705,0.011900934962902787,0.06779012420621944,0.002767903783822623,0.0014941539588130828,0.004262057742635706,0.5134880048433664,0.5310764907552924,-0.007254188844106724,-0.0071551238070095,-0.007253174557345066,9.906503709721307e-05,-0.007253174557345066,-0.007154109520247853,0.6347386355630149,1.8687017953976794,0.3567606210708618,1.2343004900991623,-4.641962072947457,0.00289201524702154,0.0028923834183651846
research_sigma_high,104.0,3.0914222782311835,2.1032437430749957,1.2480000000000009,1.8943229697382664,0.006211448010009946,1.6270439469621454,-0.47619979611285035,-2.1567227995588505,1.214219793061999,-3.382377738772206,-2.506296771799396,0.033216026303091915,0.23922236286859583,0.22585488042199126,0.41706677402726067,0.09343187051779686,0.668026526294718,7.938307042820725e-07,-5.815790717900171e-07,-5.084294149582114e-08,0.020512709913321145,0.01949954293830653,0.02375785436034561,0.011757854360345609,0.004383801872052118,0.01189728901149123,0.06814723536731093,0.002843088897603872,0.0015399924923138971,0.004383081389917769,0.5097210168780407,0.5272336227594946,-0.007476763476802206,-0.0073740524882935365,-0.007475691710261639,0.00010271098850877028,-0.007475691710261639,-0.007372980721752869,0.6463229697382655,1.8772024851691846,0.4128241539001465,1.2256549392133556,-4.630377738772207,0.0029893395638593834,0.0029902506162413738
research_sigma_high,105.0,3.1120508519359458,2.1227514217936987,1.260000000000001,1.918254344283707,0.01065702157927495,1.6953757000430048,-0.42737572175069394,-2.141682903720575,1.2261151862605035,-3.3584463642267655,-2.489245233562972,0.03331715319294468,0.24497511487573334,0.22663314053355102,0.4164084035197772,0.09578683108481374,0.6656715657277011,-7.98317234540491e-09,-9.13147707004569e-07,-8.002396503781206e-08,0.020745984368378476,0.019516036864491302,0.024110969937553683,0.012110969937553683,0.004509674268500241,0.011893437178692734,0.06852023390110484,0.0029213405725962947,0.0015875911903423592,0.004508931762938654,0.5058666730332586,0.5233015923517539,-0.007707858490360708,-0.007601295669053543,-0.007706753351176504,0.00010656282130726627,-0.007706753351176504,-0.007600190529869238,0.6582543442837061,1.8859356656754422,0.4692605137825012,1.2167634605061903,-4.618446364226767,0.0030917032080506335,0.003091621400553201
research_sigma_high,106.0,3.1329173672521207,2.1422762806087814,1.272000000000001,1.9425449096133738,0.015230796547010428,1.764084414764355,-0.3781918658444263,-2.1265393931427496,1.2380066674193844,-3.3341557988970987,-2.472025028023628,0.03342205080342363,0.250860361090029,0.22743574729931232,0.4157348697863633,0.09820120670511068,0.6632571901074042,-2.52018077517846e-08,-4.1796407734828733e-07,-3.6719970369913923e-08,0.020988637348004283,0.019533909865854442,0.024477345768797565,0.012477345768797565,0.004640436403035464,0.011889463732550953,0.06890652186662993,0.0030027272930995986,0.00163693548728449,0.004639662780384088,0.5019235580696805,0.5192789246711881,-0.007947445633211092,-0.00783690936576198,-0.007946288773225682,0.0001105362674490469,-0.007946288773225682,-0.007835752505776635,0.6705449096133729,1.8949106998327363,0.5260777473449707,1.207616405754349,-4.6061557988971,0.003196567843268605,0.003196472962726637
research_sigma_high,107.0,3.15403137093192,2.1618197156319594,1.284000000000001,1.9672090358213021,0.019937894385345878,1.8331887437762646,-0.3286309718556948,-2.1112897680340383,1.2498941137256054,-3.3094916726891705,-2.4546303121016404,0.033530836599694525,0.2568812790647373,0.22826391333764862,0.4150458091737023,0.10067678846373097,0.660781608348784,-5.49999088939046e-07,-7.233866232692066e-07,-6.371571897867412e-08,0.021241103586574786,0.0195532075632106,0.02485790066354432,0.012857900663544319,0.004776377734088788,0.011885322097244688,0.0693087348970799,0.0030874078914789323,0.0016881699689036214,0.004775577860382554,0.497889543026626,0.5151634029118043,-0.008196200832210843,-0.008081522929455465,-0.008194999849046708,0.000114677902755312,-0.008194999849046708,-0.008080321946291396,0.6832090358213012,1.9041372572063147,0.5832946300506592,1.1982019046551322,-4.593491672689171,0.003305198195877601,0.0033051451953667425
research_sigma_high,108.0,3.1754029227354184,2.181383190083446,1.296000000000001,1.9922607109404624,0.024783552015188004,1.9027018845585149,-0.2786813055249313,-2.0959289967509944,1.2617773116138737,-3.28443999757001,-2.4370533176112215,0.03364371564651938,0.26304045570973056,0.22911860941348636,0.41434092562433084,0.1032149041333529,0.658243492679162,-4.2782359432891326e-07,-3.1196305561032034e-07,-2.7549968972806482e-08,0.02150376264534104,0.019573992545476284,0.02525296054781767,0.01325296054781767,0.004917673474326922,0.011881009232457718,0.06972552884763106,0.0031755086262514965,0.0017413235848758007,0.004916832211127297,0.4937628946744805,0.5109532608926134,-0.008454277841033142,-0.008335287073490849,-0.00845302711104758,0.00011899076754228258,-0.00845302711104758,-0.008334036343505297,0.6962607109404615,1.9136256111215446,0.6409245729446411,1.1885110008190156,-4.580439997570011,0.0034175912255607344,0.003417613599163826
research_sigma_high,109.0,3.197042433270012,2.2009682166353115,1.308000000000001,2.0177149569169375,0.029773241333999723,1.9726398014715267,-0.22832841516378477,-2.080454585582917,1.2736561321905209,-3.258985751593535,-2.4192879388157427,0.03376081104889075,0.2693407109930159,0.23000113601222005,0.41361989640857705,0.10581707617299263,0.6556413206395223,6.295393442101727e-07,-7.681338296539053e-07,-6.801849330995147e-08,0.021777051513885523,0.019596312981071645,0.02566426321969928,0.013664263219699279,0.0050647514358387324,0.011876477195047586,0.07016356129767809,0.0032671895252165194,0.0017966730237921748,0.005063862549008694,0.4895417236346793,0.5066465211021881,-0.008723034588812906,-0.008599511783860536,-0.008721713707729006,0.00012352280495241466,-0.008721713707729006,-0.008598190902776592,0.7097149569169365,1.9233863010794912,0.6989836692810059,1.1785311660106181,-4.566985751593536,0.0035350102913607184,0.003534760348021814
research_sigma_high,110.0,3.218960763856079,2.220576364380102,1.320000000000001,2.043589237379861,0.03491305488686547,2.043029007153871,-0.17754735722623094,-2.0648589761682725,1.285530266003969,-3.2331114711306115,-2.4013235413389977,0.033882420237498156,0.27578599980502927,0.2309125782107459,0.4128822689112022,0.10848573442431597,0.652972662388199,-9.642595446557323e-07,1.8792362266317753e-07,1.668686175348988e-08,0.022061560312220008,0.019620257187453263,0.026091497401010688,0.014091497401010688,0.005217680322140761,0.011871766682110985,0.07061750852628823,0.0033626318979359778,0.001854143415916455,0.005216775313852433,0.4852233801306303,0.5022405039456083,-0.009002050396758998,-0.008873817078869972,-0.009000696193769205,0.00012823331788901562,-0.009000696193769205,-0.008872462875880189,0.72358923737986,1.93343049785211,0.7574987411499021,1.168252494962339,-4.553111471130612,0.0036561847881901866,0.0036561367567291662
research_sigma_high,111.0,3.241169348091254,2.2402092795363036,1.332000000000001,2.069897951718959,0.040208601978281244,2.113874818524103,-0.12633446101220036,-2.049142216006536,1.2973996655547428,-3.2068027567915136,-2.3831559800104554,0.03400858738849777,0.28237786123296743,0.23185444118851437,0.41212786699222703,0.11122140632924243,0.6502369904832725,-1.4097215395025842e-07,-6.72070907148381e-07,-5.984723389085289e-08,0.022357628629533555,0.019645856378926956,0.026535310252398192,0.014535310252398192,0.005376722785618626,0.011866851038486614,0.07108734387829996,0.0034619566050454902,0.0019138036436163123,0.005375760248661802,0.48080683297391175,0.49773406543447224,-0.009291736428292896,-0.0091585874667795,-0.009290308949593751,0.00013314896151338587,-0.009290308949593751,-0.009157159988080366,0.7378979517189579,1.943769682536511,0.8164751529693604,1.1576605407849776,-4.538802756791514,0.0037817437119793684,0.0037818646811609395
research_sigma_high,112.0,3.263680072486932,2.259868666472905,1.344000000000001,2.0966598578846574,0.04566650045810272,2.185203694910471,-0.0746649715624339,-2.033295488744314,1.3092639680809421,-3.180040850625815,-2.364773210170591,0.03413966108951615,0.2891201300582909,0.23282784882876875,0.41135625178221785,0.11402645119825817,0.6474319456142568,1.404969309781734e-07,-5.4014740902275094e-08,-4.824030674921431e-09,0.022665888832108377,0.019673211849513865,0.02699782970147946,0.014997829701479459,0.00554241333759653,0.011861659069719144,0.0715810427863024,0.0035653958215884473,0.0019760064740837456,0.005541402295672192,0.47628951286094506,0.49312462027192494,-0.009593757294163618,-0.009455416363882807,-0.00959226443729974,0.0001383409302808565,-0.00959226443729974,-0.009453923507018883,0.7526598578846564,1.9544161044059898,0.8759397268295288,1.146745361881501,-4.524040850625816,0.003913582821550188,0.003913003026286398
research_sigma_high,113.0,3.2865053894731107,2.279556309762885,1.356000000000001,2.1238936111219178,0.051293428653474304,2.257036904096708,-0.02251940566617705,-2.017315050363436,1.3211229836941811,-3.1528070973885547,-2.346167026084103,0.03427582271853667,0.29601598720301153,0.23383438744628074,0.41056705924232206,0.11690273475739063,0.6445556620551243,-6.867163402368703e-07,4.875196200071485e-07,4.367099712410116e-08,0.022986938915116342,0.019702391286224728,0.0274788488578821,0.015478848857882099,0.00571484125304722,0.011856274991172477,0.07209332504762989,0.0036731190949014754,0.0020406737482021376,0.0057137928431036135,0.47166928857398227,0.48840994113012953,-0.009907732613662512,-0.009764007604834979,-0.009906183243699702,0.00014372500882752284,-0.009906183243699702,-0.009762458234872179,0.7678936111219168,1.9653824057789295,0.9359139204025269,1.1354920470251186,-4.508807097388556,0.004049163727897209,0.004049166351787658
research_sigma_high,114.0,3.3096583699519004,2.299274074697101,1.368000000000001,2.1516175556004216,0.05709618296419716,2.3293903450057307,0.030116270308629733,-2.0011971612885198,1.332976518063287,-3.125083152910051,-2.3273292028449637,0.034417257761492646,0.3030678982613069,0.23487563926421756,0.40976000719898376,0.11985156199245128,0.6416068348200636,-7.505412669139844e-07,-5.926252177879121e-08,-5.32500649130796e-09,0.02332132323247442,0.01973346284310611,0.027979079905035453,0.015979079905035453,0.0058943165942917375,0.011850648913793282,0.07262414077322932,0.0037853225251647756,0.0021078943645861242,0.005893216889750899,0.46694450816492433,0.48358829102766315,-0.010234114396950489,-0.010084763310743705,-0.010232496915466625,0.0001493510862067178,-0.010232496915466625,-0.010083145829259907,0.7836175556004206,1.9766818518886133,0.9964138269424436,1.1238859916215311,-4.493083152910052,0.0041897478441519365,0.004190446716451978
research_sigma_high,115.0,3.3331526814129395,2.319023897258297,1.380000000000001,2.1798517709319887,0.06308206184205778,2.4022851856431666,0.08326128838486957,-1.984935554675132,1.3448242815217677,-3.096848937578484,-2.308249075267134,0.03456424355013392,0.3102788275583435,0.23595313937229861,0.4089347564016562,0.12287465815825509,0.6385837386542599,1.015168269447031e-07,-9.102249798331741e-07,-8.204735063577218e-08,0.023669684202802507,0.019766516803752746,0.028500354794452676,0.016500354794452676,0.006081358274234172,0.01184470713532515,0.07317878067887396,0.003902242432267528,0.002177953817924846,0.006080196250192374,0.46211318553590985,0.47865762423717195,-0.010574289384893354,-0.010418996520218438,-0.010572591349149745,0.0001552928646748504,-0.010572591349149745,-0.010417298484474894,0.7998517709319877,1.9883283998911718,1.057460904121399,1.1119133829033518,-4.476848937578485,0.004337228421335881,0.004337638245984331
research_sigma_high,116.0,3.3570026609555574,2.3388078099134106,1.392000000000001,2.208618265189327,0.0692588995126655,2.4757479063634786,0.136940096450068,-1.9685227044458478,1.3566659323339374,-3.0680824433211455,-2.2889144582518632,0.03471710741481641,0.3176522588801702,0.23706850783246164,0.4080909081503805,0.12597419825686262,0.6354841985556523,3.651161630813249e-07,-8.789118184360234e-07,-7.948309443950308e-08,0.02403277412630285,0.019801657452846417,0.029043843670674807,0.017043843670674807,0.0062763642878236325,0.011838442586044606,0.07375857879934733,0.00402412940828522,0.0022510159191636817,0.006275145327448902,0.4571729865502859,0.4736155484180422,-0.010929036796806624,-0.010767479382851275,-0.010927261743513023,0.00016155741395539394,-0.010927261743513023,-0.010765704329557629,0.8166182651893259,2.00033672862162,1.1190819740295412,1.0995597388752978,-4.460082443321147,0.004491598389725127,0.004491115095027542
research_sigma_high,117.0,3.3812234011770363,2.3586279464729034,1.404000000000001,2.2379394582733383,0.07563479041770504,2.5498023432418613,0.19117439676895787,-1.9519523578956817,1.368501166693857,-3.038761250237134,-2.269313927801619,0.03487613976657847,0.32519123176345405,0.2382235439807417,0.4072281145870714,0.1291520274043354,0.6323063694081795,-2.252988018369706e-09,5.636441535727954e-08,5.114312223719608e-09,0.024411339407517052,0.01983898288853054,0.029610247587681826,0.017610247587681826,0.006479634207597895,0.011831916445687263,0.07436225520987794,0.004151209577403831,0.0023271497135414015,0.006478359290945233,0.45212187471848575,0.46845994938839985,-0.011298696934396613,-0.01113061338008392,-0.011296843269618459,0.0001680835543127375,-0.011296843269618459,-0.011128759715305721,0.8339394582733373,2.0127222344831797,1.1813011765480044,1.0868088923414525,-4.442761250237135,0.004650951975777584,0.004650979172486035
research_sigma_high,118.0,3.405830752265793,2.3784865319441586,1.416000000000001,2.2678387603646906,0.0822181679278613,2.6244724167832345,0.2459858848390759,-1.9352208004942926,1.380329765225312,-3.008861948145782,-2.2494376281760453,0.03504154923743215,0.3328986266716535,0.23942039807806734,0.4063460460586885,0.13240989858786295,0.629048498224652,-6.493303583710031e-07,-9.333052353177607e-07,-8.497664522044701e-08,0.024806164345398188,0.01987857790587603,0.030200465682206357,0.018200465682206356,0.006691570862197738,0.01182505241677001,0.07498973361298278,0.004283766936447299,0.0024064731881225775,0.006690240124569876,0.44695792012999214,0.46318877230079625,-0.011683842403238553,-0.011508894820008497,-0.011681908680206693,0.0001749475832299903,-0.011681908680206693,-0.011506961096976702,0.8518387603646895,2.0255009870404814,1.2441426515579226,1.0736411476514893,-4.424861948145783,0.004817179835288066,0.004817323957810881
research_sigma_high,119.0,3.4308413807204596,2.3983859014997493,1.428000000000001,2.298340389637751,0.08901793214210052,2.699781810467827,0.30139590896807755,-1.9183179982251055,1.392151271527397,-2.9783603188727215,-2.2292705606194057,0.03521377286876962,0.34077713787798114,0.24066075238779333,0.40544439422063105,0.13574943521308525,0.6257089615994297,-6.894301964877059e-07,-2.3188063025258998e-07,-2.1187299581448826e-08,0.025218054865719944,0.01992057397636993,0.030816082702278536,0.018816082702278535,0.006912686965414139,0.011817819223492676,0.07564366494187635,0.0044220777619349986,0.002489211188594328,0.006911288950529327,0.4416793176217526,0.4578001895145994,-0.012085576513371887,-0.011903395736864608,-0.01208354945919577,0.00018218077650732425,-0.01208354945919577,-0.011901368682688446,0.87034038963775,2.0386901091930625,1.30763053894043,1.060042320647616,-4.406360318872722,0.004990906343548929,0.004990708771450258
research_sigma_high,120.0,3.456272804068292,2.418328510302358,1.440000000000001,2.3294709257692476,0.09604354185868957,2.775759746666987,0.35743123636462926,-1.9012389878071947,1.4039654036722973,-2.947229782741225,-2.2088008680498348,0.03539307895130132,0.34882992152753806,0.24194700078181608,0.4045227978696262,0.13917269743936594,0.6222856993731489,-8.581189656631238e-07,-5.381610379551205e-07,-4.935169806152828e-08,0.025647954904579676,0.019965075345583293,0.03145849125871658,0.01945849125871658,0.007143465681004768,0.011810230080790962,0.07632540351600214,0.0045664491918502755,0.0025755519525936027,0.007142001144443878,0.4362839525765494,0.4522919575387572,-0.01250479549692085,-0.012315025577711802,-0.012502679381522348,0.0001897699192090381,-0.012502679381522348,-0.01231290946231331,0.8894709257692466,2.052307400395995,1.37179434299469,1.0459907949340301,-4.387229782741226,0.00517148906440279,0.005171559896707045
research_sigma_high,121.0,3.482143524570763,2.438316928021951,1.452000000000001,2.361257372155184,0.10330486350411006,2.852432617499831,0.4141156894778799,-1.8839750200963,1.4157717316889789,-2.9154433363552883,-2.1880135477733322,0.03557987819734956,0.3570595748039379,0.2432812691521004,0.40358095977243824,0.14268131777204712,0.6187770790404679,-2.901800630894513e-07,-3.735452387410021e-07,-3.438399912014667e-08,0.026096793764314008,0.02001221550414729,0.032129121492284085,0.020129121492284085,0.0073844605673725194,0.011802205162407708,0.07703621061360999,0.004717214238629079,0.0026656887818487743,0.0073829030204778535,0.43077008488136154,0.44666227419248117,-0.012942455762503746,-0.012744660924911444,-0.012940236805091142,0.0001977948375922918,-0.012940236805091142,-0.01274244196749885,0.9092573721551831,2.0663717928817844,1.4366608858108523,1.0314683162589884,-4.367443336355289,0.005360815124871188,0.005360200357539046
research_sigma_high,122.0,3.508473060940361,2.458353868006126,1.464000000000001,2.393729168753816,0.11081246299343461,2.929832167894207,0.4714782998880813,-1.8665173575574523,1.4275698139971127,-2.8829715397566567,-2.166892839424828,0.03577459202358838,0.36546912025184447,0.24466594841719294,0.4026185340156222,0.14627734019083824,0.6151810566216767,4.144452891985395e-07,6.913736263491899e-07,6.388448064997831e-08,0.026565638483323217,0.02006213589272768,0.03283049988991049,0.02083049988991049,0.007636369149020217,0.011793756038981917,0.07778146222336901,0.004874721206632629,0.0027599958882716107,0.00763471709490424,0.4251356894312641,0.4409090301027044,-0.013400374701908468,-0.01319413074089032,-0.01339803829258064,0.00020624396101808287,-0.01339803829258064,-0.013191794331562557,0.9297291687538147,2.0809032469432482,1.5022623538970945,1.0164541821992044,-4.346971539756658,0.005558240444499596,0.005557761591870058
research_sigma_high,123.0,3.535281897014952,2.47844217132034,1.476000000000001,2.426918371935005,0.11857760180215049,3.007995541946569,0.5295533706262292,-1.8488585392073007,1.4393592437669427,-2.8497823365754673,-2.1454231066349143,0.03597760781439069,0.3740620034102763,0.24610383478866704,0.40163512627637954,0.14996325203867666,0.6114951447738383,-8.304502094880206e-07,5.841600203559949e-07,5.4191568066297435e-08,0.027055717142924263,0.02011497828124666,0.03356262187439585,0.021562621874395848,0.007899499338323013,0.011784893991370171,0.07855580520810612,0.005039371640012851,0.002858417182648865,0.007897788822661716,0.41937845771511484,0.43502978884578575,-0.013878228544702553,-0.013663122536072714,-0.013875811566256634,0.00021510600862982912,-0.013875811566256634,-0.013660705557626805,0.9509183719350041,2.0959226532480093,1.5686362981796265,1.0009237973681666,-4.325782336575468,0.005763120653052178,0.005763623197749822
research_sigma_high,124.0,3.5625918444268234,2.498584836298169,1.488000000000001,2.4608544125026075,0.12661146167008064,3.0869437783104194,0.5883589420122504,-1.830991116251348,1.451139601979853,-2.815846296007865,-2.123589142567085,0.03618932416367499,0.38283926733698276,0.2475975331617594,0.40063061718254533,0.1537395302590315,0.6077188665534834,6.533577381340194e-07,-3.1371576891814357e-07,-2.9221526226530514e-08,0.027567990815146978,0.02017088194837851,0.03432814979413834,0.02232814979413834,0.00817470024161826,0.011775487063401813,0.07936447202968,0.005211526238075905,0.002961332112119609,0.008172858350195513,0.41349769088422156,0.42902377121463015,-0.014377962489118101,-0.014153449552519959,-0.01437539860252238,0.00022451293659818752,-0.01437539860252238,-0.014150885665924193,0.9728544125026064,2.1114522424469704,1.6358041763305664,0.984855179756517,-4.303846296007866,0.005978602049821591,0.00597874931090182
research_sigma_high,125.0,3.590425840649998,2.5187850265294345,1.500000000000001,2.495574671523282,0.134927002285387,3.166724486005929,0.6479394594764947,-1.8129013351076575,1.4629102178937463,-2.7811260369871906,-2.1013687972182025,0.03641038164022875,0.3918050973077967,0.24914985296954045,0.3996045277525522,0.15760943886966544,0.6038489579428494,1.6138925973407936e-07,2.8963785991820146e-07,2.7091884985397385e-08,0.028103987774427144,0.02023005086651003,0.03512988849709253,0.02312988849709253,0.008462783984962585,0.011765543582064164,0.08021283543310798,0.005391686583479784,0.0030691708643864413,0.008460857447866225,0.4074905848037762,0.42288810198828153,-0.014901560930065783,-0.01466710451212988,-0.014898887691196324,0.0002344564179358362,-0.014898887691196324,-0.014664431273260487,0.9955746715232807,2.1275156227562517,1.7038142681121828,0.9682247018795331,-4.2811260369871915,0.006204037310701738,0.006204320527167361
research_sigma_high,126.0,3.6188081584598555,2.53904607532978,1.5120000000000011,2.5311141894967926,0.1435370296400058,3.2473694491766354,0.7083233738468553,-1.7945830416299444,1.4746706891439814,-2.74558651901368,-2.0787459480512296,0.03664116141650197,0.400961197469409,0.2507641532710843,0.3985566629562788,0.16157419732700087,0.5998841994855141,-3.224785150024445e-07,-8.801487001441899e-07,-8.268183482318392e-08,0.028664998888087295,0.020292636385906518,0.035968052315011434,0.023968052315011434,0.00876418919605415,0.011755045693130128,0.08109551314613306,0.005580284554335865,0.003181880218770663,0.008762164773106528,0.40135599769549596,0.416621493072759,-0.015448817425827266,-0.015203863118957328,-0.015446020479469242,0.0002449543068698719,-0.015446020479469242,-0.01520106617259937,1.0191141894967914,2.144137469315874,1.772698760032654,0.9510034773837355,-4.257586519013681,0.006439408581466299,0.006439673922903132
research_sigma_high,127.0,3.647764615711008,2.5593715126279566,1.5240000000000011,2.5675107761533047,0.1524553806774953,3.3289155122981953,0.7695439996702387,-1.7760225179447249,1.4864203092800066,-2.7091899323571678,-2.0556978145517255,0.03688233687746602,0.4103095375083542,0.2524434076764045,0.3974867973740439,0.16563531971275097,0.5958230770997639,7.45032999738271e-08,-2.410450137269038e-07,-2.2744494010407124e-08,0.029252459340450856,0.02035885266426562,0.03684563881382297,0.024845638813822967,0.009079863715086067,0.011743927399177068,0.08201780358936261,0.005777815540620351,0.003299895876407755,0.009077711417028105,0.39509260986940264,0.41022257715476707,-0.016021847699559943,-0.015765775098736945,-0.016018912021396874,0.0002560726008229326,-0.016018912021396874,-0.01576283942057394,1.0435107761533036,2.161344306431001,1.8424952030181887,0.9331674144124429,-4.233189932357169,0.006685961166877252,0.006685911383650833
research_sigma_high,128.0,3.6773224562217046,2.5797650612453737,1.5360000000000011,2.6048054671244385,0.16169675707017794,3.4114050563553606,0.8316399951099869,-1.75721111929619,1.4981585439423355,-2.671895241386034,-2.0322042881983893,0.03713441470371219,0.4198523271662373,0.2541914384681155,0.3963946781131973,0.1697946570028207,0.5916637398096942,9.386835500002633e-07,-7.805822472839452e-07,-7.399067675217808e-08,0.02986800187679811,0.020428892186014378,0.037765874733455496,0.025765874733455495,0.009410815042729781,0.011732142668641643,0.08298502514926298,0.005984833538691635,0.0034236843536216686,0.009408517892313303,0.38869894079862094,0.40368972236037765,-0.01662291702208396,-0.01635505969072565,-0.016619826959328496,0.00026785733135835724,-0.016619826959328496,-0.01635196962797014,1.0688054671244374,2.1791639122793693,1.9132465124130251,0.9146841220898441,-4.207895241386035,0.006944304686463898,0.006944244647995933
research_sigma_high,129.0,3.7075106836918073,2.600230667389841,1.5480000000000012,2.6430425256202157,0.17127701076295487,3.4948855625967212,0.8946548952068802,-1.738133908571797,1.5098845946172899,-2.6336581828902568,-2.0082393823891764,0.03739815495353263,0.4295919822648078,0.2560118555713715,0.3952800286963609,0.1740543572764316,0.5874040395360833,8.791454217949024e-07,-1.2096807777695062e-07,-1.1520381981711125e-08,0.030513439954792262,0.02050300432730811,0.03873141163817295,0.026731411638172952,0.009758001054204879,0.01171961978343894,0.08399978831676402,0.006201960656546597,0.00355361225611394,0.009755572912660538,0.38217337188257877,0.3970212334925768,-0.01725379080052908,-0.016973410583968007,-0.01725054493259195,0.00028038021656106096,-0.01725054493259195,-0.01697016471603089,1.0950425256202145,2.197626089074517,1.9850009679794314,0.8955242743184597,-4.181658182890258,0.007215678724326269,0.007215409529763194
research_sigma_high,130.0,3.738359999723709,2.6207725146389764,1.5600000000000012,2.6822682904007844,0.1812127591785877,3.5794046329888887,0.9586321183499122,-1.7187797618475373,1.5215977835092134,-2.594432418109688,-1.9837790322520688,0.037674200267023485,0.4395303472524688,0.25790891025522744,0.39414263803666194,0.1784162149393582,0.5830421818731567,-6.062095865289052e-07,-2.4219312111384284e-07,-2.3176902064214744e-08,0.031190689169900712,0.020581424361798977,0.0397435140359641,0.0277435140359641,0.010122163060048539,0.01170635673744913,0.08505940887673136,0.006429829702709022,0.0036897910281301527,0.010119620730839175,0.3755146673408459,0.39021573301374923,-0.01791499423846643,-0.017621350975915606,-0.01791160693267065,0.0002936432625508696,-0.01791160693267065,-0.01761796367011978,1.1222682904007832,2.2167622162144958,2.0578068494796753,0.8756526562621507,-4.154432418109689,0.007499425623252343,0.007499187915867022
research_sigma_high,131.0,3.7699032410874618,2.641395039232149,1.5720000000000012,2.722529553692144,0.19152133688305195,3.665004380350184,1.0236093411180351,-1.6991350573252924,1.5332973080921881,-2.5541711548183286,-1.958796762292997,0.03796331207534155,0.44966788751908854,0.2598867497451879,0.39298245287281547,0.18288088996236163,0.5785775068501533,-9.308406254682211e-07,3.544466928850909e-07,3.40881342042465e-08,0.031901605768953525,0.020664413719390155,0.040805010346446347,0.028805010346446346,0.010504362796883493,0.011692276060744966,0.08616649156825229,0.0066690788037088245,0.0038325914507510244,0.010501670254459848,0.3687225153622107,0.38327282107882255,-0.018608371488817887,-0.018300647549562954,-0.018604812867723423,0.0003077239392550342,-0.018604812867723423,-0.01829708892846839,1.1505295536921427,2.236605932995274,2.1317070722579956,0.8550360974930362,-4.12617115481833,0.007796779215499816,0.00779628475267936
research_sigma_high,132.0,3.8021750868160296,2.6621029436703525,1.5840000000000012,2.763878311093677,0.2022214847723547,3.7517376161253932,1.0896346724550408,-1.6791862034165377,1.5449823356307033,-2.5128223974167954,-1.9332642978827306,0.038266279423285435,0.4600058236902221,0.26195012019898034,0.39179933351100793,0.1874499057429618,0.5740084910695531,-4.652424365758634e-07,7.467325198184938e-07,7.218373443418358e-08,0.032648403591928096,0.02075225507921318,0.04192054317459282,0.029920543174592817,0.010906018172748388,0.011677321057651624,0.08732902632269668,0.006920457236311236,0.00398269241598194,0.010903149652293175,0.3617960981275512,0.376191549060582,-0.01933720394419297,-0.019014525001844473,-0.019333458330009424,0.00032267894234837627,-0.019333458330009424,-0.019010779387661048,1.179878311093676,2.2571927511853263,2.20675528049469,0.8336361940002577,-4.096822397416797,0.008108338456485953,0.00810850682909604
research_sigma_high,133.0,3.8352127569012184,2.6829012581688145,1.5960000000000012,2.8063706400413295,0.21333337322854873,3.8396624329955773,1.1567611748267628,-1.6589183804123204,1.5566519502074914,-2.470330068469143,-1.9071508477288102,0.03858396974256039,0.4705453423562368,0.26410415295502765,0.390593144152564,0.19212492543799467,0.5693334713745203,-2.1774004377306255e-07,1.77014727320568e-08,1.7201685076351225e-09,0.03343352171693169,0.02084525953124516,0.04309334963225142,0.03109334963225142,0.01132840306745131,0.011661355142275176,0.08854955876318571,0.007184814969636649,0.0041405297420929,0.011325344711729548,0.35473462062132133,0.3689709859802666,-0.020103591422524825,-0.019764946564799935,-0.020099658942198555,0.00033864485772482425,-0.020099658942198555,-0.01976101408447373,1.2103706400413283,2.278560806693727,2.283010482788086,0.8114116880568225,-4.066330068469144,0.008436589364687164,0.008436543497348802
research_sigma_high,134.0,3.86905575609701,2.7037953017581717,1.6080000000000012,2.85006501035818,0.2248782909072573,3.9288367336517647,1.225041431893593,-1.6383130246871633,1.5683050459152537,-2.4266356981522925,-1.8804216378415464,0.03891743124712505,0.4812867778125272,0.266353966238079,0.38936384653923306,0.19690703238396898,0.5645513644285459,4.6291184219171555e-08,8.384671965622204e-07,8.192223271974441e-08,0.03425951822215856,0.020943781802527036,0.04432690657526761,0.032326906575267614,0.011772810203167672,0.01164436361803245,0.08983075640215099,0.007463001019361616,0.004306553262600958,0.011769554281962573,0.3475378588656068,0.3616108232163452,-0.02090973275406738,-0.020554096372099984,-0.02090559836214058,0.0003556363819675508,-0.02090559836214058,-0.020549961980173028,1.2420650103581787,2.300750710181756,2.3605316877365112,0.7883226734651292,-4.034635698152294,0.00878086159242808,0.00878128616893227
research_sigma_high,135.0,3.9037463644756447,2.7247907696799913,1.6200000000000012,2.8950244531918647,0.23687899363488407,4.019323945799879,1.294533176119888,-1.6173566572274642,1.5799406774435563,-2.3816762553186077,-1.8530437573117502,0.0392675556428574,0.49223026692559585,0.2687057475164708,0.38811142500740403,0.20179735522464476,0.5596610415878702,-1.9348296298460355e-08,-8.314515356211416e-07,-8.169135545799122e-08,0.03512922305105806,0.021048165852652678,0.04562480137824343,0.03362480137824343,0.012240685214622071,0.011626224099870464,0.09117517906355443,0.007755989653891908,0.00448123282616546,0.012237222480057368,0.34020572115985076,0.35411078615908875,-0.021757892063751116,-0.02138411616362157,-0.021753557408570205,0.0003737759001295367,-0.021753557408570205,-0.02137978150844067,1.2750244531918635,2.3238056870320882,2.4393832683563232,0.7643195980911435,-4.001676255318609,0.009142999707933308,0.00914343094899929
research_sigma_high,136.0,3.939329776717898,2.745893734275255,1.6320000000000012,2.941314613114667,0.24935966133650145,4.1111870917788735,1.3652933575036186,-1.5960270252712967,1.5915574941149946,-2.3353860953958057,-1.8249764224910545,0.039635621775836884,0.5033749136958402,0.2711652240747113,0.38683598209925385,0.20679625297032012,0.5546621438421948,8.448236656910524e-07,-2.4014935373628532e-08,-2.373091612106748e-09,0.03604557699393934,0.021158837914393044,0.04699262089483014,0.03499262089483014,0.012733876238700814,0.011606783129026743,0.09259071991567858,0.008064801975421159,0.004665360072939126,0.012730162048360284,0.332738807823787,0.34647141789980146,-0.022651961527102582,-0.022258744656129203,-0.02264737899485014,0.0003932168709732571,-0.02264737899485014,-0.022254162123876882,1.3093146131146656,2.3477722826029033,2.519629597663879,0.739359070124509,-3.967386095395807,0.009525472856809936,0.009524868417428514
research_sigma_high,137.0,3.975854307485928,2.7671106904082188,1.6440000000000012,2.989009694981525,0.2623467461122857,4.204505385631236,1.4373946952230177,-1.5743057115138444,1.6031542437016097,-2.2876910135289474,-1.7961785272389468,0.04002281103599448,0.5147209237434983,0.2737394964708815,0.3855374942826886,0.21190547004647428,0.5495529267660406,-3.554365686220251e-07,3.7742722724942723e-07,3.751743193891599e-08,0.03701214198967419,0.021276236757226275,0.04843357210725152,0.036433572107251525,0.013253835629647548,0.0115860609720565,0.09407739922507785,0.008390606735813837,0.0048593131512472765,0.013249919887061114,0.32513698109185607,0.33869240314214083,-0.023593675505547362,-0.02317973647760385,-0.023588898792462516,0.00041393902794350027,-0.023588898792462516,-0.023174959764519016,1.3450096949815238,2.3727000637843183,2.6013511419296265,0.7133853020151031,-3.9316910135289485,0.00992633435233592,0.009925900847956429
research_sigma_high,138.0,4.013371828816586,2.7884485915839408,1.6560000000000012,3.03818175732917,0.27586733259579654,4.299341890229029,1.5108932986450885,-1.5521743565666248,1.6147296160591076,-2.2385189511813026,-1.7666086468920743,0.04043035735276056,0.5262650268708405,0.27643563314378217,0.3842163358136705,0.21712360947880244,0.5443347873337125,9.80683098728008e-07,8.429938236353962e-07,8.430737186149173e-08,0.038032160948268015,0.021400814573036376,0.049953846921995115,0.03795384692199512,0.013802695593157832,0.011563890070037663,0.09564309605987509,0.008734529389816016,0.005063931551945148,0.013798460941761164,0.3174024319965368,0.33077581645965165,-0.02458726125879973,-0.024151151328837384,-0.02458219199973374,0.0004361099299623368,-0.02458219199973374,-0.024146082069771403,1.3821817573291686,2.398642212757479,2.684612274169922,0.6863445946146778,-3.894518951181304,0.010348039239959528,0.010348455735679454
research_sigma_high,139.0,4.051937965043243,2.809914893341258,1.6680000000000013,3.0889173888255153,0.28995213729860136,4.395791577750987,1.5858766844097287,-1.5296096330339253,1.626282023841685,-2.187783319684957,-1.7362167136358682,0.04085975715171157,0.5380070561588347,0.2792618442237329,0.3828725257951556,0.2224527177581678,0.5390056790543472,-1.3871775061957692e-07,-4.555642125758652e-07,-4.584676976948643e-08,0.03911001307050517,0.02153311859740941,0.05155981549142874,0.03955981549142874,0.01438271650459877,0.011540065853264947,0.09729565247741068,0.009098082581689274,0.0052801360033439436,0.014378218585033218,0.3095352723735807,0.32272159851658033,-0.025637033133565024,-0.02517709898682996,-0.025631728171572547,0.0004599341467350533,-0.025631728171572547,-0.025171794024837494,1.420917388825514,2.4256559412015584,2.7695095539093018,0.6581736866510319,-3.8557833196849582,0.010793661205437788,0.010794382482231205
research_sigma_high,140.0,4.091612491911507,2.831517600230998,1.6800000000000013,3.1413013883120273,0.3046327656049941,4.493933195183851,1.6624155949528525,-1.5065870341557492,1.6378097477656375,-2.135399320198445,-1.7049511230094272,0.04131262919325027,0.5499431218626467,0.2822262504687448,0.3815065093868304,0.22789146516154318,0.5335669316509717,-8.058148672773768e-07,-5.995597631702765e-07,-6.072779179522314e-08,0.040249781929928216,0.021673725450329324,0.05325447187254184,0.041254471872541845,0.014995641028574425,0.011514478648469773,0.0990322765953997,0.009482650082881287,0.0055081894835692586,0.014990839566450545,0.30153810835202666,0.31453226310708343,-0.026744352195497534,-0.026258830843967407,-0.026738783900821655,0.0004855213515302277,-0.026738783900821655,-0.026253262549291428,1.461301388312026,2.453802744145869,2.856123447418213,0.6288122860426959,-3.8153993201984466,0.011263746226594762,0.011263189815392996
research_sigma_high,141.0,4.132459676742013,2.853265323517367,1.6920000000000013,3.195426332570599,0.3199434193557502,4.593856130941786,1.740590807424419,-1.4830821405807357,1.6493109811386246,-2.0812743759398735,-1.672756859148036,0.041790671233929114,0.5620691971639409,0.28533798676244715,0.3801187474356823,0.2334387555490293,0.5280196412634857,3.010984559459473e-07,6.572581909836117e-07,6.701411270348956e-08,0.041456087618717385,0.021823261316172606,0.05504789019178302,0.043047890191783025,0.01564455125670694,0.011486981510291816,0.10086891472257209,0.00988980501578044,0.005749555153870552,0.015639360169650993,0.29341363790015956,0.3062103750106477,-0.027916357424784266,-0.02740333893507596,-0.02791046191199298,0.0005130184897081842,-0.02791046191199298,-0.027397443422284794,1.5034263325705977,2.483148695603389,2.9445451498031616,0.5981922353591378,-3.7732743759398746,0.011759458660255184,0.011758787678369145
research_sigma_high,142.0,4.17454876782422,2.875167337608288,1.7040000000000013,3.2513971686955934,0.33592186811840796,4.695671024628995,1.820503687020707,-1.4590681168352388,1.6607837107862211,-2.025303539814879,-1.639572161333773,0.042295773429975515,0.5743824147976884,0.28860745143163846,0.3787095680842646,0.23909519959994388,0.5223631972125711,-5.836800460734537e-07,7.424040089354378e-07,7.621266184809627e-08,0.04273451055067164,0.021982437582662804,0.05694664341956912,0.044946643419569124,0.016332072369171335,0.011457416161711587,0.10281077299993813,0.010321441148356817,0.006005101616848214,0.01632654276520503,0.28516378208554877,0.2977576731668506,-0.02915715488868631,-0.028614571050397664,-0.029150978722564155,0.0005425838382884136,-0.029150978722564155,-0.02860839488427574,1.547397168695592,2.5137650570379986,3.0348873138427734,0.5662354229796402,-3.7293035398148806,0.012281951531584623,0.012282498681226453
research_sigma_high,143.0,4.217954499744843,2.8972336542947366,1.7160000000000013,3.309319619409737,0.3526075640940929,4.799477676941662,1.9022440226469257,-1.4345182375175665,1.6722258134620478,-1.9673810891007353,-1.6053334093295337,0.04282992504059671,0.5868764900897304,0.2920454131312958,0.37727969057861976,0.24485830155251156,0.5166000952600034,-6.623709354336427e-07,-4.37041092649082e-07,-4.518019353083602e-08,0.04409053002616524,0.022152006303345108,0.05895660920597812,0.04695660920597812,0.017060914386237802,0.011425496538365443,0.10486024757214807,0.010779461050973934,0.006275522055698619,0.017054983106672552,0.2767927516398806,0.2891782337131886,-0.030470198281374872,-0.029895694819740526,-0.030463699299507867,0.0005745034616345575,-0.030463699299507867,-0.02988919583787331,1.5933196194097359,2.5457286862827946,3.1272518634796143,0.5328628515831688,-3.6833810891007364,0.0128348726827745,0.012834780433502516
research_sigma_high,144.0,4.26275766114504,2.9194751001269994,1.7280000000000013,3.3693103871075496,0.37004369689088357,4.905391519773291,1.9859164196462915,-1.4093983714696898,1.683634703862952,-1.9073903214029229,-1.569966652421825,0.04339555027015147,0.5995452168140858,0.2956633038770328,0.3758298251868324,0.25072615096743983,0.5107322458450752,2.859693921664075e-07,9.26902552933484e-07,9.651210386429909e-08,0.04553044671855078,0.02233284813046985,0.06108935376876401,0.04908935376876401,0.017834887561982593,0.011391031460809997,0.10703324051384966,0.011266007035054457,0.006562453759131249,0.017828460794185708,0.26830470473456247,0.2804761203131906,-0.03186343474597131,-0.031254466206781295,-0.03185657164626821,0.0006089685391900031,-0.03185657164626821,-0.03124760310707821,1.6413103871075483,2.5791229572820877,3.221756815910339,0.49799194993323304,-3.635390321402924,0.013419342236566711,0.013419578644798827
research_sigma_high,145.0,4.3090457748138125,2.9419034167930707,1.7400000000000013,3.431498326947265,0.38827733921805807,5.013544157969362,2.071640741176291,-1.383679553044433,1.6950078763836678,-1.8452023815632073,-1.5333958397560565,0.04399498833429521,0.6123822264979555,0.299474683144384,0.374360700745234,0.2566973317031233,0.5047610651093917,1.0763098057253728e-07,-9.098575568522449e-07,-9.543933393585391e-08,0.04706150373088276,0.02252589552975572,0.06335377883967186,0.05135377883967186,0.018657558240167238,0.01135372078339103,0.10933749830643213,0.011783568372672273,0.006867069950605269,0.01865063832327754,0.2597039082463698,0.27165538368242664,-0.03334249981611359,-0.0326962205995045,-0.03333529102235569,0.00064627921660897,-0.03333529102235569,-0.03268901180574672,1.6914983269472639,2.6140378984301447,3.318536281585694,0.46152282851877424,-3.5852023815632084,0.014038338302769793,0.014038662359337387
research_sigma_high,146.0,4.356913607427263,2.964531333267108,1.7520000000000013,3.4960179447868933,0.40735881337121804,5.124066516386155,2.159535183119047,-1.3573216948641502,1.706342145429734,-1.7806827637235791,-1.4955329262766122,0.044631218660067876,0.6253786211240474,0.3034929058494506,0.37287333558247016,0.2627682637453891,0.49869013306712584,4.3406752547880956e-07,2.78789417773595e-07,2.9465944406670275e-08,0.04869128275099224,0.02273223815797696,0.06576045994953583,0.053760459949535835,0.019532993078615668,0.011313243192517142,0.11178342847236333,0.012334753054296784,0.007190762568046599,0.019525515622343385,0.2509963238468882,0.26272192345960754,-0.03491422367840302,-0.034227466870920376,-0.03490661440799321,0.0006867568074828585,-0.03490661440799321,-0.034219857600510356,1.744017944786892,2.6505714619975285,3.417724370956421,0.4233610688594289,-3.5326827637235807,0.014694817823254658,0.0146944737923045
research_sigma_high,147.0,4.406464158173782,2.987372714402842,1.7640000000000013,3.563019246846337,0.4273433253752894,5.237111014914088,2.2497383005112463,-1.3302899173979237,1.717634362768702,-1.7136814616641356,-1.4562860361804035,0.04530717287583611,0.6385255769271129,0.30773389791861694,0.37136873952945265,0.26893624192628796,0.49252215488622697,-5.922885781828313e-07,-2.2179565650759514e-07,-2.3624980249881133e-08,0.050428634742565995,0.022953047521476155,0.06832057824455706,0.056320578244557065,0.020465592102015262,0.011269363058473814,0.1143815242179893,0.012922559655750421,0.007534993862039831,0.02045755351779025,0.24218786345883436,0.25368145290080435,-0.036585623084067986,-0.03585498614254168,-0.03657764010698949,0.0007306369415261867,-0.03657764010698949,-0.0358470031654633,1.7990192468463355,2.68882979540508,3.519476652145386,0.3833915442662119,-3.4776814616641367,0.015389200819398985,0.015389394040526541
research_sigma_high,148.0,4.4578096289787394,3.0104426785663048,1.7760000000000014,3.6326591012760074,0.44828999757524857,5.352829564822134,2.342386886255829,-1.3025432932253522,1.7288808715466817,-1.644041607234465,-1.415553724133154,0.04602625459589668,0.6518112863401619,0.31221411327362136,0.36984826389662595,0.27519586044597616,0.48626253636653877,-1.8629507403389312e-07,-1.0765283731117847e-07,-1.1558494772412331e-08,0.05228282362105016,0.023189643317218782,0.07104704238941562,0.05904704238941562,0.02146040791913828,0.01122160974833708,0.11714472595545988,0.013550200577995318,0.007901459900774094,0.02145166047876941,0.23328643815209146,0.24454178039592833,-0.038365024721940144,-0.0375866344702771,-0.038356601460068425,0.00077839025166292,-0.038356601460068425,-0.0375782112084055,1.856659101276006,2.7289287574320578,3.623948693275452,0.3414983140091128,-3.4200416072344666,0.01612626186701993,0.01612622655113906
research_sigma_high,149.0,4.511072303891177,3.0337577588575524,1.7880000000000014,3.705113331625168,0.47026414121356597,5.471400466825008,2.4376427079674556,-1.2740373936638838,1.7400775822653762,-1.5715873768853044,-1.373222562921878,0.04679226377555432,0.665224138605607,0.3169521282539947,0.36831323747069167,0.2815428497410758,0.47991554707143913,1.758710719279577e-07,-1.51163894734907e-07,-1.6362998733754353e-08,0.054264747369766386,0.023443529157556316,0.07395580925050593,0.061955809250505936,0.022523287900707567,0.011169528965724762,0.12009135485149702,0.014221422073333736,0.008292350070468791,0.022513772143802527,0.22429982713424326,0.23531053999065407,-0.040262992384073604,-0.039432521349798466,-0.04025412655567376,0.0008304710342752382,-0.04025412655567376,-0.039423655521398523,1.9171133316251667,2.7709947216258004,3.731322884559632,0.29754998322142057,-3.3595873768853055,0.01690948057629016,0.016909233449090802
research_sigma_high,150.0,4.566385726119817,3.057336062337304,1.8000000000000014,3.7805707197770193,0.4933365733766637,5.593012274525128,2.535676212187824,-1.2447243320727719,1.7512199294781312,-1.4961299887334532,-1.3291683910572036,0.04760943457285439,0.6787503236760427,0.32196806243646625,0.3667652407348529,0.2879712853135912,0.47348711149892375,9.522538033657213e-07,3.8660156143066615e-07,4.219845378683473e-08,0.05638634989082711,0.02371639273975785,0.07706389558370885,0.06506389558370886,0.02366067528101612,0.011112588154329806,0.12323965381289881,0.01494034137304411,0.008709941174650727,0.023650282547694836,0.21523728313705137,0.22599686614967443,-0.04229063214836293,-0.041403220302692834,-0.042281267838110335,0.0008874118456701947,-0.042281267838110335,-0.04139385599244014,1.980570719777018,2.815165796641686,3.8417923450469966,0.25140565666068126,-3.2961299887334548,0.017742913948549655,0.017742545021676617
research_sigma_high,151.0,4.623896298735916,3.0811975157403872,1.8120000000000014,3.859241122792586,0.5175854917755982,5.717879774450806,2.6366822587104184,-1.2145515657667845,1.7623027585740358,-1.4174595857178867,-1.2832522029003042,0.048482539034589975,0.6923754723808687,0.3272843821296867,0.3652059181608561,0.2944756787818892,0.46698271803062574,-1.9613050561417822e-07,5.866898513673391e-07,6.458554818733475e-08,0.058661452517255394,0.02401016450681547,0.08038800907376142,0.06838800907376143,0.024879360621923752,0.011050263793380699,0.12660519257298297,0.01571169227887865,0.009156402261300687,0.024868094540179336,0.20610843350481795,0.21661024832450287,-0.04445838465845697,-0.04350864845183755,-0.044448554666508204,0.0009497362066193012,-0.044448554666508204,-0.0434988184598889,2.0472411227925846,2.8615935401618806,3.95557701587677,0.2029080199511022,-3.229459585717888,0.01862931671849033,0.018629287829913924
research_sigma_high,152.0,4.683764637841617,3.105364065210385,1.8240000000000014,3.941346737924542,0.5430952946205112,5.846222659671094,2.740858594460709,-1.1834656986357912,1.7733204570648926,-1.3353539705859303,-1.2353246747498434,0.04941675715541746,0.7060816935993978,0.332925421875239,0.3636373172880689,0.3010472218053615,0.46041117500715345,-3.803425783210912e-07,4.4437871427049913e-07,4.9345162678182675e-08,0.061104853838160986,0.02432698814127595,0.08394709699843483,0.07194709699843484,0.026187047911618078,0.010981906088009974,0.13020609679998518,0.016540572757549835,0.009634164338978542,0.02617473709652838,0.19692526528840348,0.20716256758231133,-0.046778142998807004,-0.045760049086816856,-0.046767788053293916,0.0010180939119900263,-0.046767788053293916,-0.04574969414130389,2.1173467379245405,2.9104441807767243,4.072902202606201,0.1518882719501391,-3.159353970585932,0.01957262864889242,0.01957300117519868
research_sigma_high,153.0,4.746167689420202,3.1298599894980037,1.8360000000000014,4.0271353167894555,0.5699595875988344,5.978291968050776,2.8484319785527723,-1.1514063084689996,1.7842665707500558,-1.249565391721017,-1.1852167144447345,0.05041803611639264,0.7198504165470483,0.3389182120373585,0.3620615634396156,0.30767743362258876,0.45378096318992617,4.3357504475594055e-07,-1.583627611267957e-07,-1.774079894101277e-08,0.06373371831455178,0.024669344656422655,0.08776745551726162,0.07576745551726162,0.027593355196533165,0.010906591714764269,0.13407362967863135,0.01743295177792988,0.010146855432294497,0.027579807210224377,0.18770022091347763,0.19766616053428382,-0.04926750860596418,-0.04817410032072844,-0.049256579768419906,0.0010934082852357314,-0.049256579768419906,-0.04816317148318418,2.1911353167894543,2.961901118670146,4.19402539730072,0.09815908325201739,-3.085565391721018,0.020580449880505336,0.02058074512419529
research_sigma_high,154.0,4.811300538990566,3.1547122254454636,1.8480000000000014,4.116881648959065,0.5982820050135775,6.1143699190283565,2.959657693582893,-1.1183047988747805,1.7951336404944211,-1.159819059551407,-1.1327369745509714,0.051493237074628696,0.7336618233429639,0.3452925787496435,0.36048092466186077,0.31435764155689483,0.4471007552556201,4.7121311874676053e-07,-1.4610866561071134e-07,-1.651507275379771e-08,0.06656783689555883,0.025040110675392652,0.09187573640782576,0.07987573640782576,0.029108616896820982,0.010823359584228087,0.13823633441867011,0.018395677512739145,0.010698041833069502,0.02909371934580865,0.17844657836021416,0.18813421826308516,-0.05194375992677669,-0.050767119511004766,-0.051932241908104394,0.001176640415771913,-0.051932241908104394,-0.05075560149233248,2.2688816489590637,3.016166898496145,4.3192362785339355,0.04151426067662656,-3.0078190595514087,0.02165903148593107,0.021658502614183797
research_sigma_high,155.0,4.8793792713274735,3.1799507760823404,1.8600000000000014,4.210886789605107,0.6281768213924763,6.254764636888116,3.074813860805776,-1.0840882454971374,1.805913289918512,-1.0658139189053655,-1.0776732204199075,0.0526500418517656,0.7474937079827497,0.35208154307773926,0.3588979423086409,0.3210774432242704,0.44038095358824453,-6.473327709421994e-07,8.993807334434223e-07,1.0258341814894933e-07,0.06962954021679428,0.025442580365810867,0.09629893977255843,0.08429893977255844,0.03074396407863267,0.010731305203847796,0.14272012861769667,0.01943641755427234,0.01129118216407502,0.030727599718347362,0.16917921565155766,0.1785815412735636,-0.05482367049007786,-0.053554975693925866,-0.054811563903276815,0.001268694796152204,-0.054811563903276815,-0.05354286910712461,2.3508867896051058,3.0734659814089618,4.4488513469696045,-0.018274326591771972,-2.9258139189053667,0.022811402879171272,0.0228110116152931
research_sigma_high,156.0,4.950643682475094,3.2056091791025474,1.8720000000000014,4.309479528504182,0.6597699331708429,6.39981017626375,3.1942009971612024,-1.048681993116438,1.8165962509021167,-0.9672211800062902,-1.019791775796941,0.05389691743669513,0.7613210123604672,0.3593218311057739,0.35731548414096875,0.32782395693517813,0.4336344398773368,-5.348997564880165e-07,6.364190907603984e-07,7.325490569698445e-08,0.07294389714554303,0.02588051507386899,0.10107093197595596,0.08907093197595596,0.03251273746599748,0.010629152190341218,0.14756128681863734,0.020563865835216598,0.011930754522299,0.032494620357515595,0.15991492171848695,0.1690248395399207,-0.05792904231961715,-0.05655819450995836,-0.057916284088830115,0.0013708478096587824,-0.057916284088830115,-0.05654543627917133,2.4374795285041806,3.134047431572977,4.583213925361633,-0.08146081311014775,-2.839221180006292,0.02404481114114687,0.024045457043961008
research_sigma_high,157.0,5.025360937818197,3.2317250861152944,1.8840000000000015,4.413028653557019,0.6932022963244713,6.549887210525391,3.3181621244100965,-1.0119986232148437,1.8271715942991944,-0.8636720549534536,-0.9588239641859879,0.05524382976872741,0.7751174912140143,0.3670540487831147,0.35573655378328506,0.33458426121529056,0.42687413559722437,7.444460194960811e-07,-3.9242489480173504e-07,-4.5585131502878795e-08,0.07654019443401584,0.026358355449885365,0.10623573721388846,0.09423573721388846,0.03443133229752826,0.010515054400941137,0.15281160705902241,0.021788296210914652,0.012622827034652983,0.03441112324556764,0.15067128088661041,0.15948165847885035,-0.061289350515419394,-0.05980440491636041,-0.06127585939151936,0.001484945599058863,-0.06127585939151936,-0.0597909137924605,2.5290286535570177,3.1981893435190027,4.722715616226196,-0.14832656826139012,-2.747672054953455,0.025373145755311244,0.02537307261883194
research_sigma_high,158.0,5.103829706982135,3.2583409539977266,1.8960000000000015,4.521951002931959,0.7286325977658994,6.705433390381795,3.447092436384068,-0.9739357016058154,1.837626359703999,-0.7547497055785133,-0.8944592692535972,0.05670257234698512,0.7888559081609706,0.3753233557132713,0.35416426828824443,0.34134602963444527,0.42011236717806966,-6.935800564988881e-07,7.826920493947398e-07,9.175331511235285e-08,0.08045307459763966,0.026881380670249724,0.11183468136332353,0.09983468136332353,0.036516812975082025,0.010387449365832357,0.15851244221327487,0.02312165632649641,0.013372750447402968,0.03649440677389938,0.14146654153214966,0.14997023991057368,-0.06493041902240915,-0.0633178683882415,-0.06491626430778141,0.0016125506341676428,-0.06491626430778141,-0.06330371367361377,2.6259510029319575,3.266203347278136,4.867807030677795,-0.21918599602730215,-2.650749705578515,0.026801400762774596,0.026801055413159483
research_sigma_high,159.0,5.186385210225411,3.285504898497384,1.9080000000000015,4.636698016283666,0.7662359222746353,6.866912094951941,3.5814071964545566,-0.9343958216892945,1.8479464930308591,-0.6400026922268065,-0.8263598484409305,0.058285856033479355,0.802504214553698,0.38418020739261977,0.35260229544552124,0.3480911807669554,0.41336721604555954,5.978870611933473e-07,2.9827433545293047e-07,3.528373188066425e-08,0.08472088108311958,0.02745562973202619,0.11792162784546756,0.10592162784546756,0.03879023234272183,0.010244099877391832,0.16472324588111498,0.024577337797890158,0.014187696744500352,0.03876503454239051,0.13232217624902232,0.1405120408319221,-0.06888729562535367,-0.06713139550274572,-0.06887231429369105,0.0017559001226081679,-0.06887231429369105,-0.06711641417108288,2.7286980162836647,3.3384387171945518,5.0189656019210815,-0.29439312946248797,-2.5480026922268078,0.028341107628856443,0.0283411631600239
research_sigma_high,160.0,5.273405479124184,3.3132717437028076,1.9200000000000015,4.757794258622894,0.806213062451343,7.034879882144025,3.721608138441217,-0.8932534863481025,1.8581145594587827,-0.5189064498875782,-0.7541215575501568,0.060009434566396895,0.8160311943240646,0.3936809100935578,0.3510542077606904,0.3548052895273435,0.4066531072851714,-2.3364729972996656e-07,6.716297145104022e-07,8.015774466407777e-08,0.08939073936521298,0.02808849529580273,0.12456070913434925,0.11256070913434925,0.04127650143937622,0.010082178300263478,0.1715162922796032,0.026171825151433337,0.01507637011336266,0.041248195264796,0.12325909980287672,0.13112801802007362,-0.07320202939470954,-0.07128420769497301,-0.07318626268622654,0.0019178216997365223,-0.07318626268622654,-0.07126844098649002,2.8377942586228926,3.4152909196654013,5.176765322685242,-0.37434703646052436,-2.43890644988758,0.03000779694879241,0.030007706255596803
research_sigma_high,161.0,5.365318557032401,3.3417043088368126,1.9320000000000015,4.8858194345523644,0.8487889251533878,7.209944679511147,3.8682403706743345,-0.8503802277917096,1.868110849631386,-0.390881273958108,-0.6772916497648842,0.06189101719768838,0.8294014414352622,0.40388829507388646,0.3495240572579644,0.36146897505356174,0.3999894217589532,-4.603964489646728e-07,4.79660726693254e-07,5.774216615961336e-08,0.09451642400685005,0.028788676511184445,0.13182185008510228,0.11982185008510228,0.044003884959269546,0.009898556949432424,0.1789662377851564,0.027923896128947818,0.01604796972564714,0.043971865854594956,0.11430103423837433,0.1218419568874985,-0.0779194081764003,-0.07581796512583261,-0.0779027656584813,0.002101443050567576,-0.0779027656584813,-0.07580132260791372,2.953819434552363,3.4972077074010146,5.341833829879761,-0.4594989538336016,-2.3228812739581093,0.031814076663788216,0.03181408016656319
research_sigma_high,162.0,5.462611604386271,3.3708750284924536,1.9440000000000015,5.021437958793099,0.8942208323698821,7.392812357714337,4.021937329221884,-0.8056253330205261,1.8779116733576475,-0.2552627497173736,-0.5953396443919334,0.06395181735287823,0.8425784258237095,0.4148726484041413,0.3480160246001755,0.36806319516255737,0.39339520164995756,-7.6604790022472e-07,6.646241645924533e-07,8.0669863622429e-08,0.1001625897791825,0.029566760778214875,0.13979269230609104,0.12779269230609103,0.04700694782960202,0.009689136860192349,0.18717090737563424,0.029856239463266755,0.01711428668196722,0.046970526145233976,0.10547245469811466,0.112678446102893,-0.08309660761629667,-0.08078574447648901,-0.08307906156294771,0.0023108631398076514,-0.08307906156294771,-0.08076819842314006,3.077437958793097,3.584699931028623,5.5149006843566895,-0.5503625833031525,-2.1992627497173753,0.03377879559737518,0.03377879664688699
research_sigma_high,163.0,5.5658425680900265,3.4008680343362716,1.9560000000000015,5.1654048191645465,0.9428028208125918,7.5842864942624155,4.183418459926144,-0.7588226365969593,1.8874891233517708,-0.11129588934592594,-0.5076517150923474,0.06621669638422849,0.855523051253845,0.42671274877577847,0.34653458413428223,0.37456633611097534,0.3868920607015396,8.826847186504949e-07,4.775617030716717e-07,5.841271488726818e-08,0.10640589756168421,0.030435594640719182,0.14858180981997027,0.13658180981997026,0.05032784379344124,0.009448653620175329,0.19625378267138371,0.031995890500697934,0.01829006409062564,0.050285954591323574,0.09679955565992385,0.10366383216009444,-0.08880531240635392,-0.08625396602652913,-0.08878671888653228,0.002551346379824671,-0.08878671888653228,-0.08623537250670761,3.2094048191645452,3.6783534447382555,5.6967973709106445,-0.6475267472510333,-2.0672958893459272,0.0359261936363493,0.035926122233087776
research_sigma_high,164.0,5.675654059734086,3.431781762201079,1.9680000000000015,5.318601578433039,0.9948765199567646,7.785319923057105,4.353538160856026,-0.7097729457478275,1.8968089805979982,0.04190086992256692,-0.4134961763510643,0.06871601817333042,0.8681958949416991,0.43949734564558696,0.34508424757889444,0.3809590394740277,0.3804993573384872,-7.272656081802609e-07,8.074306876437731e-07,9.945100482022795e-08,0.11334096130601413,0.031411151949605656,0.15831259136552456,0.14631259136552455,0.05401614446822889,0.009170859926093455,0.20635077344690655,0.034376133455373825,0.019591835025360108,0.05396796848073393,0.08830875038906157,0.0948247281305624,-0.09512558697120244,-0.09229644689729599,-0.09510599526873843,0.002829140073906545,-0.09510599526873843,-0.09227685519483189,3.3506015784330376,3.7788450791360875,5.8885109424591064,-0.7516738156703944,-1.9260991300774346,0.038280183427680026,0.03828030242906677
research_sigma_high,165.0,5.792792006440158,3.4637323888560654,1.9800000000000015,5.482030001895596,1.0508351097490496,7.996988041156229,4.533255652300163,-0.6582622697415992,1.9058308432039577,0.20532929338512318,-0.312024916854833,0.07148538400125273,0.8805534732132972,0.4533254315943227,0.3436699913989226,0.3872153233499151,0.37424307346259983,6.059781725298308e-07,2.395589295822731e-07,2.9683924596124456e-08,0.12107982834139024,0.03251307561162035,0.1691403521189656,0.1571403521189656,0.058133470025162115,0.008847504944495155,0.217636019081763,0.03703666672097538,0.021040548314370355,0.058077215035345735,0.08002917294709083,0.08619053654961399,-0.10215937714930834,-0.09900688209380348,-0.10213858405034157,0.0031524950555048455,-0.10213858405034157,-0.09898608899483673,3.5020300018955943,3.8869611632362004,6.0911571979522705,-0.8635915631267224,-1.7746707066148784,0.040873164505652815,0.04087341206864137
research_sigma_high,166.0,5.918128695880075,3.496858312315912,1.9920000000000015,5.656882282670971,1.1111434600070889,8.22059196122063,4.7237336489047195,-0.6040266167365218,1.9145039904869885,0.38018157416049814,-0.20220777143871427,0.07456928269149661,0.892552966619823,0.46830876248709613,0.3422967160423981,0.393313358967408,0.36814503784510694,2.60838814547526e-07,3.1230471053689257e-07,3.888125943429799e-08,0.12976417828834236,0.03376639162394468,0.18126244803293323,0.16926244803293322,0.06275715198110432,0.008467696648051248,0.23033466194193508,0.040027838941296065,0.022663206512225895,0.06269104545352196,0.0719895123647186,0.07779027756296103,-0.11003759940377766,-0.1065052960518289,-0.11001556559332963,0.003532303351948752,-0.11001556559332963,-0.10648326224138088,3.664882282670969,4.0036247053930865,6.306087970733643,-0.9842081908970199,-1.6118184258395034,0.043748008232523894,0.04374814407072458
research_sigma_high,167.0,6.052693499760064,3.531326148819703,2.0040000000000013,5.844554897961462,1.1763494137112582,8.457657365040099,4.926331216220396,-0.5467662532765516,1.9227662365000602,0.5678541894509896,-0.0828142456318024,0.07802185858548148,0.9041491250448606,0.48457265171284764,0.3409696001337548,0.39922756683103416,0.36223082998148076,-4.70963640530897e-07,-3.2117472015258386e-08,-4.0108620313894505e-09,0.13956911532979105,0.03520293011343426,0.19491614915657518,0.18291614915657517,0.06798241978095187,0.008017630008336663,0.24471184673654722,0.04341199015607995,0.0244918972251922,0.06790388738127215,0.06422008621994342,0.06965467328912549,-0.11891609936728642,-0.11493372937562318,-0.11889270497666123,0.003982369991663338,-0.11889270497666123,-0.11491033498499789,3.8405548979614608,4.129927263260004,6.534891128540039,-1.1146204427275412,-1.4361458105490117,0.04695122948038244,0.04695130959467142
research_sigma_high,168.0,6.197713672934885,3.5673388757949116,2.0160000000000013,6.046714580984121,1.2471082995689926,8.710015654693725,5.142676778898814,-0.4861241577757571,1.9305392505036618,0.7700138724736485,0.04765456216079422,0.08191082219040252,0.9152957468512902,0.5022574363408481,0.3396939311936857,0.4049313217888084,0.3565270750237065,3.7931905794152954e-07,1.5207613235368456e-07,1.90091290486194e-08,0.1507164453829909,0.03686401345501179,0.21041591653585723,0.19841591653585722,0.07393314349008329,0.007478172973143349,0.2611266328844897,0.04726862989524969,0.02656980636097803,0.07383843625622773,0.056751849609635543,0.06181518199031131,-0.1290046000726306,-0.12448277304577382,-0.1289796425290196,0.004521827026856651,-0.1289796425290196,-0.12445781550216296,4.030714580984119,4.267174422431223,6.7794764041900635,-1.2561380302494056,-1.2459861275263528,0.05054958649014174,0.050549629555690645
research_sigma_high,169.0,6.35466921464648,3.6051470729125095,2.0280000000000014,6.265386731033177,1.3242157006914248,8.979910630809078,5.374763557896569,-0.4216670802962681,1.9377225824463469,0.9886860225227041,0.19105312894157933,0.08632232011735014,0.9259467523201517,0.5215210308675622,0.3384749827900271,0.4103999228402803,0.3510584739722346,-4.195745550994445e-07,-1.1824856982478593e-07,-1.4753687604951438e-08,0.16349422879696235,0.038804348540066126,0.22816388740491478,0.21616388740491477,0.08076917754224522,0.006823491390214764,0.28003598385618744,0.051701343344226706,0.028952180743880673,0.08065352408810739,0.04961567594549838,0.05430325927614964,-0.1405712184724548,-0.13539470986266955,-0.1405445667178674,0.005176508609785236,-0.1405445667178674,-0.13536805810808214,4.237386731033175,4.4169466322001325,7.042188048362731,-1.4103531028189722,-1.0393139774772973,0.05462542753981192,0.05462553232042433
research_sigma_high,170.0,6.525369786242082,3.6450649000003588,2.0400000000000014,6.5030423557939505,1.408646654653483,9.2700876224061,5.625022722405742,-0.35287330269613326,1.9441862332840913,1.226341647283478,0.34968807625964615,0.09136678193907152,0.9360549975165294,0.5425389825105817,0.3373181502842194,0.4156051478067778,0.3458532490057371,7.519405760270104e-07,-5.748509246394917e-08,-7.1336250240250365e-09,0.17827815285794468,0.04109747988421553,0.2486965048134131,0.2366965048134131,0.08870331600187331,0.00601706579439254,0.30205247476808683,0.05684615873097221,0.03171317630355849,0.0885593350345307,0.04284315166392528,0.0471512055825505,-0.15397612301714703,-0.14799318881153978,-0.15394745778426458,0.00598293420560746,-0.15394745778426458,-0.1479645235786571,4.463042355793949,4.58118355295799,7.325901389122009,-1.5792149499796113,-0.8136583527165233,0.05929041031114668,0.059289872809666466
research_sigma_high,171.0,6.712062344176713,3.6874931150364754,2.0520000000000014,6.762779740660003,1.5016223326951714,9.584015580345252,5.896522465308776,-0.2790862596739747,1.949756714035132,1.4860790321495303,0.526499473908955,0.09719011602478972,0.945574534962025,0.5655071468610628,0.3362286921099016,0.4205225075359741,0.34093588927654084,-4.586291431074585e-07,9.567543906019438e-07,1.1754149686904469e-07,0.1955767881468804,0.04384506004071413,0.2727398692047247,0.2607398692047247,0.0980242828884681,0.005006735567419929,0.3280063917678291,0.06288811735122196,0.034953650799525955,0.09784176815074791,0.03646506157544322,0.04039063176278262,-0.16970885074883668,-0.1627155863162566,-0.16967791650255326,0.0069932644325800715,-0.16967791650255326,-0.16268465206997318,4.710779740660001,4.762305630141581,7.63425886631012,-1.765165291823505,-0.5659209678504711,0.06469169211801806,0.0646913034277885
research_sigma_high,172.0,6.91759089152363,3.73295369416625,2.0640000000000014,7.0485220942034,1.6046952204304192,9.926100405941758,6.193146711775508,-0.19948991846009712,1.9541997044189312,1.7718213856929275,0.7252704461952737,0.10398694480307209,0.9544593344011847,0.5906411396299793,0.33521187617408665,0.4251235772054608,0.33633481960705414,6.751406003147054e-07,7.19895366652068e-07,8.702965959006548e-08,0.2160870436980175,0.047190744933589504,0.3013089441374275,0.28930894413742747,0.10913604162006474,0.00371453702187019,0.3590616339418835,0.07008292720312861,0.03881547602398879,0.10889840322711741,0.030512245951206256,0.034053349752253555,-0.18845836549549277,-0.18017290251736284,-0.18842464089314956,0.00828546297812981,-0.18842464089314956,-0.18013917791501974,4.984522094203399,4.9633911871046985,7.971900701522827,-1.9713113041530246,-0.2921786143070739,0.07103651749824968,0.071036860897298
research_sigma_high,173.0,7.145634559602252,3.7821430014380457,2.0760000000000014,7.365397628934858,1.719894415935301,10.302138848229019,6.519995846790973,-0.11301322467747532,1.9571857880788723,2.0886969204243853,0.9510149628747109,0.1120272398090665,0.9626655900312966,0.6181765728648707,0.33427271580752943,0.42938480440127685,0.33207359241123807,-1.4597731246013268e-07,2.6995629376358465e-07,3.1859472726658566e-08,0.2408057021186924,0.05134494895076337,0.3358686435739,0.3238686435739,0.12262270636570716,0.0020198831201706513,0.39690274091970057,0.07879932026951218,0.04350492705285931,0.1223042473223715,0.02501405467903128,0.028169844617364964,-0.2112260540880222,-0.20124593720819295,-0.21118896627601616,0.009980116879829349,-0.21118896627601616,-0.2012088493961868,5.289397628934856,5.18844877152338,8.344953060150146,-2.2017101451018606,0.012696920424383862,0.07862326046239465,0.07862323084248568
research_sigma_high,174.0,7.401086046997783,3.8360176231858043,2.0880000000000014,7.7202593813512,1.8499406331618335,10.71990588778116,6.883888264595355,-0.018243397535307793,1.9582394706592725,2.4435586728407275,1.210516151177186,0.12169426580796672,0.9701509334483195,0.6483653928677631,0.3334160598386924,0.43327999650881904,0.3281784003036959,7.26496493186346e-07,7.791351848140948e-07,8.881662849624661e-08,0.2712005257410647,0.05662700454526366,0.37861540429485707,0.36661540429485706,0.1393629167678332,-0.0002717932730464945,0.44406026992504355,0.08958586527465669,0.04933347120542488,0.13891933648008156,0.01999887458962594,0.022769832657443832,-0.23952428080007016,-0.22725248752702365,-0.2394828699292471,0.012271793273046495,-0.2394828699292471,-0.2272110766562006,5.632259381351199,5.4428465763385105,8.761666417121887,-2.4618020703760353,0.35555867284072606,0.08788940152828406,0.08788957075919068
research_sigma_high,175.0,7.690672275619897,3.8959390928139603,2.1000000000000014,8.122628437524572,1.9986202494709673,11.190259388079106,7.294320295265146,0.08676557837909282,1.9566422015327793,2.8459277290140994,1.5132855656534552,0.13355599890762013,0.9768760966618593,0.6814713673975359,0.33264640227092057,0.4367876441039132,0.32467075270860174,-1.2153095463318664e-07,-6.850551947934491e-08,-7.435182913795302e-09,0.3095482730412147,0.06354572374004376,0.43301473054607076,0.42101473054607075,0.1607485163322674,-0.0034942878718355885,0.5045375572209378,0.1033040451013066,0.05679696564317502,0.16010101074448163,0.015493015236554294,0.017881150099742494,-0.2757605020856395,-0.26026621421380347,-0.27571342545230604,0.015494287871835589,-0.27571342545230604,-0.26021913758047044,6.02262843752457,5.7340300740871175,9.233617186546326,-2.7591621506350066,0.745927729014098,0.09951740417528354,0.09951769788153597
research_sigma_high,176.0,8.024048094906332,3.963934167777406,2.1120000000000014,8.586288842443341,2.1714376658263683,11.728981002223035,7.765046834445629,0.2047914108152593,1.9512508949156013,3.309588133932869,1.8731942846038154,0.14849431724459994,0.9828047606440431,0.717756287622915,0.33196789961518175,0.4398849744294457,0.32157342238306924,5.948821195644882e-07,1.917226795100646e-07,1.9419801433606665e-08,0.3595803226056131,0.07296065716851416,0.5048928524553178,0.4928928524553178,0.1891333046776651,-0.008263309363177429,0.5850815578662836,0.12138839854970089,0.06673738055814737,0.18812577910784828,0.011520810368491124,0.013529927752461687,-0.3240228571408301,-0.3037595477776529,-0.3239678667871233,0.02026330936317743,-0.3239678667871233,-0.30370455742394586,6.47428884244334,6.072797199990731,9.777730107307434,-3.1047967231176097,1.1975881339328676,0.11462641250724481,0.11462624309998759
research_sigma_high,177.0,8.415870481782335,4.043200498982485,2.1240000000000014,9.132414142435207,2.3768868588262975,12.360422503811673,8.317222004829187,0.34001840339358247,1.9401155828064245,3.855713433924735,2.311636233770784,0.16796803314106873,0.9879046492312684,0.7574607755270953,0.3313842456990882,0.44255428787056506,0.31890410894194987,-2.659133100380018e-07,2.703089947431181e-07,2.4829767242273704e-08,0.4279164589632053,0.08644220273831082,0.6049162043753293,0.5929162043753293,0.22886181018163043,-0.015831823648412957,0.6980783388004701,0.14643693326183402,0.08071482485280028,0.22715175811463428,0.00810388501505016,0.009739872189819542,-0.39188621784211186,-0.3640543941936989,-0.39181953812038983,0.027831823648412957,-0.39181953812038983,-0.36398771447197686,7.008414142435206,6.475754898975911,10.420306921005249,-3.5156950305311527,1.7317134339247335,0.13519254225353416,0.13519258401206846
research_sigma_high,178.0,8.890161716131768,4.139197453265147,2.1360000000000015,9.796121251194,2.629161286189629,13.125137679823975,8.985940226558828,0.49917649532232766,1.9195872476187754,4.519420542683528,2.8641516798265236,0.19459719866609118,0.992147278746704,0.8007650521776926,0.33089870032121055,0.4447775432423412,0.3166808535701737,-6.896767335007326e-08,1.0820561069380119e-07,8.631582448792585e-09,0.5275828062615862,0.10717993213709723,0.6637071087587927,0.6517071087587927,0.2522744273633317,-0.02052833518764907,0.7647151760123023,0.18087667667824764,0.08916105879713941,0.27003773547538706,0.005261323239708284,0.006532536553131521,-0.43196101658311115,-0.39943268139546095,-0.4328206737725216,0.03252833518764907,-0.4328206737725216,-0.4002923385848725,7.660121251193999,6.970574468512993,11.2055504322052,-4.0202440473612,2.383420542683526,0.14715809192874518,0.14715825403212923
